ID,FECHA,ESTATUS,TRANSPORTADORA,GUIA,DEPARTAMENTO,CIUDAD DE DESTINO,TOTAL DE LA ORDEN,PRECIO FLETE,DIAS DE TRANSITO
74042311,2026-05-07,EN REEXPEDICION,ENVIA,240051562311,NARIÑO,PASTO,94600,43319,1
74041397,2026-05-06,ENTREGADO,ENVIA,240051561397,RISARALDA,PEREIRA,96900,11507,1
74040177,2026-05-01,ENTREGADO,COORDINADORA,240051560177,MAGDALENA,SANTA MARTA,76200,12480,2
74040241,2026-05-10,ENTREGADO,ENVIA,240051560241,RISARALDA,PEREIRA,48500,17926,2
74041647,2026-05-10,ENTREGADO,ENVIA,240051561647,ANTIOQUIA,MEDELLIN,95300,19892,1
74041746,2026-04-28,DEVOLUCION,INTERRAPIDISIMO,240051561746,TOLIMA,IBAGUE,53200,16974,6
74041403,2026-05-01,ENTREGADO,INTERRAPIDISIMO,240051561403,MAGDALENA,SANTA MARTA,73500,13005,0
74041832,2026-05-05,DEVOLUCION,ENVIA,240051561832,HUILA,NEIVA,57200,15364,11
74041915,2026-05-09,DEVOLUCION,INTERRAPIDISIMO,240051561915,CUNDINAMARCA,BOGOTA,71800,13880,9
74040062,2026-05-06,ENTREGADO,TCC,240051560062,CUNDINAMARCA,BOGOTA,91400,14955,0
74042100,2026-05-01,INTENTO DE ENTREGA,ENVIA,240051562100,SANTANDER,BUCARAMANGA,52000,12448,1
74041238,2026-05-08,ENTREGADO,TCC,240051561238,VALLE DEL CAUCA,CALI,55100,17576,2
74041291,2026-05-10,ENTREGADO,SERVIENTREGA,240051561291,MAGDALENA,SANTA MARTA,84900,14560,1
74040111,2026-05-06,ENTREGADO,ENVIA,240051560111,ATLANTICO,BARRANQUILLA,87000,13210,0
74042292,2026-05-06,EN BODEGA ORIGEN,COORDINADORA,240051562292,RISARALDA,PEREIRA,95700,23910,2
74040792,2026-05-05,ENTREGADO,TCC,240051560792,VALLE DEL CAUCA,CALI,72100,17127,0
74040639,2026-05-05,ENTREGADO,ENVIA,240051560639,TOLIMA,IBAGUE,99500,12430,2
74042313,2026-05-09,EN PROCESAMIENTO,SERVIENTREGA,240051562313,NARIÑO,PASTO,81000,16770,1
74042316,2026-05-10,CITA PROGRAMADA,ENVIA,240051562316,ATLANTICO,BARRANQUILLA,60200,39114,3
74041820,2026-05-04,DEVOLUCION,SERVIENTREGA,240051561820,BOLIVAR,CARTAGENA,87800,18551,10
74041480,2026-05-07,ENTREGADO,COORDINADORA,240051561480,SANTANDER,BUCARAMANGA,90400,21735,0
74041431,2026-05-11,ENTREGADO,TCC,240051561431,VALLE DEL CAUCA,CALI,65600,16878,1
74040201,2026-05-03,ENTREGADO,COORDINADORA,240051560201,SANTANDER,BUCARAMANGA,71600,11651,2
74040718,2026-05-09,ENTREGADO,TCC,240051560718,NARIÑO,PASTO,82500,22575,0
74042336,2026-05-06,EN BODEGA DESTINO,ENVIA,240051562336,CALDAS,MANIZALES,49700,14125,1
74041326,2026-05-05,ENTREGADO,ENVIA,240051561326,ANTIOQUIA,MEDELLIN,77500,23498,2
74040563,2026-04-29,ENTREGADO,COORDINADORA,240051560563,HUILA,NEIVA,73300,15091,2
74041071,2026-05-10,ENTREGADO,INTERRAPIDISIMO,240051561071,ANTIOQUIA,MEDELLIN,75100,21142,0
74041497,2026-05-05,ENTREGADO,SERVIENTREGA,240051561497,VALLE DEL CAUCA,CALI,49800,16803,0
74040982,2026-05-02,ENTREGADO,TCC,240051560982,ATLANTICO,BARRANQUILLA,60800,21829,2
74042135,2026-05-06,TELEMERCADEO,COORDINADORA,240051562135,CALDAS,MANIZALES,64800,20978,1
74040909,2026-04-30,ENTREGADO,SERVIENTREGA,240051560909,CORDOBA,MONTERIA,63400,13650,2
74040383,2026-05-09,ENTREGADO,TCC,240051560383,META,VILLAVICENCIO,99100,11390,2
74041145,2026-05-08,ENTREGADO,ENVIA,240051561145,CALDAS,MANIZALES,75600,20980,2
74041183,2026-05-06,ENTREGADO,COORDINADORA,240051561183,ATLANTICO,BARRANQUILLA,50600,18784,0
74042294,2026-05-07,CITA PROGRAMADA,ENVIA,240051562294,ATLANTICO,BARRANQUILLA,53400,39320,3
74040903,2026-05-13,ENTREGADO,TCC,240051560903,CUNDINAMARCA,BOGOTA,77100,16018,1
74040549,2026-05-08,ENTREGADO,COORDINADORA,240051560549,CUNDINAMARCA,BOGOTA,65500,13468,2
74040153,2026-05-02,ENTREGADO,TCC,240051560153,META,VILLAVICENCIO,61100,23645,1
74042251,2026-05-03,INTENTO DE ENTREGA,ENVIA,240051562251,CORDOBA,MONTERIA,84900,10436,2
74042241,2026-05-03,EN BODEGA ORIGEN,ENVIA,240051562241,RISARALDA,PEREIRA,90800,20103,3
74040224,2026-05-08,ENTREGADO,ENVIA,240051560224,HUILA,NEIVA,54000,12622,1
74042334,2026-05-08,CITA PROGRAMADA,INTERRAPIDISIMO,240051562334,CORDOBA,MONTERIA,61300,39109,1
74041229,2026-05-10,ENTREGADO,SERVIENTREGA,240051561229,CORDOBA,MONTERIA,54400,20646,2
74040524,2026-05-05,ENTREGADO,TCC,240051560524,CORDOBA,MONTERIA,84400,22936,2
74042045,2026-05-11,EN ESPERA DE RX,ENVIA,240051562045,BOLIVAR,CARTAGENA,57800,23685,2
74041011,2026-05-10,ENTREGADO,ENVIA,240051561011,CORDOBA,MONTERIA,45000,20498,1
74042042,2026-05-02,EN ESPERA DE RX,SERVIENTREGA,240051562042,VALLE DEL CAUCA,CALI,55800,13813,2
74042193,2026-05-04,DESPACHADA,INTERRAPIDISIMO,240051562193,MAGDALENA,SANTA MARTA,66300,18532,1
74041978,2026-05-03,NOVEDAD,ENVIA,240051561978,VALLE DEL CAUCA,CALI,92700,23465,8
74040007,2026-05-06,ENTREGADO,COORDINADORA,240051560007,VALLE DEL CAUCA,CALI,87300,11481,2
74041737,2026-05-08,DEVOLUCION,INTERRAPIDISIMO,240051561737,CUNDINAMARCA,BOGOTA,53300,11315,4
74042179,2026-05-04,DESPACHADA,ENVIA,240051562179,CORDOBA,MONTERIA,75400,17803,3
74040307,2026-05-06,ENTREGADO,ENVIA,240051560307,VALLE DEL CAUCA,CALI,96800,14020,2
74040208,2026-05-02,ENTREGADO,ENVIA,240051560208,META,VILLAVICENCIO,79000,17147,2
74041681,2026-05-10,ENTREGADO,ENVIA,240051561681,VALLE DEL CAUCA,CALI,91700,11922,2
74041535,2026-04-28,ENTREGADO,ENVIA,240051561535,SANTANDER,BUCARAMANGA,91000,20217,1
74041286,2026-05-13,ENTREGADO,ENVIA,240051561286,CUNDINAMARCA,BOGOTA,72200,23582,2
74040010,2026-05-07,ENTREGADO,ENVIA,240051560010,BOLIVAR,CARTAGENA,59400,18726,0
74040032,2026-05-11,ENTREGADO,INTERRAPIDISIMO,240051560032,META,VILLAVICENCIO,86800,16862,1
74040188,2026-05-03,ENTREGADO,COORDINADORA,240051560188,VALLE DEL CAUCA,CALI,60500,20057,2
74040915,2026-05-13,ENTREGADO,TCC,240051560915,RISARALDA,PEREIRA,52800,19680,0
74041754,2026-05-04,DEVOLUCION,TCC,240051561754,ATLANTICO,BARRANQUILLA,85400,18355,4
74041908,2026-05-03,DEVOLUCION,SERVIENTREGA,240051561908,CUNDINAMARCA,BOGOTA,63900,11719,7
74040581,2026-05-07,ENTREGADO,TCC,240051560581,SANTANDER,BUCARAMANGA,82400,13259,1
74041892,2026-05-08,DEVOLUCION,ENVIA,240051561892,CALDAS,MANIZALES,49400,18843,10
74041177,2026-05-10,ENTREGADO,ENVIA,240051561177,ANTIOQUIA,MEDELLIN,55700,14776,2
74040268,2026-05-09,ENTREGADO,COORDINADORA,240051560268,RISARALDA,PEREIRA,53400,20543,0
74040393,2026-05-11,ENTREGADO,INTERRAPIDISIMO,240051560393,CORDOBA,MONTERIA,59200,18018,1
74041711,2026-05-10,ENTREGADO,ENVIA,240051561711,RISARALDA,PEREIRA,54600,13072,1
74040514,2026-05-10,ENTREGADO,SERVIENTREGA,240051560514,CORDOBA,MONTERIA,56500,14192,0
74040399,2026-05-07,ENTREGADO,TCC,240051560399,CORDOBA,MONTERIA,67600,18944,2
74040412,2026-05-02,ENTREGADO,ENVIA,240051560412,ATLANTICO,BARRANQUILLA,81400,15963,0
74041134,2026-05-08,ENTREGADO,INTERRAPIDISIMO,240051561134,CALDAS,MANIZALES,58200,23980,1
74041334,2026-05-10,ENTREGADO,INTERRAPIDISIMO,240051561334,BOLIVAR,CARTAGENA,82500,11949,1
74040126,2026-05-05,ENTREGADO,INTERRAPIDISIMO,240051560126,SANTANDER,BUCARAMANGA,89800,21077,0
74040336,2026-05-05,ENTREGADO,INTERRAPIDISIMO,240051560336,CUNDINAMARCA,BOGOTA,45100,19250,2
74040156,2026-05-08,ENTREGADO,INTERRAPIDISIMO,240051560156,VALLE DEL CAUCA,CALI,47500,21183,0
74042303,2026-05-04,CITA PROGRAMADA,ENVIA,240051562303,NARIÑO,PASTO,59600,38155,2
74041196,2026-05-08,ENTREGADO,COORDINADORA,240051561196,TOLIMA,IBAGUE,88900,21076,1
74042291,2026-04-29,INTENTO DE ENTREGA,ENVIA,240051562291,SANTANDER,BUCARAMANGA,66900,13303,2
74040251,2026-05-12,ENTREGADO,TCC,240051560251,VALLE DEL CAUCA,CALI,94600,16309,2
74042207,2026-04-29,EN BODEGA TRANSPORTADORA,INTERRAPIDISIMO,240051562207,BOLIVAR,CARTAGENA,50000,21992,1
74042263,2026-04-30,EN REPARTO,ENVIA,240051562263,NARIÑO,PASTO,88000,14413,2
74040089,2026-05-05,ENTREGADO,SERVIENTREGA,240051560089,VALLE DEL CAUCA,CALI,63100,12051,0
74040133,2026-05-03,ENTREGADO,SERVIENTREGA,240051560133,SANTANDER,BUCARAMANGA,51500,21786,2
74041808,2026-05-03,DEVOLUCION,ENVIA,240051561808,CORDOBA,MONTERIA,91400,18846,13
74041473,2026-05-06,ENTREGADO,INTERRAPIDISIMO,240051561473,CORDOBA,MONTERIA,78700,20779,1
74040987,2026-05-03,ENTREGADO,COORDINADORA,240051560987,META,VILLAVICENCIO,67100,14325,2
74041941,2026-05-03,DEVOLUCION,INTERRAPIDISIMO,240051561941,CUNDINAMARCA,BOGOTA,90600,19559,5
74041201,2026-05-03,ENTREGADO,TCC,240051561201,ATLANTICO,BARRANQUILLA,89800,11758,2
74041065,2026-05-09,ENTREGADO,SERVIENTREGA,240051561065,BOLIVAR,CARTAGENA,47600,18387,0
74041252,2026-05-09,ENTREGADO,INTERRAPIDISIMO,240051561252,META,VILLAVICENCIO,69800,22932,0
74042256,2026-05-09,INTENTO DE ENTREGA,TCC,240051562256,SANTANDER,BUCARAMANGA,49600,19728,3
74041945,2026-05-02,DEVOLUCION,COORDINADORA,240051561945,CUNDINAMARCA,BOGOTA,88400,20856,6
74040170,2026-05-03,ENTREGADO,COORDINADORA,240051560170,ANTIOQUIA,MEDELLIN,79000,20403,1
74040551,2026-05-09,ENTREGADO,INTERRAPIDISIMO,240051560551,NARIÑO,PASTO,71000,11780,2
74040344,2026-04-30,ENTREGADO,COORDINADORA,240051560344,SANTANDER,BUCARAMANGA,60400,21268,0
74042306,2026-05-05,EN BODEGA TRANSPORTADORA,ENVIA,240051562306,META,VILLAVICENCIO,66100,11810,2
74042247,2026-05-09,EN REPARTO,ENVIA,240051562247,NARIÑO,PASTO,95100,11764,2
74042252,2026-05-11,EN REEXPEDICION,ENVIA,240051562252,TOLIMA,IBAGUE,88900,35903,3
74040429,2026-04-30,ENTREGADO,COORDINADORA,240051560429,MAGDALENA,SANTA MARTA,87600,15589,1
74040304,2026-05-12,ENTREGADO,SERVIENTREGA,240051560304,TOLIMA,IBAGUE,75700,21469,1
74040638,2026-04-30,ENTREGADO,SERVIENTREGA,240051560638,RISARALDA,PEREIRA,47800,15163,2
74041116,2026-05-05,ENTREGADO,COORDINADORA,240051561116,CALDAS,MANIZALES,81600,14662,2
74041109,2026-05-12,ENTREGADO,COORDINADORA,240051561109,CORDOBA,MONTERIA,84900,16622,2
74040444,2026-05-04,ENTREGADO,COORDINADORA,240051560444,ANTIOQUIA,MEDELLIN,87400,13389,0
74042020,2026-05-10,RECLAME EN OFICINA,ENVIA,240051562020,RISARALDA,PEREIRA,68900,22251,2
74041613,2026-04-30,ENTREGADO,COORDINADORA,240051561613,NARIÑO,PASTO,92600,20373,1
74040493,2026-05-14,ENTREGADO,TCC,240051560493,BOLIVAR,CARTAGENA,99500,13778,1
74040329,2026-05-11,ENTREGADO,SERVIENTREGA,240051560329,VALLE DEL CAUCA,CALI,71600,14394,0
74040780,2026-05-06,ENTREGADO,TCC,240051560780,RISARALDA,PEREIRA,61900,17009,0
74041429,2026-05-09,ENTREGADO,SERVIENTREGA,240051561429,SANTANDER,BUCARAMANGA,98200,14750,0
74040496,2026-05-06,ENTREGADO,ENVIA,240051560496,TOLIMA,IBAGUE,59200,18979,0
74040186,2026-05-11,ENTREGADO,INTERRAPIDISIMO,240051560186,NARIÑO,PASTO,82100,10046,0
74041727,2026-05-10,ENTREGADO,ENVIA,240051561727,ANTIOQUIA,MEDELLIN,99300,11824,0
74041302,2026-05-03,ENTREGADO,ENVIA,240051561302,CALDAS,MANIZALES,75200,12425,0
74040209,2026-05-04,ENTREGADO,INTERRAPIDISIMO,240051560209,META,VILLAVICENCIO,59200,21969,0
74041757,2026-05-01,DEVOLUCION,ENVIA,240051561757,CUNDINAMARCA,BOGOTA,52800,13231,8
74042199,2026-05-02,EN REEXPEDICION,ENVIA,240051562199,TOLIMA,IBAGUE,76800,42877,1
74041553,2026-05-05,ENTREGADO,ENVIA,240051561553,ANTIOQUIA,MEDELLIN,52500,15793,2
74040803,2026-05-08,ENTREGADO,ENVIA,240051560803,CORDOBA,MONTERIA,92700,12545,0
74042176,2026-05-04,CITA PROGRAMADA,COORDINADORA,240051562176,BOLIVAR,CARTAGENA,86600,42988,2
74040471,2026-05-03,ENTREGADO,ENVIA,240051560471,META,VILLAVICENCIO,77500,13432,0
74042196,2026-05-04,INTENTO DE ENTREGA,TCC,240051562196,VALLE DEL CAUCA,CALI,73000,13088,1
74040386,2026-04-28,ENTREGADO,COORDINADORA,240051560386,ANTIOQUIA,MEDELLIN,98900,10555,0
74041368,2026-05-07,ENTREGADO,COORDINADORA,240051561368,SANTANDER,BUCARAMANGA,91700,20245,1
74042085,2026-05-14,EN BODEGA DESTINO,ENVIA,240051562085,HUILA,NEIVA,93300,16816,3
74041352,2026-04-30,ENTREGADO,TCC,240051561352,META,VILLAVICENCIO,78200,10617,0
74042155,2026-05-07,DESPACHADA,ENVIA,240051562155,TOLIMA,IBAGUE,53000,17407,2
74041529,2026-05-06,ENTREGADO,SERVIENTREGA,240051561529,NARIÑO,PASTO,56900,12286,0
74041516,2026-05-07,ENTREGADO,TCC,240051561516,ATLANTICO,BARRANQUILLA,55600,17363,1
74040261,2026-05-07,ENTREGADO,ENVIA,240051560261,RISARALDA,PEREIRA,90300,21555,2
74042259,2026-05-12,EN BODEGA TRANSPORTADORA,SERVIENTREGA,240051562259,VALLE DEL CAUCA,CALI,77600,10947,3
74040994,2026-05-05,ENTREGADO,INTERRAPIDISIMO,240051560994,TOLIMA,IBAGUE,53000,10754,2
74041946,2026-05-02,DEVOLUCION,INTERRAPIDISIMO,240051561946,SANTANDER,BUCARAMANGA,62900,21408,9
74040388,2026-05-08,ENTREGADO,SERVIENTREGA,240051560388,BOLIVAR,CARTAGENA,72700,23614,1
74041772,2026-05-05,DEVOLUCION,TCC,240051561772,TOLIMA,IBAGUE,67800,21268,6
74040941,2026-05-13,ENTREGADO,TCC,240051560941,CALDAS,MANIZALES,51600,11306,0
74041067,2026-05-10,ENTREGADO,ENVIA,240051561067,CUNDINAMARCA,BOGOTA,86800,16592,2
74040346,2026-05-05,ENTREGADO,ENVIA,240051560346,VALLE DEL CAUCA,CALI,70100,19079,0
74040894,2026-05-14,ENTREGADO,SERVIENTREGA,240051560894,ATLANTICO,BARRANQUILLA,56500,23916,1
74040400,2026-05-03,ENTREGADO,INTERRAPIDISIMO,240051560400,VALLE DEL CAUCA,CALI,58200,21291,0
74041174,2026-05-07,ENTREGADO,ENVIA,240051561174,MAGDALENA,SANTA MARTA,77500,15485,0
74041030,2026-05-09,ENTREGADO,SERVIENTREGA,240051561030,SANTANDER,BUCARAMANGA,99400,14119,1
74040808,2026-05-07,ENTREGADO,INTERRAPIDISIMO,240051560808,RISARALDA,PEREIRA,53800,12731,0
74041461,2026-05-09,ENTREGADO,TCC,240051561461,BOLIVAR,CARTAGENA,64300,23009,1
74040345,2026-05-02,ENTREGADO,COORDINADORA,240051560345,HUILA,NEIVA,74700,20737,0
74040657,2026-05-11,ENTREGADO,ENVIA,240051560657,CUNDINAMARCA,BOGOTA,86800,16751,0
74041949,2026-05-11,DEVOLUCION,TCC,240051561949,ATLANTICO,BARRANQUILLA,95200,14009,9
74041014,2026-05-02,ENTREGADO,COORDINADORA,240051561014,ANTIOQUIA,MEDELLIN,81700,12466,1
74041313,2026-05-07,ENTREGADO,ENVIA,240051561313,ATLANTICO,BARRANQUILLA,99600,23242,2
74040377,2026-04-30,ENTREGADO,ENVIA,240051560377,VALLE DEL CAUCA,CALI,69100,14720,0
74041866,2026-05-06,DEVOLUCION,ENVIA,240051561866,CUNDINAMARCA,BOGOTA,86100,15486,8
74042144,2026-05-10,EN BODEGA DESTINO,ENVIA,240051562144,BOLIVAR,CARTAGENA,73600,19971,1
74040380,2026-05-10,ENTREGADO,SERVIENTREGA,240051560380,META,VILLAVICENCIO,60800,19496,0
74041400,2026-05-02,ENTREGADO,SERVIENTREGA,240051561400,TOLIMA,IBAGUE,63300,22538,2
74042276,2026-05-02,EN BODEGA TRANSPORTADORA,ENVIA,240051562276,RISARALDA,PEREIRA,92100,19260,2
74040312,2026-05-11,ENTREGADO,INTERRAPIDISIMO,240051560312,NARIÑO,PASTO,71300,10947,1
74040743,2026-05-02,ENTREGADO,INTERRAPIDISIMO,240051560743,TOLIMA,IBAGUE,72200,12628,0
74040727,2026-05-12,ENTREGADO,SERVIENTREGA,240051560727,ANTIOQUIA,MEDELLIN,64900,16696,1
74042308,2026-04-28,EN REPARTO,ENVIA,240051562308,SANTANDER,BUCARAMANGA,99300,21712,2
74040419,2026-05-05,ENTREGADO,SERVIENTREGA,240051560419,CORDOBA,MONTERIA,55300,19416,1
74041407,2026-05-06,ENTREGADO,INTERRAPIDISIMO,240051561407,NARIÑO,PASTO,52000,10627,0
74042043,2026-05-06,EN ESPERA DE RX,ENVIA,240051562043,ATLANTICO,BARRANQUILLA,76800,14886,12
74040975,2026-05-07,ENTREGADO,COORDINADORA,240051560975,NARIÑO,PASTO,68200,12302,0
74041657,2026-05-05,ENTREGADO,INTERRAPIDISIMO,240051561657,VALLE DEL CAUCA,CALI,85600,23895,2
74041932,2026-05-11,DEVOLUCION,TCC,240051561932,CORDOBA,MONTERIA,59200,16323,11
74041113,2026-05-08,ENTREGADO,ENVIA,240051561113,HUILA,NEIVA,67900,13929,0
74041970,2026-05-03,NOVEDAD,TCC,240051561970,HUILA,NEIVA,77700,16077,4
74041095,2026-04-28,ENTREGADO,INTERRAPIDISIMO,240051561095,BOLIVAR,CARTAGENA,51500,10649,1
74041602,2026-05-06,ENTREGADO,SERVIENTREGA,240051561602,NARIÑO,PASTO,52200,21162,0
74041987,2026-05-06,RECLAME EN OFICINA,SERVIENTREGA,240051561987,META,VILLAVICENCIO,53200,22871,1
74042024,2026-05-01,EN ESPERA DE RX,TCC,240051562024,MAGDALENA,SANTA MARTA,94800,16654,14
74040302,2026-05-09,ENTREGADO,COORDINADORA,240051560302,CUNDINAMARCA,BOGOTA,74500,23858,0
74040785,2026-05-07,ENTREGADO,INTERRAPIDISIMO,240051560785,MAGDALENA,SANTA MARTA,93600,13894,2
74040119,2026-05-13,ENTREGADO,INTERRAPIDISIMO,240051560119,TOLIMA,IBAGUE,85200,20841,0
74041176,2026-05-06,ENTREGADO,TCC,240051561176,MAGDALENA,SANTA MARTA,51400,23262,2
74041871,2026-05-13,DEVOLUCION,SERVIENTREGA,240051561871,ATLANTICO,BARRANQUILLA,61100,23532,3
74040752,2026-05-01,ENTREGADO,SERVIENTREGA,240051560752,CALDAS,MANIZALES,98800,17070,2
74040164,2026-05-07,ENTREGADO,INTERRAPIDISIMO,240051560164,META,VILLAVICENCIO,70600,14938,1
74041363,2026-05-06,ENTREGADO,COORDINADORA,240051561363,VALLE DEL CAUCA,CALI,77400,19611,2
74041622,2026-05-10,ENTREGADO,SERVIENTREGA,240051561622,META,VILLAVICENCIO,85000,13630,1
74040875,2026-05-05,ENTREGADO,INTERRAPIDISIMO,240051560875,RISARALDA,PEREIRA,81500,21978,0
74040683,2026-04-30,ENTREGADO,INTERRAPIDISIMO,240051560683,RISARALDA,PEREIRA,79400,13171,0
74041013,2026-05-08,ENTREGADO,TCC,240051561013,CORDOBA,MONTERIA,88000,11232,1
74041731,2026-05-04,ENTREGADO,INTERRAPIDISIMO,240051561731,BOLIVAR,CARTAGENA,52200,13167,1
74040083,2026-05-08,ENTREGADO,COORDINADORA,240051560083,BOLIVAR,CARTAGENA,60500,22261,1
74041144,2026-05-08,ENTREGADO,TCC,240051561144,ANTIOQUIA,MEDELLIN,92000,10837,1
74041777,2026-04-29,DEVOLUCION,ENVIA,240051561777,CALDAS,MANIZALES,69100,18423,2
74040037,2026-05-06,ENTREGADO,INTERRAPIDISIMO,240051560037,ANTIOQUIA,MEDELLIN,97800,12510,1
74040964,2026-05-01,ENTREGADO,COORDINADORA,240051560964,ATLANTICO,BARRANQUILLA,57600,13478,1
74041343,2026-05-05,ENTREGADO,SERVIENTREGA,240051561343,VALLE DEL CAUCA,CALI,70300,13839,1
74041959,2026-05-05,DEVOLUCION,ENVIA,240051561959,CUNDINAMARCA,BOGOTA,47500,13386,9
74040519,2026-05-07,ENTREGADO,TCC,240051560519,RISARALDA,PEREIRA,63300,18675,2
74040809,2026-05-05,ENTREGADO,ENVIA,240051560809,HUILA,NEIVA,74700,21733,0
74040986,2026-05-05,ENTREGADO,INTERRAPIDISIMO,240051560986,TOLIMA,IBAGUE,86500,16012,1
74040249,2026-05-06,ENTREGADO,TCC,240051560249,META,VILLAVICENCIO,73700,18501,1
74040359,2026-05-09,ENTREGADO,INTERRAPIDISIMO,240051560359,CORDOBA,MONTERIA,68800,21134,1
74042031,2026-05-10,EN ESPERA DE RX,ENVIA,240051562031,CUNDINAMARCA,BOGOTA,95900,10047,6
74040161,2026-05-05,ENTREGADO,TCC,240051560161,HUILA,NEIVA,81200,13682,2
74042210,2026-05-02,EN BODEGA DESTINO,ENVIA,240051562210,RISARALDA,PEREIRA,89900,21517,1
74042142,2026-05-08,EN BODEGA TRANSPORTADORA,ENVIA,240051562142,RISARALDA,PEREIRA,94000,20030,1
74041234,2026-05-06,ENTREGADO,ENVIA,240051561234,TOLIMA,IBAGUE,99800,11356,0
74040432,2026-05-09,ENTREGADO,TCC,240051560432,META,VILLAVICENCIO,78100,10265,0
74040885,2026-05-03,ENTREGADO,INTERRAPIDISIMO,240051560885,TOLIMA,IBAGUE,71700,23403,2
74041774,2026-05-04,DEVOLUCION,COORDINADORA,240051561774,HUILA,NEIVA,62400,18708,10
74041197,2026-05-02,ENTREGADO,INTERRAPIDISIMO,240051561197,NARIÑO,PASTO,70000,15373,1
74041689,2026-05-09,ENTREGADO,SERVIENTREGA,240051561689,NARIÑO,PASTO,73100,23314,1
74040402,2026-05-04,ENTREGADO,SERVIENTREGA,240051560402,HUILA,NEIVA,87200,12747,1
74041735,2026-05-11,DEVOLUCION,ENVIA,240051561735,CUNDINAMARCA,BOGOTA,45300,10733,14
74041023,2026-05-05,ENTREGADO,ENVIA,240051561023,TOLIMA,IBAGUE,90600,12522,1
74040525,2026-05-04,ENTREGADO,ENVIA,240051560525,MAGDALENA,SANTA MARTA,74500,21891,1
74041641,2026-05-07,ENTREGADO,ENVIA,240051561641,VALLE DEL CAUCA,CALI,71500,15837,1
74041222,2026-05-05,ENTREGADO,COORDINADORA,240051561222,TOLIMA,IBAGUE,72100,17694,0
74042243,2026-05-10,INTENTO DE ENTREGA,ENVIA,240051562243,VALLE DEL CAUCA,CALI,73300,18649,3
74040692,2026-05-04,ENTREGADO,SERVIENTREGA,240051560692,CUNDINAMARCA,BOGOTA,88600,21892,1
74040979,2026-05-06,ENTREGADO,ENVIA,240051560979,ATLANTICO,BARRANQUILLA,66900,13321,0
74040596,2026-05-02,ENTREGADO,COORDINADORA,240051560596,BOLIVAR,CARTAGENA,55200,17385,0
74040686,2026-05-09,ENTREGADO,ENVIA,240051560686,CORDOBA,MONTERIA,82000,11670,0
74040165,2026-05-11,ENTREGADO,TCC,240051560165,VALLE DEL CAUCA,CALI,89500,21995,0
74041840,2026-05-02,DEVOLUCION,SERVIENTREGA,240051561840,CUNDINAMARCA,BOGOTA,99100,13417,9
74040137,2026-05-02,ENTREGADO,COORDINADORA,240051560137,ANTIOQUIA,MEDELLIN,47800,15733,0
74041359,2026-04-29,ENTREGADO,ENVIA,240051561359,MAGDALENA,SANTA MARTA,81600,22731,1
74040469,2026-05-05,ENTREGADO,COORDINADORA,240051560469,NARIÑO,PASTO,73400,13948,2
74041032,2026-05-07,ENTREGADO,COORDINADORA,240051561032,RISARALDA,PEREIRA,87000,19822,2
74040907,2026-05-09,ENTREGADO,INTERRAPIDISIMO,240051560907,NARIÑO,PASTO,83400,15873,0
74041141,2026-05-04,ENTREGADO,COORDINADORA,240051561141,VALLE DEL CAUCA,CALI,77800,16019,2
74041253,2026-05-04,ENTREGADO,ENVIA,240051561253,NARIÑO,PASTO,79400,23560,2
74041806,2026-04-28,DEVOLUCION,TCC,240051561806,CORDOBA,MONTERIA,87300,23608,6
74040502,2026-05-09,ENTREGADO,TCC,240051560502,ANTIOQUIA,MEDELLIN,70600,12272,1
74042228,2026-05-08,EN REPARTO,TCC,240051562228,ANTIOQUIA,MEDELLIN,51800,15817,3
74041933,2026-05-07,DEVOLUCION,ENVIA,240051561933,HUILA,NEIVA,91100,15890,12
74042184,2026-04-30,TELEMERCADEO,COORDINADORA,240051562184,NARIÑO,PASTO,74400,20827,3
74040427,2026-04-30,ENTREGADO,INTERRAPIDISIMO,240051560427,VALLE DEL CAUCA,CALI,81600,10421,1
74040424,2026-04-28,ENTREGADO,ENVIA,240051560424,META,VILLAVICENCIO,45200,18866,2
74041365,2026-04-29,ENTREGADO,INTERRAPIDISIMO,240051561365,NARIÑO,PASTO,93400,22072,2
74041575,2026-05-09,ENTREGADO,INTERRAPIDISIMO,240051561575,META,VILLAVICENCIO,86400,15320,1
74042325,2026-05-08,EN REPARTO,ENVIA,240051562325,ANTIOQUIA,MEDELLIN,50400,20083,2
74042260,2026-05-04,EN BODEGA TRANSPORTADORA,ENVIA,240051562260,VALLE DEL CAUCA,CALI,70900,21497,3
74042200,2026-05-08,INTENTO DE ENTREGA,TCC,240051562200,CALDAS,MANIZALES,56000,21241,3
74041648,2026-05-08,ENTREGADO,COORDINADORA,240051561648,SANTANDER,BUCARAMANGA,54200,18003,0
74040257,2026-05-04,ENTREGADO,ENVIA,240051560257,CALDAS,MANIZALES,73200,15251,0
74041718,2026-05-05,ENTREGADO,COORDINADORA,240051561718,VALLE DEL CAUCA,CALI,75800,12204,0
74040881,2026-05-08,ENTREGADO,ENVIA,240051560881,CUNDINAMARCA,BOGOTA,57800,19599,2
74040766,2026-05-09,ENTREGADO,TCC,240051560766,TOLIMA,IBAGUE,63400,19838,2
74040900,2026-05-04,ENTREGADO,SERVIENTREGA,240051560900,VALLE DEL CAUCA,CALI,98100,13821,0
74042189,2026-05-06,EN BODEGA DESTINO,ENVIA,240051562189,RISARALDA,PEREIRA,98700,11063,2
74041182,2026-05-05,ENTREGADO,SERVIENTREGA,240051561182,CORDOBA,MONTERIA,70000,19566,0
74041798,2026-05-04,DEVOLUCION,ENVIA,240051561798,MAGDALENA,SANTA MARTA,91800,18748,7
74040391,2026-05-06,ENTREGADO,SERVIENTREGA,240051560391,CALDAS,MANIZALES,60300,13129,1
74040839,2026-05-03,ENTREGADO,SERVIENTREGA,240051560839,RISARALDA,PEREIRA,60700,22143,1
74041331,2026-05-04,ENTREGADO,ENVIA,240051561331,TOLIMA,IBAGUE,84600,16086,1
74041710,2026-05-07,ENTREGADO,COORDINADORA,240051561710,VALLE DEL CAUCA,CALI,88700,19670,1
74041627,2026-05-05,ENTREGADO,SERVIENTREGA,240051561627,CUNDINAMARCA,BOGOTA,47800,11559,2
74040507,2026-05-05,ENTREGADO,ENVIA,240051560507,TOLIMA,IBAGUE,97400,16946,2
74041690,2026-05-09,ENTREGADO,SERVIENTREGA,240051561690,RISARALDA,PEREIRA,67300,21865,2
74041715,2026-05-07,ENTREGADO,SERVIENTREGA,240051561715,TOLIMA,IBAGUE,71200,15360,1
74040911,2026-04-30,ENTREGADO,SERVIENTREGA,240051560911,CUNDINAMARCA,BOGOTA,45100,19850,2
74040482,2026-05-13,ENTREGADO,TCC,240051560482,MAGDALENA,SANTA MARTA,54300,17373,0
74042081,2026-05-01,EN REEXPEDICION,TCC,240051562081,ANTIOQUIA,MEDELLIN,50300,38866,2
74040983,2026-05-12,ENTREGADO,TCC,240051560983,BOLIVAR,CARTAGENA,88300,19422,0
74040755,2026-05-14,ENTREGADO,TCC,240051560755,TOLIMA,IBAGUE,85900,20181,2
74042080,2026-05-09,INTENTO DE ENTREGA,ENVIA,240051562080,CUNDINAMARCA,BOGOTA,85300,16606,3
74042214,2026-05-03,INTENTO DE ENTREGA,TCC,240051562214,HUILA,NEIVA,54500,21410,2
74040189,2026-05-01,ENTREGADO,COORDINADORA,240051560189,HUILA,NEIVA,58400,20891,1
74041294,2026-05-06,ENTREGADO,TCC,240051561294,BOLIVAR,CARTAGENA,97700,12226,0
74040068,2026-05-14,ENTREGADO,SERVIENTREGA,240051560068,ANTIOQUIA,MEDELLIN,53200,16837,0
74040122,2026-05-13,ENTREGADO,SERVIENTREGA,240051560122,META,VILLAVICENCIO,58100,20378,1
74041850,2026-05-07,DEVOLUCION,INTERRAPIDISIMO,240051561850,CUNDINAMARCA,BOGOTA,63100,15237,13
74040001,2026-05-06,ENTREGADO,ENVIA,240051560001,ANTIOQUIA,MEDELLIN,46900,14413,1
74040013,2026-05-10,ENTREGADO,TCC,240051560013,MAGDALENA,SANTA MARTA,54500,14237,1
74040103,2026-05-04,ENTREGADO,ENVIA,240051560103,NARIÑO,PASTO,67800,11559,1
74041399,2026-05-06,ENTREGADO,INTERRAPIDISIMO,240051561399,MAGDALENA,SANTA MARTA,99700,14654,0
74041219,2026-05-08,ENTREGADO,ENVIA,240051561219,HUILA,NEIVA,67700,17053,1
74041523,2026-05-03,ENTREGADO,ENVIA,240051561523,RISARALDA,PEREIRA,55500,15346,2
74041405,2026-05-05,ENTREGADO,COORDINADORA,240051561405,RISARALDA,PEREIRA,69700,14216,1
74040820,2026-05-06,ENTREGADO,COORDINADORA,240051560820,META,VILLAVICENCIO,90200,11198,1
74042137,2026-05-05,EN BODEGA DESTINO,COORDINADORA,240051562137,MAGDALENA,SANTA MARTA,60800,16761,1
74041002,2026-05-06,ENTREGADO,COORDINADORA,240051561002,SANTANDER,BUCARAMANGA,71500,12628,0
74041883,2026-05-09,DEVOLUCION,TCC,240051561883,SANTANDER,BUCARAMANGA,71500,23314,14
74041000,2026-05-03,ENTREGADO,TCC,240051561000,ANTIOQUIA,MEDELLIN,77500,23944,2
74040247,2026-05-07,ENTREGADO,SERVIENTREGA,240051560247,CALDAS,MANIZALES,47600,19292,0
74040823,2026-05-08,ENTREGADO,COORDINADORA,240051560823,MAGDALENA,SANTA MARTA,72500,16029,1
74040556,2026-05-11,ENTREGADO,SERVIENTREGA,240051560556,SANTANDER,BUCARAMANGA,45800,13539,2
74040231,2026-05-04,ENTREGADO,ENVIA,240051560231,CALDAS,MANIZALES,53300,16352,1
74041909,2026-05-13,DEVOLUCION,ENVIA,240051561909,CUNDINAMARCA,BOGOTA,83800,19393,4
74040382,2026-05-14,ENTREGADO,ENVIA,240051560382,ANTIOQUIA,MEDELLIN,60500,14533,0
74041591,2026-05-09,ENTREGADO,INTERRAPIDISIMO,240051561591,BOLIVAR,CARTAGENA,97700,14147,0
74040640,2026-05-04,ENTREGADO,TCC,240051560640,VALLE DEL CAUCA,CALI,70300,19250,2
74042338,2026-05-05,EN BODEGA TRANSPORTADORA,ENVIA,240051562338,CALDAS,MANIZALES,86400,23682,2
74040044,2026-05-02,ENTREGADO,COORDINADORA,240051560044,META,VILLAVICENCIO,68900,18748,2
74041714,2026-05-07,ENTREGADO,ENVIA,240051561714,BOLIVAR,CARTAGENA,95600,11725,2
74040094,2026-05-04,ENTREGADO,INTERRAPIDISIMO,240051560094,VALLE DEL CAUCA,CALI,97600,11459,2
74040737,2026-05-14,ENTREGADO,INTERRAPIDISIMO,240051560737,HUILA,NEIVA,73700,13927,1
74040685,2026-05-05,ENTREGADO,COORDINADORA,240051560685,RISARALDA,PEREIRA,80500,22984,1
74041371,2026-05-06,ENTREGADO,TCC,240051561371,VALLE DEL CAUCA,CALI,75000,13885,2
74040793,2026-04-29,ENTREGADO,INTERRAPIDISIMO,240051560793,HUILA,NEIVA,71000,16134,1
74041781,2026-05-07,DEVOLUCION,ENVIA,240051561781,CALDAS,MANIZALES,89000,17740,9
74040293,2026-05-11,ENTREGADO,ENVIA,240051560293,RISARALDA,PEREIRA,87400,13458,1
74041440,2026-05-06,ENTREGADO,SERVIENTREGA,240051561440,NARIÑO,PASTO,47900,13515,1
74041192,2026-05-05,ENTREGADO,TCC,240051561192,MAGDALENA,SANTA MARTA,63900,15835,2
74040132,2026-05-07,ENTREGADO,COORDINADORA,240051560132,ANTIOQUIA,MEDELLIN,66300,17654,0
74041953,2026-04-30,DEVOLUCION,ENVIA,240051561953,SANTANDER,BUCARAMANGA,67800,10296,3
74041878,2026-05-07,DEVOLUCION,COORDINADORA,240051561878,META,VILLAVICENCIO,95700,12909,2
74041752,2026-05-01,DEVOLUCION,ENVIA,240051561752,BOLIVAR,CARTAGENA,55100,21218,1
74040263,2026-05-06,ENTREGADO,INTERRAPIDISIMO,240051560263,MAGDALENA,SANTA MARTA,76000,11196,0
74041939,2026-05-04,DEVOLUCION,TCC,240051561939,TOLIMA,IBAGUE,47600,21207,1
74041025,2026-05-02,ENTREGADO,SERVIENTREGA,240051561025,RISARALDA,PEREIRA,45300,21096,2
74041006,2026-05-12,ENTREGADO,COORDINADORA,240051561006,TOLIMA,IBAGUE,64800,20912,1
74041290,2026-05-11,ENTREGADO,TCC,240051561290,TOLIMA,IBAGUE,48200,13599,0
74041986,2026-05-07,EN ESPERA DE RX,COORDINADORA,240051561986,RISARALDA,PEREIRA,52000,14038,12
74040699,2026-05-04,ENTREGADO,ENVIA,240051560699,CALDAS,MANIZALES,97600,23234,2
74042285,2026-05-04,EN REEXPEDICION,COORDINADORA,240051562285,SANTANDER,BUCARAMANGA,76800,36826,1
74041651,2026-05-03,ENTREGADO,TCC,240051561651,ANTIOQUIA,MEDELLIN,50100,16859,1
74041132,2026-05-09,ENTREGADO,INTERRAPIDISIMO,240051561132,VALLE DEL CAUCA,CALI,80800,14836,2
74041254,2026-05-07,ENTREGADO,COORDINADORA,240051561254,HUILA,NEIVA,55000,19048,1
74042202,2026-04-29,EN BODEGA TRANSPORTADORA,ENVIA,240051562202,TOLIMA,IBAGUE,65600,15983,3
74040708,2026-05-03,ENTREGADO,INTERRAPIDISIMO,240051560708,NARIÑO,PASTO,62500,10793,0
74040587,2026-05-07,ENTREGADO,ENVIA,240051560587,TOLIMA,IBAGUE,94800,12906,1
74040421,2026-05-08,ENTREGADO,COORDINADORA,240051560421,CORDOBA,MONTERIA,81200,23411,0
74040759,2026-04-28,ENTREGADO,ENVIA,240051560759,SANTANDER,BUCARAMANGA,82100,18390,2
74041642,2026-05-08,ENTREGADO,ENVIA,240051561642,NARIÑO,PASTO,55300,12308,0
74042091,2026-05-12,EN BODEGA TRANSPORTADORA,ENVIA,240051562091,NARIÑO,PASTO,57600,16470,2
74041574,2026-05-05,ENTREGADO,SERVIENTREGA,240051561574,META,VILLAVICENCIO,50800,21974,1
74040682,2026-05-07,ENTREGADO,SERVIENTREGA,240051560682,ANTIOQUIA,MEDELLIN,63700,23986,2
74040617,2026-05-12,ENTREGADO,ENVIA,240051560617,CORDOBA,MONTERIA,85300,16169,1
74040888,2026-05-08,ENTREGADO,SERVIENTREGA,240051560888,TOLIMA,IBAGUE,45500,20281,1
74041872,2026-04-28,DEVOLUCION,TCC,240051561872,CUNDINAMARCA,BOGOTA,97800,14192,10
74040481,2026-05-03,ENTREGADO,COORDINADORA,240051560481,TOLIMA,IBAGUE,86500,15928,2
74041990,2026-05-03,EN ESPERA DE RX,TCC,240051561990,BOLIVAR,CARTAGENA,94300,21803,14
74042204,2026-05-02,EN BODEGA DESTINO,ENVIA,240051562204,ANTIOQUIA,MEDELLIN,47900,15776,2
74040613,2026-05-04,ENTREGADO,COORDINADORA,240051560613,BOLIVAR,CARTAGENA,76800,11396,2
74040332,2026-05-04,ENTREGADO,SERVIENTREGA,240051560332,VALLE DEL CAUCA,CALI,68600,19683,2
74041221,2026-05-06,ENTREGADO,COORDINADORA,240051561221,ATLANTICO,BARRANQUILLA,51700,14411,0
74040150,2026-05-02,ENTREGADO,TCC,240051560150,SANTANDER,BUCARAMANGA,57700,10607,1
74040758,2026-05-03,ENTREGADO,ENVIA,240051560758,RISARALDA,PEREIRA,64700,13132,0
74040354,2026-05-06,ENTREGADO,TCC,240051560354,CALDAS,MANIZALES,51400,11616,1
74041732,2026-05-09,ENTREGADO,SERVIENTREGA,240051561732,ANTIOQUIA,MEDELLIN,69900,17643,1
74042264,2026-05-02,TELEMERCADEO,ENVIA,240051562264,MAGDALENA,SANTA MARTA,51900,16337,1
74041434,2026-05-04,ENTREGADO,INTERRAPIDISIMO,240051561434,CALDAS,MANIZALES,49700,20035,1
74041078,2026-05-06,ENTREGADO,TCC,240051561078,CORDOBA,MONTERIA,90800,15468,1
74041938,2026-05-07,DEVOLUCION,TCC,240051561938,CUNDINAMARCA,BOGOTA,69100,12734,8
74041792,2026-05-12,DEVOLUCION,INTERRAPIDISIMO,240051561792,TOLIMA,IBAGUE,74200,12604,5
74042295,2026-04-28,INTENTO DE ENTREGA,ENVIA,240051562295,HUILA,NEIVA,49700,21982,3
74042158,2026-05-10,INTENTO DE ENTREGA,INTERRAPIDISIMO,240051562158,BOLIVAR,CARTAGENA,76000,12284,1
74040579,2026-05-11,ENTREGADO,COORDINADORA,240051560579,BOLIVAR,CARTAGENA,48200,22459,2
74041377,2026-05-06,ENTREGADO,INTERRAPIDISIMO,240051561377,NARIÑO,PASTO,78200,23252,1
74040322,2026-05-07,ENTREGADO,ENVIA,240051560322,CALDAS,MANIZALES,77000,22441,2
74041273,2026-05-12,ENTREGADO,SERVIENTREGA,240051561273,CALDAS,MANIZALES,45500,11542,2
74041024,2026-05-08,ENTREGADO,COORDINADORA,240051561024,ATLANTICO,BARRANQUILLA,50900,14238,0
74040969,2026-05-01,ENTREGADO,INTERRAPIDISIMO,240051560969,CORDOBA,MONTERIA,95100,10980,2
74040558,2026-05-01,ENTREGADO,COORDINADORA,240051560558,MAGDALENA,SANTA MARTA,53600,18881,0
74040710,2026-04-29,ENTREGADO,SERVIENTREGA,240051560710,ANTIOQUIA,MEDELLIN,58400,15042,0
74041332,2026-05-04,ENTREGADO,COORDINADORA,240051561332,ATLANTICO,BARRANQUILLA,89800,11243,0
74040600,2026-05-08,ENTREGADO,SERVIENTREGA,240051560600,NARIÑO,PASTO,76000,17392,2
74041120,2026-05-10,ENTREGADO,SERVIENTREGA,240051561120,NARIÑO,PASTO,76100,19588,2
74041083,2026-05-07,ENTREGADO,SERVIENTREGA,240051561083,HUILA,NEIVA,62700,15474,2
74041115,2026-05-02,ENTREGADO,SERVIENTREGA,240051561115,CORDOBA,MONTERIA,60400,11722,0
74041470,2026-05-03,ENTREGADO,COORDINADORA,240051561470,NARIÑO,PASTO,47100,16610,1
74041552,2026-05-03,ENTREGADO,COORDINADORA,240051561552,CORDOBA,MONTERIA,98500,20122,2
74041004,2026-05-03,ENTREGADO,INTERRAPIDISIMO,240051561004,ANTIOQUIA,MEDELLIN,52300,21748,1
74041625,2026-05-12,ENTREGADO,INTERRAPIDISIMO,240051561625,BOLIVAR,CARTAGENA,98800,10516,1
74041121,2026-05-01,ENTREGADO,INTERRAPIDISIMO,240051561121,MAGDALENA,SANTA MARTA,56000,14976,2
74040039,2026-05-01,ENTREGADO,SERVIENTREGA,240051560039,BOLIVAR,CARTAGENA,71500,19754,2
74040777,2026-05-13,ENTREGADO,ENVIA,240051560777,TOLIMA,IBAGUE,62700,15162,2
74040031,2026-05-08,ENTREGADO,SERVIENTREGA,240051560031,ATLANTICO,BARRANQUILLA,93200,11769,0
74040548,2026-05-12,ENTREGADO,INTERRAPIDISIMO,240051560548,ANTIOQUIA,MEDELLIN,54100,11052,0
74041064,2026-05-04,ENTREGADO,TCC,240051561064,RISARALDA,PEREIRA,51700,14202,1
74041854,2026-05-06,DEVOLUCION,INTERRAPIDISIMO,240051561854,RISARALDA,PEREIRA,60700,11059,8
74041297,2026-05-06,ENTREGADO,ENVIA,240051561297,TOLIMA,IBAGUE,80900,16532,0
74042326,2026-05-07,EN BODEGA ORIGEN,COORDINADORA,240051562326,SANTANDER,BUCARAMANGA,58600,11922,2
74040059,2026-05-08,ENTREGADO,TCC,240051560059,ANTIOQUIA,MEDELLIN,65800,18871,1
74040305,2026-05-08,ENTREGADO,INTERRAPIDISIMO,240051560305,CORDOBA,MONTERIA,84500,18008,1
74040240,2026-05-06,ENTREGADO,TCC,240051560240,ATLANTICO,BARRANQUILLA,88600,20957,0
74042215,2026-05-05,EN BODEGA TRANSPORTADORA,INTERRAPIDISIMO,240051562215,CALDAS,MANIZALES,45600,21144,3
74040936,2026-05-07,ENTREGADO,SERVIENTREGA,240051560936,ATLANTICO,BARRANQUILLA,92300,20028,2
74041876,2026-05-02,DEVOLUCION,ENVIA,240051561876,CALDAS,MANIZALES,47100,10826,12
74040897,2026-05-06,ENTREGADO,SERVIENTREGA,240051560897,NARIÑO,PASTO,47000,22024,0
74040226,2026-05-09,ENTREGADO,SERVIENTREGA,240051560226,CALDAS,MANIZALES,51900,22277,1
74041037,2026-05-05,ENTREGADO,INTERRAPIDISIMO,240051561037,SANTANDER,BUCARAMANGA,96100,19534,0
74040143,2026-05-07,ENTREGADO,SERVIENTREGA,240051560143,ANTIOQUIA,MEDELLIN,46000,10065,2
74041901,2026-05-06,DEVOLUCION,ENVIA,240051561901,TOLIMA,IBAGUE,54100,23650,9
74040586,2026-05-06,ENTREGADO,INTERRAPIDISIMO,240051560586,BOLIVAR,CARTAGENA,74600,11615,1
74041383,2026-05-11,ENTREGADO,ENVIA,240051561383,RISARALDA,PEREIRA,89000,18864,2
74040284,2026-05-06,ENTREGADO,ENVIA,240051560284,SANTANDER,BUCARAMANGA,65500,22628,1
74040932,2026-04-29,ENTREGADO,SERVIENTREGA,240051560932,ATLANTICO,BARRANQUILLA,77500,14344,1
74041406,2026-05-11,ENTREGADO,SERVIENTREGA,240051561406,NARIÑO,PASTO,47900,16734,0
74041379,2026-05-10,ENTREGADO,COORDINADORA,240051561379,RISARALDA,PEREIRA,51900,17185,0
74040574,2026-05-03,ENTREGADO,COORDINADORA,240051560574,MAGDALENA,SANTA MARTA,85600,16641,1
74041417,2026-05-01,ENTREGADO,SERVIENTREGA,240051561417,ANTIOQUIA,MEDELLIN,71300,17971,2
74040063,2026-05-05,ENTREGADO,INTERRAPIDISIMO,240051560063,BOLIVAR,CARTAGENA,73500,21484,1
74041351,2026-05-07,ENTREGADO,INTERRAPIDISIMO,240051561351,CORDOBA,MONTERIA,58600,18642,0
74040664,2026-05-02,ENTREGADO,SERVIENTREGA,240051560664,NARIÑO,PASTO,48500,23331,2
74040378,2026-05-07,ENTREGADO,ENVIA,240051560378,RISARALDA,PEREIRA,76800,20925,2
74041643,2026-05-05,ENTREGADO,TCC,240051561643,CALDAS,MANIZALES,72400,23683,0
74040674,2026-05-04,ENTREGADO,SERVIENTREGA,240051560674,MAGDALENA,SANTA MARTA,91700,12546,0
74040043,2026-05-05,ENTREGADO,TCC,240051560043,NARIÑO,PASTO,89800,13057,2
74040928,2026-05-08,ENTREGADO,SERVIENTREGA,240051560928,ANTIOQUIA,MEDELLIN,63400,18498,1
74040313,2026-05-09,ENTREGADO,INTERRAPIDISIMO,240051560313,ATLANTICO,BARRANQUILLA,76400,11097,2
74041090,2026-05-14,ENTREGADO,SERVIENTREGA,240051561090,CALDAS,MANIZALES,67500,23765,2
74040555,2026-04-30,ENTREGADO,ENVIA,240051560555,RISARALDA,PEREIRA,92300,22579,2
74040769,2026-05-07,ENTREGADO,TCC,240051560769,TOLIMA,IBAGUE,65000,10425,1
74042072,2026-05-05,EN PROCESAMIENTO,INTERRAPIDISIMO,240051562072,MAGDALENA,SANTA MARTA,45200,16177,2
74040435,2026-05-03,ENTREGADO,ENVIA,240051560435,CORDOBA,MONTERIA,98500,10941,1
74040684,2026-05-03,ENTREGADO,TCC,240051560684,ATLANTICO,BARRANQUILLA,47100,21119,1
74040736,2026-05-11,ENTREGADO,TCC,240051560736,CUNDINAMARCA,BOGOTA,76200,21884,2
74040880,2026-05-11,ENTREGADO,TCC,240051560880,NARIÑO,PASTO,48100,13343,0
74041367,2026-05-12,ENTREGADO,COORDINADORA,240051561367,ATLANTICO,BARRANQUILLA,83100,22115,2
74041328,2026-05-07,ENTREGADO,ENVIA,240051561328,ANTIOQUIA,MEDELLIN,61400,13373,2
74040390,2026-05-09,ENTREGADO,ENVIA,240051560390,MAGDALENA,SANTA MARTA,45700,23095,2
74040406,2026-05-04,ENTREGADO,TCC,240051560406,RISARALDA,PEREIRA,54200,14647,1
74040843,2026-05-03,ENTREGADO,INTERRAPIDISIMO,240051560843,TOLIMA,IBAGUE,53300,17359,0
74040234,2026-05-05,ENTREGADO,TCC,240051560234,CALDAS,MANIZALES,45800,20501,1
74042171,2026-05-04,EN BODEGA DESTINO,ENVIA,240051562171,RISARALDA,PEREIRA,64100,16090,3
74040762,2026-04-30,ENTREGADO,SERVIENTREGA,240051560762,HUILA,NEIVA,76900,23144,2
74040902,2026-05-05,ENTREGADO,INTERRAPIDISIMO,240051560902,SANTANDER,BUCARAMANGA,90200,16559,1
74042201,2026-05-11,DESPACHADA,TCC,240051562201,MAGDALENA,SANTA MARTA,92900,15331,2
74040325,2026-05-12,ENTREGADO,INTERRAPIDISIMO,240051560325,TOLIMA,IBAGUE,63100,14809,2
74041713,2026-05-08,ENTREGADO,TCC,240051561713,CORDOBA,MONTERIA,67800,21147,1
74041366,2026-05-09,ENTREGADO,INTERRAPIDISIMO,240051561366,MAGDALENA,SANTA MARTA,79700,19294,2
74040527,2026-05-01,ENTREGADO,ENVIA,240051560527,HUILA,NEIVA,67300,20650,2
74040299,2026-04-30,ENTREGADO,SERVIENTREGA,240051560299,VALLE DEL CAUCA,CALI,91900,13845,0
74041870,2026-05-04,DEVOLUCION,ENVIA,240051561870,META,VILLAVICENCIO,61400,17384,11
74040922,2026-05-15,ENTREGADO,COORDINADORA,240051560922,CALDAS,MANIZALES,62400,17756,0
74041653,2026-05-05,ENTREGADO,TCC,240051561653,CALDAS,MANIZALES,67800,12175,1
74040486,2026-05-05,ENTREGADO,INTERRAPIDISIMO,240051560486,ATLANTICO,BARRANQUILLA,86300,19897,1
74041922,2026-05-11,DEVOLUCION,ENVIA,240051561922,NARIÑO,PASTO,61700,20649,4
74040661,2026-05-12,ENTREGADO,ENVIA,240051560661,BOLIVAR,CARTAGENA,95000,13969,1
74040606,2026-05-08,ENTREGADO,INTERRAPIDISIMO,240051560606,SANTANDER,BUCARAMANGA,97500,12342,2
74042032,2026-05-07,NOVEDAD,INTERRAPIDISIMO,240051562032,ANTIOQUIA,MEDELLIN,53600,14302,8
74040443,2026-05-08,ENTREGADO,SERVIENTREGA,240051560443,BOLIVAR,CARTAGENA,84600,22966,0
74041016,2026-05-03,ENTREGADO,SERVIENTREGA,240051561016,BOLIVAR,CARTAGENA,77600,13623,1
74041934,2026-04-30,DEVOLUCION,COORDINADORA,240051561934,ANTIOQUIA,MEDELLIN,53600,15413,14
74042319,2026-05-06,EN BODEGA ORIGEN,ENVIA,240051562319,CALDAS,MANIZALES,58000,10295,3
74040205,2026-05-11,ENTREGADO,SERVIENTREGA,240051560205,CORDOBA,MONTERIA,81000,10565,2
74041356,2026-05-07,ENTREGADO,TCC,240051561356,RISARALDA,PEREIRA,66000,10375,0
74041799,2026-05-06,DEVOLUCION,COORDINADORA,240051561799,CUNDINAMARCA,BOGOTA,72600,20922,8
74041623,2026-05-08,ENTREGADO,SERVIENTREGA,240051561623,CUNDINAMARCA,BOGOTA,59100,13136,1
74040372,2026-05-08,ENTREGADO,SERVIENTREGA,240051560372,ANTIOQUIA,MEDELLIN,77600,21211,1
74041835,2026-05-04,DEVOLUCION,SERVIENTREGA,240051561835,CUNDINAMARCA,BOGOTA,62100,22192,13
74040160,2026-05-10,ENTREGADO,SERVIENTREGA,240051560160,NARIÑO,PASTO,70700,15664,0
74040259,2026-05-02,ENTREGADO,SERVIENTREGA,240051560259,HUILA,NEIVA,67100,19036,2
74041277,2026-05-06,ENTREGADO,SERVIENTREGA,240051561277,VALLE DEL CAUCA,CALI,60400,17937,1
74040965,2026-05-03,ENTREGADO,TCC,240051560965,ATLANTICO,BARRANQUILLA,75300,13568,2
74041701,2026-05-03,ENTREGADO,INTERRAPIDISIMO,240051561701,CORDOBA,MONTERIA,45700,19220,2
74042115,2026-05-07,INTENTO DE ENTREGA,ENVIA,240051562115,SANTANDER,BUCARAMANGA,77900,10149,3
74040557,2026-05-11,ENTREGADO,INTERRAPIDISIMO,240051560557,RISARALDA,PEREIRA,64400,15635,2
74041707,2026-04-29,ENTREGADO,ENVIA,240051561707,BOLIVAR,CARTAGENA,82200,13734,2
74040687,2026-04-30,ENTREGADO,SERVIENTREGA,240051560687,SANTANDER,BUCARAMANGA,90200,14789,2
74041511,2026-05-07,ENTREGADO,SERVIENTREGA,240051561511,SANTANDER,BUCARAMANGA,93100,13892,1
74041021,2026-05-04,ENTREGADO,TCC,240051561021,MAGDALENA,SANTA MARTA,77600,20477,2
74041534,2026-05-08,ENTREGADO,ENVIA,240051561534,MAGDALENA,SANTA MARTA,65500,19504,1
74041269,2026-04-28,ENTREGADO,TCC,240051561269,CORDOBA,MONTERIA,50100,23664,1
74041232,2026-05-04,ENTREGADO,TCC,240051561232,CORDOBA,MONTERIA,93200,12669,2
74041524,2026-05-10,ENTREGADO,COORDINADORA,240051561524,HUILA,NEIVA,54500,21099,0
74041875,2026-05-09,DEVOLUCION,ENVIA,240051561875,CUNDINAMARCA,BOGOTA,55200,17336,11
74040181,2026-05-13,ENTREGADO,SERVIENTREGA,240051560181,NARIÑO,PASTO,85100,12932,1
74040662,2026-05-06,ENTREGADO,COORDINADORA,240051560662,VALLE DEL CAUCA,CALI,77800,15010,0
74041418,2026-05-07,ENTREGADO,SERVIENTREGA,240051561418,SANTANDER,BUCARAMANGA,92500,18695,2
74041300,2026-05-05,ENTREGADO,COORDINADORA,240051561300,SANTANDER,BUCARAMANGA,49500,10931,1
74042213,2026-05-08,EN REPARTO,TCC,240051562213,CUNDINAMARCA,BOGOTA,65300,18825,3
74040733,2026-04-29,ENTREGADO,ENVIA,240051560733,ATLANTICO,BARRANQUILLA,48600,19869,0
74041720,2026-05-09,ENTREGADO,INTERRAPIDISIMO,240051561720,RISARALDA,PEREIRA,78600,22748,0
74042015,2026-04-29,NOVEDAD,ENVIA,240051562015,RISARALDA,PEREIRA,58500,21174,14
74041926,2026-04-30,DEVOLUCION,COORDINADORA,240051561926,CUNDINAMARCA,BOGOTA,78500,20055,10
74041981,2026-05-05,RECLAME EN OFICINA,ENVIA,240051561981,CALDAS,MANIZALES,79300,21035,8
74040328,2026-05-03,ENTREGADO,ENVIA,240051560328,NARIÑO,PASTO,84800,13528,2
74041695,2026-05-09,ENTREGADO,SERVIENTREGA,240051561695,MAGDALENA,SANTA MARTA,61000,21797,2
74040503,2026-05-04,ENTREGADO,SERVIENTREGA,240051560503,CUNDINAMARCA,BOGOTA,94700,11914,1
74040021,2026-05-03,ENTREGADO,TCC,240051560021,BOLIVAR,CARTAGENA,84000,13961,2
74040504,2026-05-11,ENTREGADO,SERVIENTREGA,240051560504,RISARALDA,PEREIRA,71100,14030,2
74040499,2026-05-03,ENTREGADO,INTERRAPIDISIMO,240051560499,CORDOBA,MONTERIA,73600,13332,1
74041997,2026-05-15,RECLAME EN OFICINA,SERVIENTREGA,240051561997,NARIÑO,PASTO,79300,18711,4
74041823,2026-05-05,DEVOLUCION,ENVIA,240051561823,VALLE DEL CAUCA,CALI,47500,14590,8
74041863,2026-05-01,DEVOLUCION,ENVIA,240051561863,BOLIVAR,CARTAGENA,79100,15728,14
74040108,2026-05-03,ENTREGADO,ENVIA,240051560108,CUNDINAMARCA,BOGOTA,61300,11663,0
74040882,2026-05-06,ENTREGADO,SERVIENTREGA,240051560882,CUNDINAMARCA,BOGOTA,77900,17521,1
74041845,2026-05-01,DEVOLUCION,TCC,240051561845,ATLANTICO,BARRANQUILLA,92700,20338,10
74042075,2026-05-02,EN REPARTO,SERVIENTREGA,240051562075,ATLANTICO,BARRANQUILLA,79300,13359,2
74040658,2026-05-13,ENTREGADO,COORDINADORA,240051560658,BOLIVAR,CARTAGENA,59800,14720,2
74041815,2026-05-02,DEVOLUCION,ENVIA,240051561815,ATLANTICO,BARRANQUILLA,89100,13556,10
74040695,2026-05-06,ENTREGADO,INTERRAPIDISIMO,240051560695,ATLANTICO,BARRANQUILLA,89100,14661,2
74041533,2026-05-06,ENTREGADO,ENVIA,240051561533,ANTIOQUIA,MEDELLIN,45200,16761,0
74040706,2026-05-01,ENTREGADO,COORDINADORA,240051560706,ANTIOQUIA,MEDELLIN,63600,15068,0
74041726,2026-05-05,ENTREGADO,TCC,240051561726,NARIÑO,PASTO,54000,13251,2
74040585,2026-05-04,ENTREGADO,COORDINADORA,240051560585,BOLIVAR,CARTAGENA,80200,17048,1
74042262,2026-05-06,INTENTO DE ENTREGA,TCC,240051562262,ANTIOQUIA,MEDELLIN,95900,19656,1
74042133,2026-05-09,EN BODEGA ORIGEN,ENVIA,240051562133,RISARALDA,PEREIRA,63400,17518,1
74041467,2026-05-04,ENTREGADO,SERVIENTREGA,240051561467,CORDOBA,MONTERIA,51200,22945,0
74040849,2026-05-04,ENTREGADO,TCC,240051560849,MAGDALENA,SANTA MARTA,84900,12828,0
74040545,2026-05-10,ENTREGADO,TCC,240051560545,BOLIVAR,CARTAGENA,63000,21364,1
74041920,2026-05-03,DEVOLUCION,ENVIA,240051561920,ANTIOQUIA,MEDELLIN,55200,14562,1
74041999,2026-05-09,EN ESPERA DE RX,ENVIA,240051561999,VALLE DEL CAUCA,CALI,92600,23102,13
74041486,2026-05-02,ENTREGADO,INTERRAPIDISIMO,240051561486,NARIÑO,PASTO,84400,12136,2
74040309,2026-05-06,ENTREGADO,COORDINADORA,240051560309,TOLIMA,IBAGUE,53900,20008,1
74040959,2026-05-13,ENTREGADO,COORDINADORA,240051560959,CALDAS,MANIZALES,54200,13443,2
74040622,2026-05-10,ENTREGADO,TCC,240051560622,CORDOBA,MONTERIA,69700,18954,2
74040449,2026-05-09,ENTREGADO,COORDINADORA,240051560449,BOLIVAR,CARTAGENA,97600,14921,1
74040750,2026-05-15,ENTREGADO,SERVIENTREGA,240051560750,CALDAS,MANIZALES,83600,17726,1
74041146,2026-05-11,ENTREGADO,TCC,240051561146,CUNDINAMARCA,BOGOTA,52800,13619,2
74040694,2026-05-07,ENTREGADO,INTERRAPIDISIMO,240051560694,MAGDALENA,SANTA MARTA,80300,10412,1
74041010,2026-05-07,ENTREGADO,SERVIENTREGA,240051561010,SANTANDER,BUCARAMANGA,64100,21333,2
74041449,2026-05-11,ENTREGADO,COORDINADORA,240051561449,RISARALDA,PEREIRA,46900,17031,1
74041991,2026-05-11,RECLAME EN OFICINA,ENVIA,240051561991,BOLIVAR,CARTAGENA,68500,21144,2
74041764,2026-04-30,DEVOLUCION,INTERRAPIDISIMO,240051561764,CALDAS,MANIZALES,74500,13158,10
74040616,2026-05-03,ENTREGADO,INTERRAPIDISIMO,240051560616,ANTIOQUIA,MEDELLIN,70700,19303,1
74040106,2026-04-28,ENTREGADO,TCC,240051560106,META,VILLAVICENCIO,67400,22582,0
74040886,2026-04-28,ENTREGADO,ENVIA,240051560886,CALDAS,MANIZALES,51900,10578,2
74042134,2026-04-30,EN BODEGA TRANSPORTADORA,ENVIA,240051562134,CALDAS,MANIZALES,60800,18588,2
74041565,2026-05-05,ENTREGADO,COORDINADORA,240051561565,VALLE DEL CAUCA,CALI,99500,22119,2
74040666,2026-05-03,ENTREGADO,ENVIA,240051560666,SANTANDER,BUCARAMANGA,70000,23163,0
74041044,2026-04-30,ENTREGADO,COORDINADORA,240051561044,ATLANTICO,BARRANQUILLA,90500,19757,1
74040688,2026-05-12,ENTREGADO,COORDINADORA,240051560688,TOLIMA,IBAGUE,45700,17349,0
74040437,2026-04-29,ENTREGADO,SERVIENTREGA,240051560437,NARIÑO,PASTO,85700,19782,1
74041618,2026-05-06,ENTREGADO,TCC,240051561618,CORDOBA,MONTERIA,55600,10408,0
74041414,2026-05-02,ENTREGADO,TCC,240051561414,ANTIOQUIA,MEDELLIN,71300,14691,2
74041189,2026-05-02,ENTREGADO,SERVIENTREGA,240051561189,META,VILLAVICENCIO,60100,11338,2
74041800,2026-05-03,DEVOLUCION,ENVIA,240051561800,CALDAS,MANIZALES,47600,10390,14
74042229,2026-05-05,TELEMERCADEO,ENVIA,240051562229,CORDOBA,MONTERIA,86500,21114,1
74041796,2026-05-12,DEVOLUCION,ENVIA,240051561796,META,VILLAVICENCIO,76300,14305,6
74040052,2026-05-09,ENTREGADO,TCC,240051560052,NARIÑO,PASTO,69500,13111,2
74041671,2026-05-07,ENTREGADO,ENVIA,240051561671,NARIÑO,PASTO,79000,18074,0
74041989,2026-05-08,NOVEDAD,TCC,240051561989,META,VILLAVICENCIO,76500,14579,10
74040841,2026-05-04,ENTREGADO,SERVIENTREGA,240051560841,SANTANDER,BUCARAMANGA,48900,21378,0
74041466,2026-05-08,ENTREGADO,TCC,240051561466,SANTANDER,BUCARAMANGA,83800,15893,1
74040618,2026-05-07,ENTREGADO,TCC,240051560618,CORDOBA,MONTERIA,78700,13479,0
74041454,2026-05-10,ENTREGADO,TCC,240051561454,BOLIVAR,CARTAGENA,49700,10619,1
74040981,2026-05-12,ENTREGADO,ENVIA,240051560981,CUNDINAMARCA,BOGOTA,79700,15177,0
74041156,2026-05-02,ENTREGADO,SERVIENTREGA,240051561156,META,VILLAVICENCIO,52500,22952,1
74040272,2026-04-28,ENTREGADO,ENVIA,240051560272,META,VILLAVICENCIO,54100,22724,0
74041812,2026-05-13,DEVOLUCION,ENVIA,240051561812,CUNDINAMARCA,BOGOTA,86500,12250,11
74041928,2026-05-09,DEVOLUCION,INTERRAPIDISIMO,240051561928,CUNDINAMARCA,BOGOTA,74200,17248,7
74041851,2026-05-05,DEVOLUCION,ENVIA,240051561851,CUNDINAMARCA,BOGOTA,75600,14363,12
74040544,2026-04-30,ENTREGADO,INTERRAPIDISIMO,240051560544,ATLANTICO,BARRANQUILLA,99200,17387,1
74040100,2026-05-03,ENTREGADO,INTERRAPIDISIMO,240051560100,CALDAS,MANIZALES,79200,19525,2
74041257,2026-05-05,ENTREGADO,COORDINADORA,240051561257,RISARALDA,PEREIRA,94000,11721,0
74041896,2026-04-30,DEVOLUCION,COORDINADORA,240051561896,CUNDINAMARCA,BOGOTA,45500,17515,2
74042073,2026-05-03,EN REEXPEDICION,ENVIA,240051562073,NARIÑO,PASTO,85900,41282,2
74041612,2026-05-08,ENTREGADO,ENVIA,240051561612,SANTANDER,BUCARAMANGA,50700,19300,1
74041279,2026-05-07,ENTREGADO,SERVIENTREGA,240051561279,CORDOBA,MONTERIA,94100,21054,0
74040476,2026-05-10,ENTREGADO,TCC,240051560476,CUNDINAMARCA,BOGOTA,92000,10925,2
74040183,2026-04-29,ENTREGADO,INTERRAPIDISIMO,240051560183,HUILA,NEIVA,49100,21086,1
74040025,2026-05-05,ENTREGADO,COORDINADORA,240051560025,ATLANTICO,BARRANQUILLA,58400,22847,0
74041096,2026-05-07,ENTREGADO,TCC,240051561096,HUILA,NEIVA,68700,10341,1
74041696,2026-05-11,ENTREGADO,INTERRAPIDISIMO,240051561696,CALDAS,MANIZALES,50000,22865,0
74040071,2026-05-03,ENTREGADO,SERVIENTREGA,240051560071,CORDOBA,MONTERIA,50700,20015,0
74042069,2026-05-03,EN BODEGA TRANSPORTADORA,ENVIA,240051562069,SANTANDER,BUCARAMANGA,78000,21747,2
74040950,2026-05-13,ENTREGADO,TCC,240051560950,META,VILLAVICENCIO,55000,20049,1
74040746,2026-04-28,ENTREGADO,COORDINADORA,240051560746,CALDAS,MANIZALES,47400,23040,1
74040939,2026-05-04,ENTREGADO,SERVIENTREGA,240051560939,CUNDINAMARCA,BOGOTA,84600,18116,1
74040026,2026-05-12,ENTREGADO,SERVIENTREGA,240051560026,ATLANTICO,BARRANQUILLA,59100,13645,1
74040899,2026-05-02,ENTREGADO,COORDINADORA,240051560899,BOLIVAR,CARTAGENA,56100,20476,0
74042269,2026-05-09,INTENTO DE ENTREGA,ENVIA,240051562269,VALLE DEL CAUCA,CALI,87400,20882,3
74042266,2026-05-01,EN BODEGA ORIGEN,ENVIA,240051562266,MAGDALENA,SANTA MARTA,93000,18491,3
74040002,2026-05-06,ENTREGADO,TCC,240051560002,SANTANDER,BUCARAMANGA,83000,10000,1
74041041,2026-05-11,ENTREGADO,COORDINADORA,240051561041,SANTANDER,BUCARAMANGA,99600,20026,2
74041584,2026-05-10,ENTREGADO,TCC,240051561584,HUILA,NEIVA,45900,13646,2
74042041,2026-05-09,RECLAME EN OFICINA,SERVIENTREGA,240051562041,META,VILLAVICENCIO,69100,19483,1
74041849,2026-05-05,DEVOLUCION,ENVIA,240051561849,CUNDINAMARCA,BOGOTA,62600,14928,3
74040646,2026-05-05,ENTREGADO,INTERRAPIDISIMO,240051560646,RISARALDA,PEREIRA,81600,13084,1
74041191,2026-05-09,ENTREGADO,COORDINADORA,240051561191,VALLE DEL CAUCA,CALI,78100,11789,2
74041771,2026-05-07,DEVOLUCION,TCC,240051561771,BOLIVAR,CARTAGENA,91700,18083,12
74041097,2026-05-07,ENTREGADO,COORDINADORA,240051561097,HUILA,NEIVA,95900,10858,1
74040099,2026-05-07,ENTREGADO,SERVIENTREGA,240051560099,MAGDALENA,SANTA MARTA,48300,11536,0
74040324,2026-05-07,ENTREGADO,INTERRAPIDISIMO,240051560324,MAGDALENA,SANTA MARTA,89000,10070,2
74041874,2026-05-06,DEVOLUCION,INTERRAPIDISIMO,240051561874,CUNDINAMARCA,BOGOTA,65100,20668,1
74041401,2026-05-13,ENTREGADO,SERVIENTREGA,240051561401,HUILA,NEIVA,93300,20480,0
74041841,2026-05-02,DEVOLUCION,INTERRAPIDISIMO,240051561841,CORDOBA,MONTERIA,48500,14483,7
74040244,2026-05-03,ENTREGADO,COORDINADORA,240051560244,CORDOBA,MONTERIA,82700,22802,0
74041685,2026-05-05,ENTREGADO,SERVIENTREGA,240051561685,CORDOBA,MONTERIA,61700,15584,2
74041274,2026-05-07,ENTREGADO,ENVIA,240051561274,ATLANTICO,BARRANQUILLA,49700,19680,2
74041607,2026-04-30,ENTREGADO,TCC,240051561607,VALLE DEL CAUCA,CALI,69200,20396,0
74040539,2026-05-04,ENTREGADO,TCC,240051560539,HUILA,NEIVA,96000,10293,1
74040294,2026-05-05,ENTREGADO,ENVIA,240051560294,BOLIVAR,CARTAGENA,47800,16055,1
74041813,2026-05-15,DEVOLUCION,ENVIA,240051561813,RISARALDA,PEREIRA,81600,15123,9
74040465,2026-05-06,ENTREGADO,INTERRAPIDISIMO,240051560465,CUNDINAMARCA,BOGOTA,96200,20812,1
74040614,2026-05-06,ENTREGADO,SERVIENTREGA,240051560614,HUILA,NEIVA,98000,21025,0
74041441,2026-05-08,ENTREGADO,ENVIA,240051561441,ANTIOQUIA,MEDELLIN,50700,11832,2
74041580,2026-05-08,ENTREGADO,ENVIA,240051561580,BOLIVAR,CARTAGENA,50400,11213,2
74042235,2026-05-12,EN REPARTO,TCC,240051562235,TOLIMA,IBAGUE,45000,17923,2
74041859,2026-05-08,DEVOLUCION,ENVIA,240051561859,CUNDINAMARCA,BOGOTA,64400,23074,12
74040971,2026-05-04,ENTREGADO,INTERRAPIDISIMO,240051560971,SANTANDER,BUCARAMANGA,61800,16944,0
74041846,2026-04-29,DEVOLUCION,ENVIA,240051561846,META,VILLAVICENCIO,85900,19004,11
74040451,2026-05-08,ENTREGADO,INTERRAPIDISIMO,240051560451,MAGDALENA,SANTA MARTA,71500,17049,2
74041766,2026-05-10,DEVOLUCION,ENVIA,240051561766,TOLIMA,IBAGUE,73600,22288,7
74041490,2026-05-11,ENTREGADO,COORDINADORA,240051561490,BOLIVAR,CARTAGENA,74700,12525,1
74041528,2026-05-11,ENTREGADO,INTERRAPIDISIMO,240051561528,CUNDINAMARCA,BOGOTA,80900,21615,2
74040633,2026-04-27,ENTREGADO,SERVIENTREGA,240051560633,BOLIVAR,CARTAGENA,74200,19555,1
74041730,2026-05-12,ENTREGADO,TCC,240051561730,CORDOBA,MONTERIA,66700,23995,2
74042067,2026-05-10,CITA PROGRAMADA,SERVIENTREGA,240051562067,RISARALDA,PEREIRA,77800,36143,3
74040501,2026-05-01,ENTREGADO,SERVIENTREGA,240051560501,RISARALDA,PEREIRA,96200,14835,0
74042117,2026-05-06,EN REEXPEDICION,ENVIA,240051562117,CORDOBA,MONTERIA,98700,42746,1
74041765,2026-05-05,DEVOLUCION,ENVIA,240051561765,HUILA,NEIVA,95900,18459,9
74040141,2026-05-10,ENTREGADO,TCC,240051560141,CALDAS,MANIZALES,57800,14403,1
74040678,2026-05-08,ENTREGADO,ENVIA,240051560678,NARIÑO,PASTO,64900,16662,1
74040461,2026-05-06,ENTREGADO,SERVIENTREGA,240051560461,META,VILLAVICENCIO,61900,15098,0
74040757,2026-05-02,ENTREGADO,INTERRAPIDISIMO,240051560757,HUILA,NEIVA,91600,10756,2
74041187,2026-05-08,ENTREGADO,COORDINADORA,240051561187,CUNDINAMARCA,BOGOTA,83100,20548,1
74040236,2026-05-11,ENTREGADO,SERVIENTREGA,240051560236,SANTANDER,BUCARAMANGA,56600,14167,0
74040233,2026-05-04,ENTREGADO,INTERRAPIDISIMO,240051560233,VALLE DEL CAUCA,CALI,48100,21646,1
74040410,2026-05-05,ENTREGADO,INTERRAPIDISIMO,240051560410,CALDAS,MANIZALES,49300,21235,0
74041758,2026-05-07,DEVOLUCION,INTERRAPIDISIMO,240051561758,TOLIMA,IBAGUE,84800,23449,6
74040463,2026-05-01,ENTREGADO,INTERRAPIDISIMO,240051560463,CUNDINAMARCA,BOGOTA,80800,20765,1
74040770,2026-05-03,ENTREGADO,COORDINADORA,240051560770,ANTIOQUIA,MEDELLIN,50600,21783,0
74041697,2026-05-02,ENTREGADO,INTERRAPIDISIMO,240051561697,SANTANDER,BUCARAMANGA,64700,17682,2
74041570,2026-05-11,ENTREGADO,ENVIA,240051561570,HUILA,NEIVA,78800,23293,2
74042174,2026-05-14,EN REEXPEDICION,ENVIA,240051562174,ATLANTICO,BARRANQUILLA,99800,36492,2
74040729,2026-05-02,ENTREGADO,SERVIENTREGA,240051560729,CUNDINAMARCA,BOGOTA,83100,21588,2
74040999,2026-05-05,ENTREGADO,INTERRAPIDISIMO,240051560999,ATLANTICO,BARRANQUILLA,94100,16573,0
74040516,2026-05-04,ENTREGADO,INTERRAPIDISIMO,240051560516,CUNDINAMARCA,BOGOTA,80300,20982,0
74040187,2026-05-10,ENTREGADO,TCC,240051560187,ANTIOQUIA,MEDELLIN,89300,13089,2
74042317,2026-04-30,EN REEXPEDICION,ENVIA,240051562317,BOLIVAR,CARTAGENA,53900,37851,1
74041135,2026-05-02,ENTREGADO,ENVIA,240051561135,TOLIMA,IBAGUE,50600,12405,2
74042329,2026-05-03,EN REPARTO,INTERRAPIDISIMO,240051562329,CALDAS,MANIZALES,90900,13352,1
74040040,2026-05-08,ENTREGADO,INTERRAPIDISIMO,240051560040,CUNDINAMARCA,BOGOTA,60900,14377,1
74040575,2026-05-07,ENTREGADO,SERVIENTREGA,240051560575,TOLIMA,IBAGUE,64200,11593,0
74040070,2026-05-05,ENTREGADO,SERVIENTREGA,240051560070,HUILA,NEIVA,81800,23814,1
74040074,2026-05-09,ENTREGADO,COORDINADORA,240051560074,ATLANTICO,BARRANQUILLA,68400,16616,2
74042009,2026-05-05,EN ESPERA DE RX,ENVIA,240051562009,CORDOBA,MONTERIA,87300,12888,3
74041700,2026-05-08,ENTREGADO,TCC,240051561700,HUILA,NEIVA,70200,23677,0
74041952,2026-05-05,DEVOLUCION,ENVIA,240051561952,MAGDALENA,SANTA MARTA,45600,12938,14
74041153,2026-05-09,ENTREGADO,INTERRAPIDISIMO,240051561153,RISARALDA,PEREIRA,52500,18879,1
74040805,2026-05-07,ENTREGADO,TCC,240051560805,ATLANTICO,BARRANQUILLA,85000,14361,2
74042254,2026-04-29,EN BODEGA DESTINO,ENVIA,240051562254,RISARALDA,PEREIRA,91100,14606,3
74040993,2026-05-10,ENTREGADO,INTERRAPIDISIMO,240051560993,CORDOBA,MONTERIA,81000,23077,1
74041573,2026-05-06,ENTREGADO,SERVIENTREGA,240051561573,RISARALDA,PEREIRA,83000,14501,1
74040056,2026-05-05,ENTREGADO,COORDINADORA,240051560056,SANTANDER,BUCARAMANGA,97100,17693,0
74040784,2026-05-01,ENTREGADO,INTERRAPIDISIMO,240051560784,CORDOBA,MONTERIA,64900,11182,0
74041770,2026-05-05,DEVOLUCION,ENVIA,240051561770,ANTIOQUIA,MEDELLIN,54900,15093,10
74042025,2026-05-05,EN ESPERA DE RX,ENVIA,240051562025,MAGDALENA,SANTA MARTA,63800,14740,9
74040815,2026-05-13,ENTREGADO,INTERRAPIDISIMO,240051560815,RISARALDA,PEREIRA,67700,13337,2
74040593,2026-04-30,ENTREGADO,ENVIA,240051560593,VALLE DEL CAUCA,CALI,73300,16653,2
74041520,2026-04-30,ENTREGADO,ENVIA,240051561520,SANTANDER,BUCARAMANGA,75300,23799,1
74040077,2026-05-05,ENTREGADO,TCC,240051560077,CALDAS,MANIZALES,84300,16518,2
74041384,2026-05-02,ENTREGADO,ENVIA,240051561384,ATLANTICO,BARRANQUILLA,96300,16854,2
74041027,2026-05-04,ENTREGADO,TCC,240051561027,CORDOBA,MONTERIA,52000,12869,2
74040854,2026-05-04,ENTREGADO,ENVIA,240051560854,NARIÑO,PASTO,63700,17826,0
74042190,2026-05-12,TELEMERCADEO,ENVIA,240051562190,META,VILLAVICENCIO,48600,21541,3
74041163,2026-05-01,ENTREGADO,INTERRAPIDISIMO,240051561163,CUNDINAMARCA,BOGOTA,48400,19266,2
74042343,2026-05-06,EN PROCESAMIENTO,ENVIA,240051562343,MAGDALENA,SANTA MARTA,78500,16957,2
74041172,2026-05-02,ENTREGADO,COORDINADORA,240051561172,ATLANTICO,BARRANQUILLA,45300,17300,2
74040270,2026-05-08,ENTREGADO,INTERRAPIDISIMO,240051560270,VALLE DEL CAUCA,CALI,57100,23395,2
74042146,2026-05-04,EN PROCESAMIENTO,SERVIENTREGA,240051562146,BOLIVAR,CARTAGENA,73400,21623,3
74040628,2026-05-06,ENTREGADO,TCC,240051560628,TOLIMA,IBAGUE,61400,16394,1
74041568,2026-05-07,ENTREGADO,INTERRAPIDISIMO,240051561568,CORDOBA,MONTERIA,63300,20721,2
74040198,2026-05-06,ENTREGADO,INTERRAPIDISIMO,240051560198,CUNDINAMARCA,BOGOTA,66200,11534,1
74041960,2026-05-07,DEVOLUCION,ENVIA,240051561960,TOLIMA,IBAGUE,66900,14939,5
74040310,2026-04-30,ENTREGADO,INTERRAPIDISIMO,240051560310,CALDAS,MANIZALES,47400,20341,1
74040840,2026-04-29,ENTREGADO,COORDINADORA,240051560840,TOLIMA,IBAGUE,99100,11794,0
74040060,2026-05-08,ENTREGADO,ENVIA,240051560060,SANTANDER,BUCARAMANGA,50200,13818,2
74041753,2026-05-02,DEVOLUCION,TCC,240051561753,NARIÑO,PASTO,46200,14716,13
74042063,2026-05-01,EN REEXPEDICION,ENVIA,240051562063,BOLIVAR,CARTAGENA,53500,37668,1
74041882,2026-05-03,DEVOLUCION,SERVIENTREGA,240051561882,ANTIOQUIA,MEDELLIN,49500,15981,1
74041421,2026-05-05,ENTREGADO,INTERRAPIDISIMO,240051561421,CUNDINAMARCA,BOGOTA,76600,17489,1
74040457,2026-04-30,ENTREGADO,ENVIA,240051560457,TOLIMA,IBAGUE,95000,21228,0
74040949,2026-05-11,ENTREGADO,COORDINADORA,240051560949,VALLE DEL CAUCA,CALI,51700,15308,2
74040492,2026-05-03,ENTREGADO,INTERRAPIDISIMO,240051560492,SANTANDER,BUCARAMANGA,50700,18318,0
74041635,2026-05-11,ENTREGADO,INTERRAPIDISIMO,240051561635,NARIÑO,PASTO,54300,20691,0
74040426,2026-05-06,ENTREGADO,SERVIENTREGA,240051560426,ANTIOQUIA,MEDELLIN,69400,19111,0
74041763,2026-05-12,DEVOLUCION,ENVIA,240051561763,CUNDINAMARCA,BOGOTA,83400,15087,12
74040570,2026-05-04,ENTREGADO,TCC,240051560570,ANTIOQUIA,MEDELLIN,59700,14301,1
74041130,2026-05-09,ENTREGADO,SERVIENTREGA,240051561130,MAGDALENA,SANTA MARTA,55000,11390,2
74040446,2026-05-09,ENTREGADO,TCC,240051560446,ANTIOQUIA,MEDELLIN,92900,18442,1
74040582,2026-05-03,ENTREGADO,SERVIENTREGA,240051560582,CORDOBA,MONTERIA,65500,22804,0
74040298,2026-05-09,ENTREGADO,SERVIENTREGA,240051560298,ANTIOQUIA,MEDELLIN,90400,23073,2
74040474,2026-05-03,ENTREGADO,SERVIENTREGA,240051560474,BOLIVAR,CARTAGENA,60400,17827,1
74042223,2026-05-07,TELEMERCADEO,ENVIA,240051562223,HUILA,NEIVA,71300,23381,2
74040521,2026-05-06,ENTREGADO,SERVIENTREGA,240051560521,RISARALDA,PEREIRA,75600,23738,0
74040944,2026-05-08,ENTREGADO,SERVIENTREGA,240051560944,HUILA,NEIVA,74000,17384,0
74041994,2026-05-03,RECLAME EN OFICINA,SERVIENTREGA,240051561994,VALLE DEL CAUCA,CALI,48700,12134,2
74041998,2026-05-04,EN ESPERA DE RX,ENVIA,240051561998,CORDOBA,MONTERIA,73800,20907,12
74041780,2026-05-08,DEVOLUCION,ENVIA,240051561780,CUNDINAMARCA,BOGOTA,63500,20565,11
74041385,2026-05-07,ENTREGADO,INTERRAPIDISIMO,240051561385,HUILA,NEIVA,63300,10227,1
74040955,2026-05-07,ENTREGADO,ENVIA,240051560955,CORDOBA,MONTERIA,67400,12207,2
74041601,2026-05-08,ENTREGADO,ENVIA,240051561601,NARIÑO,PASTO,92200,16986,1
74042026,2026-05-12,NOVEDAD,ENVIA,240051562026,CUNDINAMARCA,BOGOTA,80900,14337,7
74041843,2026-05-14,DEVOLUCION,ENVIA,240051561843,CUNDINAMARCA,BOGOTA,75400,23399,11
74041190,2026-05-08,ENTREGADO,INTERRAPIDISIMO,240051561190,VALLE DEL CAUCA,CALI,72000,16600,1
74041656,2026-05-10,ENTREGADO,TCC,240051561656,ANTIOQUIA,MEDELLIN,76000,23899,0
74040277,2026-05-05,ENTREGADO,INTERRAPIDISIMO,240051560277,NARIÑO,PASTO,86900,22940,2
74041008,2026-05-14,ENTREGADO,COORDINADORA,240051561008,VALLE DEL CAUCA,CALI,52900,20747,2
74041054,2026-05-05,ENTREGADO,COORDINADORA,240051561054,CUNDINAMARCA,BOGOTA,64900,10804,0
74040935,2026-05-03,ENTREGADO,COORDINADORA,240051560935,CALDAS,MANIZALES,83500,15574,0
74041599,2026-05-03,ENTREGADO,INTERRAPIDISIMO,240051561599,CORDOBA,MONTERIA,70400,21948,0
74041165,2026-04-30,ENTREGADO,TCC,240051561165,TOLIMA,IBAGUE,86300,17367,1
74040414,2026-05-05,ENTREGADO,INTERRAPIDISIMO,240051560414,ANTIOQUIA,MEDELLIN,73000,19355,0
74041433,2026-05-04,ENTREGADO,TCC,240051561433,CUNDINAMARCA,BOGOTA,54900,16595,2
74042000,2026-05-09,NOVEDAD,INTERRAPIDISIMO,240051562000,VALLE DEL CAUCA,CALI,62400,13269,1
74040316,2026-05-05,ENTREGADO,COORDINADORA,240051560316,CALDAS,MANIZALES,93800,16308,1
74040931,2026-05-05,ENTREGADO,TCC,240051560931,ATLANTICO,BARRANQUILLA,53600,11227,0
74040142,2026-05-06,ENTREGADO,TCC,240051560142,BOLIVAR,CARTAGENA,51000,22152,0
74040271,2026-05-07,ENTREGADO,INTERRAPIDISIMO,240051560271,CORDOBA,MONTERIA,60200,18854,2
74042181,2026-05-06,CITA PROGRAMADA,ENVIA,240051562181,MAGDALENA,SANTA MARTA,91500,38773,3
74040821,2026-05-12,ENTREGADO,TCC,240051560821,VALLE DEL CAUCA,CALI,56100,20068,2
74040703,2026-05-11,ENTREGADO,ENVIA,240051560703,HUILA,NEIVA,80900,18091,1
74042332,2026-05-12,TELEMERCADEO,SERVIENTREGA,240051562332,BOLIVAR,CARTAGENA,52300,16990,1
74042271,2026-05-08,EN REEXPEDICION,TCC,240051562271,MAGDALENA,SANTA MARTA,92700,40050,2
74041943,2026-05-04,DEVOLUCION,ENVIA,240051561943,MAGDALENA,SANTA MARTA,99900,11559,13
74040343,2026-05-08,ENTREGADO,TCC,240051560343,MAGDALENA,SANTA MARTA,74600,16242,1
74041185,2026-05-05,ENTREGADO,ENVIA,240051561185,VALLE DEL CAUCA,CALI,99300,12361,2
74040014,2026-05-09,ENTREGADO,INTERRAPIDISIMO,240051560014,NARIÑO,PASTO,67700,15950,2
74040592,2026-05-06,ENTREGADO,ENVIA,240051560592,CUNDINAMARCA,BOGOTA,69900,13037,2
74042089,2026-05-11,EN BODEGA TRANSPORTADORA,SERVIENTREGA,240051562089,TOLIMA,IBAGUE,50600,20866,2
74041674,2026-05-07,ENTREGADO,TCC,240051561674,CUNDINAMARCA,BOGOTA,70900,22707,2
74041469,2026-04-28,ENTREGADO,ENVIA,240051561469,CUNDINAMARCA,BOGOTA,64100,22453,0
74040029,2026-05-04,ENTREGADO,SERVIENTREGA,240051560029,SANTANDER,BUCARAMANGA,67200,21889,1
74040767,2026-05-02,ENTREGADO,TCC,240051560767,ATLANTICO,BARRANQUILLA,94100,23829,1
74041309,2026-05-06,ENTREGADO,TCC,240051561309,CUNDINAMARCA,BOGOTA,68200,23186,0
74041320,2026-05-10,ENTREGADO,COORDINADORA,240051561320,TOLIMA,IBAGUE,72000,11896,0
74040571,2026-05-06,ENTREGADO,COORDINADORA,240051560571,MAGDALENA,SANTA MARTA,65100,14431,0
74040342,2026-04-30,ENTREGADO,INTERRAPIDISIMO,240051560342,RISARALDA,PEREIRA,98200,16469,2
74040864,2026-05-07,ENTREGADO,ENVIA,240051560864,RISARALDA,PEREIRA,66700,14318,0
74041650,2026-05-06,ENTREGADO,COORDINADORA,240051561650,SANTANDER,BUCARAMANGA,62600,19912,2
74042279,2026-04-30,EN REPARTO,SERVIENTREGA,240051562279,MAGDALENA,SANTA MARTA,87500,10121,1
74040728,2026-05-10,ENTREGADO,TCC,240051560728,SANTANDER,BUCARAMANGA,85000,14746,2
74041341,2026-05-06,ENTREGADO,ENVIA,240051561341,SANTANDER,BUCARAMANGA,82600,14682,2
74041361,2026-05-13,ENTREGADO,TCC,240051561361,SANTANDER,BUCARAMANGA,85500,16550,1
74041853,2026-05-08,DEVOLUCION,SERVIENTREGA,240051561853,CORDOBA,MONTERIA,54200,16336,10
74041531,2026-05-07,ENTREGADO,ENVIA,240051561531,NARIÑO,PASTO,67200,13550,1
74042013,2026-05-05,EN ESPERA DE RX,ENVIA,240051562013,CORDOBA,MONTERIA,91200,22819,2
74041803,2026-05-06,DEVOLUCION,INTERRAPIDISIMO,240051561803,CUNDINAMARCA,BOGOTA,99500,10601,5
74041173,2026-04-30,ENTREGADO,ENVIA,240051561173,BOLIVAR,CARTAGENA,61400,15706,0
74040389,2026-04-30,ENTREGADO,ENVIA,240051560389,RISARALDA,PEREIRA,58600,11143,2
74040207,2026-05-10,ENTREGADO,ENVIA,240051560207,MAGDALENA,SANTA MARTA,90600,21906,2
74041984,2026-05-11,RECLAME EN OFICINA,ENVIA,240051561984,CUNDINAMARCA,BOGOTA,62100,12400,6
74040000,2026-05-08,ENTREGADO,INTERRAPIDISIMO,240051560000,TOLIMA,IBAGUE,77300,21096,1
74041458,2026-05-07,ENTREGADO,ENVIA,240051561458,META,VILLAVICENCIO,87700,18271,0
74040064,2026-05-07,ENTREGADO,COORDINADORA,240051560064,ANTIOQUIA,MEDELLIN,92000,15388,1
74041749,2026-05-09,DEVOLUCION,ENVIA,240051561749,MAGDALENA,SANTA MARTA,81100,21458,1
74040154,2026-05-07,ENTREGADO,TCC,240051560154,BOLIVAR,CARTAGENA,92800,13826,0
74042219,2026-05-10,EN BODEGA DESTINO,SERVIENTREGA,240051562219,CORDOBA,MONTERIA,67800,20090,3
74040319,2026-05-04,ENTREGADO,INTERRAPIDISIMO,240051560319,TOLIMA,IBAGUE,75800,16721,2
74041557,2026-05-12,ENTREGADO,INTERRAPIDISIMO,240051561557,META,VILLAVICENCIO,45200,10380,1
74040005,2026-05-04,ENTREGADO,INTERRAPIDISIMO,240051560005,VALLE DEL CAUCA,CALI,94100,15439,2
74041488,2026-05-05,ENTREGADO,SERVIENTREGA,240051561488,TOLIMA,IBAGUE,46100,12689,2
74041303,2026-05-09,ENTREGADO,INTERRAPIDISIMO,240051561303,NARIÑO,PASTO,74100,18053,2
74040369,2026-05-04,ENTREGADO,ENVIA,240051560369,ANTIOQUIA,MEDELLIN,93000,13025,0
74040327,2026-05-03,ENTREGADO,INTERRAPIDISIMO,240051560327,ATLANTICO,BARRANQUILLA,83300,22145,0
74041333,2026-05-06,ENTREGADO,ENVIA,240051561333,META,VILLAVICENCIO,79800,15708,2
74041595,2026-04-29,ENTREGADO,INTERRAPIDISIMO,240051561595,TOLIMA,IBAGUE,91000,13117,0
74040266,2026-05-04,ENTREGADO,TCC,240051560266,CALDAS,MANIZALES,71100,12810,1
74041088,2026-05-06,ENTREGADO,ENVIA,240051561088,SANTANDER,BUCARAMANGA,45200,13801,2
74041100,2026-05-08,ENTREGADO,INTERRAPIDISIMO,240051561100,RISARALDA,PEREIRA,52300,13887,0
74041624,2026-05-06,ENTREGADO,TCC,240051561624,SANTANDER,BUCARAMANGA,49000,16684,0
74040562,2026-04-27,ENTREGADO,COORDINADORA,240051560562,CALDAS,MANIZALES,53900,18283,0
74040988,2026-05-03,ENTREGADO,COORDINADORA,240051560988,SANTANDER,BUCARAMANGA,47800,18820,0
74041525,2026-05-08,ENTREGADO,COORDINADORA,240051561525,BOLIVAR,CARTAGENA,66100,16968,0
74042322,2026-05-09,EN PROCESAMIENTO,ENVIA,240051562322,NARIÑO,PASTO,82900,23291,3
74041439,2026-05-09,ENTREGADO,TCC,240051561439,CORDOBA,MONTERIA,61000,20400,1
74040367,2026-05-08,ENTREGADO,SERVIENTREGA,240051560367,CORDOBA,MONTERIA,56200,21650,1
74042129,2026-05-10,INTENTO DE ENTREGA,ENVIA,240051562129,META,VILLAVICENCIO,80400,16071,1
74042211,2026-05-07,EN REPARTO,TCC,240051562211,RISARALDA,PEREIRA,47200,17011,2
74040787,2026-05-04,ENTREGADO,COORDINADORA,240051560787,SANTANDER,BUCARAMANGA,64300,12505,1
74040788,2026-05-13,ENTREGADO,SERVIENTREGA,240051560788,META,VILLAVICENCIO,98800,23441,2
74041687,2026-05-06,ENTREGADO,ENVIA,240051561687,BOLIVAR,CARTAGENA,88200,16421,1
74041198,2026-05-07,ENTREGADO,ENVIA,240051561198,META,VILLAVICENCIO,62000,14806,1
74041865,2026-05-10,DEVOLUCION,INTERRAPIDISIMO,240051561865,CALDAS,MANIZALES,62200,17839,2
74041593,2026-04-29,ENTREGADO,INTERRAPIDISIMO,240051561593,ANTIOQUIA,MEDELLIN,49400,21548,2
74041617,2026-05-03,ENTREGADO,TCC,240051561617,ANTIOQUIA,MEDELLIN,91400,21328,0
74041724,2026-04-28,ENTREGADO,INTERRAPIDISIMO,240051561724,NARIÑO,PASTO,71300,14968,0
74042168,2026-05-02,CITA PROGRAMADA,ENVIA,240051562168,CUNDINAMARCA,BOGOTA,80400,40943,3
74042040,2026-05-07,EN ESPERA DE RX,ENVIA,240051562040,ANTIOQUIA,MEDELLIN,87600,19551,2
74041605,2026-05-02,ENTREGADO,COORDINADORA,240051561605,ANTIOQUIA,MEDELLIN,89500,14583,2
74040811,2026-05-08,ENTREGADO,SERVIENTREGA,240051560811,HUILA,NEIVA,49600,18805,2
74042070,2026-05-07,EN REPARTO,INTERRAPIDISIMO,240051562070,CUNDINAMARCA,BOGOTA,45900,11296,1
74041592,2026-05-06,ENTREGADO,ENVIA,240051561592,NARIÑO,PASTO,64500,20752,2
74040264,2026-05-08,ENTREGADO,INTERRAPIDISIMO,240051560264,CALDAS,MANIZALES,83400,23308,0
74040649,2026-05-02,ENTREGADO,TCC,240051560649,RISARALDA,PEREIRA,56900,14059,1
74042030,2026-05-12,EN ESPERA DE RX,ENVIA,240051562030,VALLE DEL CAUCA,CALI,95800,18998,13
74041775,2026-05-10,DEVOLUCION,ENVIA,240051561775,CALDAS,MANIZALES,93900,17694,11
74040318,2026-05-02,ENTREGADO,SERVIENTREGA,240051560318,SANTANDER,BUCARAMANGA,78000,17420,1
74041703,2026-05-11,ENTREGADO,COORDINADORA,240051561703,CORDOBA,MONTERIA,68000,11925,0
74040643,2026-05-09,ENTREGADO,SERVIENTREGA,240051560643,HUILA,NEIVA,54600,13799,1
74040677,2026-05-04,ENTREGADO,ENVIA,240051560677,ANTIOQUIA,MEDELLIN,77300,14870,2
74041457,2026-05-12,ENTREGADO,ENVIA,240051561457,VALLE DEL CAUCA,CALI,98300,19595,1
74041504,2026-05-08,ENTREGADO,INTERRAPIDISIMO,240051561504,CALDAS,MANIZALES,72000,20517,1
74042057,2026-04-30,EN PROCESAMIENTO,ENVIA,240051562057,BOLIVAR,CARTAGENA,94300,22147,2
74041769,2026-05-04,DEVOLUCION,COORDINADORA,240051561769,BOLIVAR,CARTAGENA,69800,23836,10
74040604,2026-05-02,ENTREGADO,ENVIA,240051560604,NARIÑO,PASTO,54700,11766,1
74041638,2026-05-07,ENTREGADO,ENVIA,240051561638,CORDOBA,MONTERIA,55500,17484,0
74040115,2026-05-06,ENTREGADO,INTERRAPIDISIMO,240051560115,RISARALDA,PEREIRA,91700,17164,0
74040232,2026-04-29,ENTREGADO,TCC,240051560232,CUNDINAMARCA,BOGOTA,49900,15544,2
74042169,2026-05-06,EN PROCESAMIENTO,ENVIA,240051562169,MAGDALENA,SANTA MARTA,66800,17503,2
74040274,2026-05-11,ENTREGADO,SERVIENTREGA,240051560274,CALDAS,MANIZALES,98600,12446,1
74042301,2026-05-05,INTENTO DE ENTREGA,COORDINADORA,240051562301,BOLIVAR,CARTAGENA,65600,15147,1
74041750,2026-05-06,DEVOLUCION,ENVIA,240051561750,META,VILLAVICENCIO,94300,21957,11
74041848,2026-05-12,DEVOLUCION,INTERRAPIDISIMO,240051561848,TOLIMA,IBAGUE,45100,13857,6
74042119,2026-04-29,EN REPARTO,SERVIENTREGA,240051562119,SANTANDER,BUCARAMANGA,85500,19333,2
74041630,2026-05-03,ENTREGADO,INTERRAPIDISIMO,240051561630,CUNDINAMARCA,BOGOTA,72900,23503,1
74041139,2026-04-30,ENTREGADO,TCC,240051561139,CALDAS,MANIZALES,86300,12955,1
74041240,2026-05-03,ENTREGADO,COORDINADORA,240051561240,SANTANDER,BUCARAMANGA,82000,16426,1
74040506,2026-05-02,ENTREGADO,INTERRAPIDISIMO,240051560506,NARIÑO,PASTO,96200,13750,0
74041631,2026-05-08,ENTREGADO,ENVIA,240051561631,BOLIVAR,CARTAGENA,55000,13995,2
74040776,2026-05-01,ENTREGADO,TCC,240051560776,CUNDINAMARCA,BOGOTA,84300,22003,0
74040030,2026-05-10,ENTREGADO,SERVIENTREGA,240051560030,MAGDALENA,SANTA MARTA,97700,18477,0
74040442,2026-05-06,ENTREGADO,TCC,240051560442,SANTANDER,BUCARAMANGA,56400,13574,2
74041733,2026-05-06,ENTREGADO,ENVIA,240051561733,CORDOBA,MONTERIA,76100,20999,1
74041510,2026-04-30,ENTREGADO,ENVIA,240051561510,TOLIMA,IBAGUE,71000,18472,0
74041270,2026-05-12,ENTREGADO,TCC,240051561270,CUNDINAMARCA,BOGOTA,86800,22875,1
74040847,2026-05-02,ENTREGADO,INTERRAPIDISIMO,240051560847,SANTANDER,BUCARAMANGA,52100,12186,1
74040912,2026-05-06,ENTREGADO,SERVIENTREGA,240051560912,NARIÑO,PASTO,86100,12248,1
74041968,2026-05-06,NOVEDAD,SERVIENTREGA,240051561968,BOLIVAR,CARTAGENA,93600,16404,14
74042173,2026-05-07,EN BODEGA ORIGEN,TCC,240051562173,RISARALDA,PEREIRA,76500,17014,1
74041026,2026-05-04,ENTREGADO,COORDINADORA,240051561026,CALDAS,MANIZALES,95700,18872,1
74040300,2026-05-11,ENTREGADO,INTERRAPIDISIMO,240051560300,VALLE DEL CAUCA,CALI,68700,16281,0
74041603,2026-05-04,ENTREGADO,ENVIA,240051561603,RISARALDA,PEREIRA,58300,20617,2
74040612,2026-05-08,ENTREGADO,INTERRAPIDISIMO,240051560612,ATLANTICO,BARRANQUILLA,97700,21048,2
74040961,2026-05-08,ENTREGADO,INTERRAPIDISIMO,240051560961,SANTANDER,BUCARAMANGA,59300,22007,1
74042157,2026-05-02,DESPACHADA,ENVIA,240051562157,RISARALDA,PEREIRA,50300,22767,2
74041420,2026-05-10,ENTREGADO,ENVIA,240051561420,META,VILLAVICENCIO,48000,12202,1
74041102,2026-05-05,ENTREGADO,ENVIA,240051561102,CUNDINAMARCA,BOGOTA,96100,19135,0
74040356,2026-05-02,ENTREGADO,ENVIA,240051560356,HUILA,NEIVA,60300,16111,1
74040289,2026-05-06,ENTREGADO,TCC,240051560289,CALDAS,MANIZALES,54600,11931,0
74041954,2026-05-06,DEVOLUCION,ENVIA,240051561954,CALDAS,MANIZALES,66900,13458,11
74041484,2026-05-01,ENTREGADO,COORDINADORA,240051561484,CUNDINAMARCA,BOGOTA,51600,16027,2
74040901,2026-05-03,ENTREGADO,TCC,240051560901,META,VILLAVICENCIO,72800,23579,2
74041904,2026-05-09,DEVOLUCION,TCC,240051561904,CUNDINAMARCA,BOGOTA,91100,12127,10
74040348,2026-05-05,ENTREGADO,SERVIENTREGA,240051560348,BOLIVAR,CARTAGENA,47100,19645,0
74041734,2026-04-28,ENTREGADO,TCC,240051561734,RISARALDA,PEREIRA,82600,13133,0
74041131,2026-05-09,ENTREGADO,SERVIENTREGA,240051561131,MAGDALENA,SANTA MARTA,97600,17091,2
74042165,2026-05-02,DESPACHADA,INTERRAPIDISIMO,240051562165,CORDOBA,MONTERIA,93000,16006,2
74040163,2026-05-10,ENTREGADO,ENVIA,240051560163,CALDAS,MANIZALES,61800,14233,0
74040783,2026-05-06,ENTREGADO,INTERRAPIDISIMO,240051560783,CORDOBA,MONTERIA,58800,18906,1
74040605,2026-05-06,ENTREGADO,COORDINADORA,240051560605,CUNDINAMARCA,BOGOTA,87800,11692,2
74040365,2026-05-07,ENTREGADO,COORDINADORA,240051560365,NARIÑO,PASTO,65000,19303,1
74040245,2026-05-03,ENTREGADO,ENVIA,240051560245,TOLIMA,IBAGUE,93900,11145,1
74041950,2026-05-06,DEVOLUCION,ENVIA,240051561950,CUNDINAMARCA,BOGOTA,63100,10579,6
74041186,2026-05-06,ENTREGADO,TCC,240051561186,TOLIMA,IBAGUE,94800,18093,1
74041936,2026-05-12,DEVOLUCION,ENVIA,240051561936,CUNDINAMARCA,BOGOTA,60700,14233,10
74040716,2026-05-05,ENTREGADO,SERVIENTREGA,240051560716,ANTIOQUIA,MEDELLIN,49600,22696,1
74041930,2026-05-01,DEVOLUCION,ENVIA,240051561930,ANTIOQUIA,MEDELLIN,69100,11194,14
74040237,2026-05-09,ENTREGADO,TCC,240051560237,CORDOBA,MONTERIA,88800,19415,0
74040464,2026-05-08,ENTREGADO,ENVIA,240051560464,ANTIOQUIA,MEDELLIN,68700,11922,1
74041003,2026-05-05,ENTREGADO,INTERRAPIDISIMO,240051561003,ANTIOQUIA,MEDELLIN,95100,19136,2
74041787,2026-05-12,DEVOLUCION,ENVIA,240051561787,CUNDINAMARCA,BOGOTA,53800,10933,13
74040717,2026-05-10,ENTREGADO,SERVIENTREGA,240051560717,SANTANDER,BUCARAMANGA,48300,20833,0
74041456,2026-05-06,ENTREGADO,COORDINADORA,240051561456,SANTANDER,BUCARAMANGA,47200,15276,1
74040116,2026-05-05,ENTREGADO,SERVIENTREGA,240051560116,RISARALDA,PEREIRA,75500,23579,1
74041323,2026-05-09,ENTREGADO,COORDINADORA,240051561323,CALDAS,MANIZALES,47600,20858,0
74041745,2026-05-03,DEVOLUCION,ENVIA,240051561745,META,VILLAVICENCIO,52500,16262,4
74040589,2026-05-03,ENTREGADO,COORDINADORA,240051560589,ATLANTICO,BARRANQUILLA,58700,12843,1
74040267,2026-05-02,ENTREGADO,SERVIENTREGA,240051560267,TOLIMA,IBAGUE,73000,12150,0
74042278,2026-05-03,CITA PROGRAMADA,INTERRAPIDISIMO,240051562278,BOLIVAR,CARTAGENA,85000,35964,1
74041208,2026-05-04,ENTREGADO,INTERRAPIDISIMO,240051561208,VALLE DEL CAUCA,CALI,62800,16149,0
74042268,2026-05-08,CITA PROGRAMADA,ENVIA,240051562268,RISARALDA,PEREIRA,70800,36469,1
74041965,2026-05-04,DEVOLUCION,ENVIA,240051561965,CUNDINAMARCA,BOGOTA,91600,11118,3
74040179,2026-05-03,ENTREGADO,ENVIA,240051560179,BOLIVAR,CARTAGENA,67200,16136,2
74040872,2026-05-03,ENTREGADO,ENVIA,240051560872,CORDOBA,MONTERIA,51000,14454,0
74040129,2026-05-11,ENTREGADO,TCC,240051560129,ANTIOQUIA,MEDELLIN,67500,14157,2
74041905,2026-05-08,DEVOLUCION,ENVIA,240051561905,TOLIMA,IBAGUE,92800,23414,5
74041967,2026-05-07,DEVOLUCION,COORDINADORA,240051561967,CUNDINAMARCA,BOGOTA,81200,15935,8
74040668,2026-04-28,ENTREGADO,ENVIA,240051560668,HUILA,NEIVA,64900,10615,2
74040101,2026-04-29,ENTREGADO,TCC,240051560101,CUNDINAMARCA,BOGOTA,54200,18414,0
74040477,2026-05-09,ENTREGADO,COORDINADORA,240051560477,META,VILLAVICENCIO,77500,19271,1
74041142,2026-05-06,ENTREGADO,ENVIA,240051561142,ATLANTICO,BARRANQUILLA,98700,21111,0
74040790,2026-05-06,ENTREGADO,COORDINADORA,240051560790,CORDOBA,MONTERIA,74300,22347,2
74040985,2026-05-12,ENTREGADO,TCC,240051560985,VALLE DEL CAUCA,CALI,82800,20709,0
74040171,2026-05-06,ENTREGADO,SERVIENTREGA,240051560171,MAGDALENA,SANTA MARTA,85900,18417,2
74041464,2026-05-09,ENTREGADO,COORDINADORA,240051561464,TOLIMA,IBAGUE,57800,17483,2
74041103,2026-04-30,ENTREGADO,INTERRAPIDISIMO,240051561103,BOLIVAR,CARTAGENA,45100,12215,0
74041788,2026-05-07,DEVOLUCION,SERVIENTREGA,240051561788,CALDAS,MANIZALES,59400,19949,4
74041825,2026-04-30,DEVOLUCION,COORDINADORA,240051561825,CUNDINAMARCA,BOGOTA,48300,23938,10
74041728,2026-05-11,ENTREGADO,SERVIENTREGA,240051561728,NARIÑO,PASTO,89500,18245,0
74040404,2026-05-12,ENTREGADO,INTERRAPIDISIMO,240051560404,ATLANTICO,BARRANQUILLA,62000,18674,1
74042244,2026-05-13,EN REPARTO,ENVIA,240051562244,TOLIMA,IBAGUE,94500,18312,1
74040637,2026-05-04,ENTREGADO,COORDINADORA,240051560637,NARIÑO,PASTO,78400,12424,0
74041256,2026-05-10,ENTREGADO,COORDINADORA,240051561256,RISARALDA,PEREIRA,98400,18152,2
74041070,2026-05-05,ENTREGADO,ENVIA,240051561070,NARIÑO,PASTO,73600,16912,2
74041890,2026-05-05,DEVOLUCION,ENVIA,240051561890,META,VILLAVICENCIO,54500,14660,6
74042253,2026-05-09,EN BODEGA TRANSPORTADORA,COORDINADORA,240051562253,ATLANTICO,BARRANQUILLA,57700,16226,3
74041492,2026-05-07,ENTREGADO,COORDINADORA,240051561492,ANTIOQUIA,MEDELLIN,55500,12294,0
74041355,2026-05-08,ENTREGADO,COORDINADORA,240051561355,TOLIMA,IBAGUE,56600,13934,0
74040282,2026-05-06,ENTREGADO,INTERRAPIDISIMO,240051560282,BOLIVAR,CARTAGENA,82400,21475,2
74041124,2026-05-05,ENTREGADO,TCC,240051561124,CORDOBA,MONTERIA,53400,15565,0
74042008,2026-05-06,EN ESPERA DE RX,TCC,240051562008,HUILA,NEIVA,74800,10288,10
74040140,2026-05-07,ENTREGADO,COORDINADORA,240051560140,NARIÑO,PASTO,86300,23897,1
74042096,2026-05-06,DESPACHADA,INTERRAPIDISIMO,240051562096,NARIÑO,PASTO,95900,15835,3
74040870,2026-05-03,ENTREGADO,ENVIA,240051560870,ATLANTICO,BARRANQUILLA,67500,21529,0
74040223,2026-05-06,ENTREGADO,ENVIA,240051560223,ATLANTICO,BARRANQUILLA,60600,19242,0
74041015,2026-05-07,ENTREGADO,SERVIENTREGA,240051561015,ATLANTICO,BARRANQUILLA,91200,13872,2
74041357,2026-05-05,ENTREGADO,INTERRAPIDISIMO,240051561357,BOLIVAR,CARTAGENA,73900,14422,2
74042197,2026-05-07,TELEMERCADEO,ENVIA,240051562197,SANTANDER,BUCARAMANGA,55400,14610,1
74040972,2026-05-03,ENTREGADO,TCC,240051560972,META,VILLAVICENCIO,59000,14022,0
74041916,2026-05-03,DEVOLUCION,ENVIA,240051561916,TOLIMA,IBAGUE,83500,13003,10
74041372,2026-05-05,ENTREGADO,SERVIENTREGA,240051561372,TOLIMA,IBAGUE,88600,21847,1
74040824,2026-05-08,ENTREGADO,TCC,240051560824,RISARALDA,PEREIRA,88200,11101,0
74040789,2026-05-12,ENTREGADO,COORDINADORA,240051560789,ANTIOQUIA,MEDELLIN,85000,20508,2
74042340,2026-04-29,TELEMERCADEO,INTERRAPIDISIMO,240051562340,SANTANDER,BUCARAMANGA,75300,10200,1
74040387,2026-05-05,ENTREGADO,INTERRAPIDISIMO,240051560387,RISARALDA,PEREIRA,76000,10393,2
74040672,2026-05-06,ENTREGADO,COORDINADORA,240051560672,SANTANDER,BUCARAMANGA,63200,19214,2
74040425,2026-05-11,ENTREGADO,COORDINADORA,240051560425,VALLE DEL CAUCA,CALI,91400,18660,1
74041912,2026-05-02,DEVOLUCION,ENVIA,240051561912,CUNDINAMARCA,BOGOTA,66000,11762,11
74041821,2026-04-28,DEVOLUCION,COORDINADORA,240051561821,CORDOBA,MONTERIA,95700,16312,1
74040564,2026-05-13,ENTREGADO,ENVIA,240051560564,NARIÑO,PASTO,52400,15266,1
74040607,2026-05-05,ENTREGADO,ENVIA,240051560607,CORDOBA,MONTERIA,48100,20432,1
74042039,2026-05-02,NOVEDAD,ENVIA,240051562039,ANTIOQUIA,MEDELLIN,48600,16791,4
74040447,2026-05-04,ENTREGADO,COORDINADORA,240051560447,VALLE DEL CAUCA,CALI,81900,21237,2
74040523,2026-05-05,ENTREGADO,INTERRAPIDISIMO,240051560523,ANTIOQUIA,MEDELLIN,46300,19047,0
74041463,2026-05-06,ENTREGADO,TCC,240051561463,ATLANTICO,BARRANQUILLA,50300,17893,1
74041581,2026-05-08,ENTREGADO,TCC,240051561581,META,VILLAVICENCIO,90800,13206,1
74041585,2026-05-10,ENTREGADO,SERVIENTREGA,240051561585,TOLIMA,IBAGUE,65700,23287,0
74042178,2026-05-07,EN PROCESAMIENTO,ENVIA,240051562178,NARIÑO,PASTO,47600,16304,1
74041783,2026-05-13,DEVOLUCION,ENVIA,240051561783,CUNDINAMARCA,BOGOTA,79200,15658,13
74041855,2026-04-29,DEVOLUCION,COORDINADORA,240051561855,CUNDINAMARCA,BOGOTA,53200,19791,12
74040475,2026-05-04,ENTREGADO,COORDINADORA,240051560475,META,VILLAVICENCIO,77700,12149,1
74040508,2026-05-09,ENTREGADO,TCC,240051560508,MAGDALENA,SANTA MARTA,98300,22125,1
74040489,2026-05-10,ENTREGADO,ENVIA,240051560489,HUILA,NEIVA,66900,20770,2
74041906,2026-05-03,DEVOLUCION,ENVIA,240051561906,ANTIOQUIA,MEDELLIN,77600,10382,9
74040856,2026-05-07,ENTREGADO,INTERRAPIDISIMO,240051560856,SANTANDER,BUCARAMANGA,88800,10483,1
74040933,2026-05-08,ENTREGADO,INTERRAPIDISIMO,240051560933,RISARALDA,PEREIRA,53000,17553,2
74041478,2026-05-06,ENTREGADO,TCC,240051561478,BOLIVAR,CARTAGENA,65800,22733,1
74041925,2026-05-07,DEVOLUCION,TCC,240051561925,BOLIVAR,CARTAGENA,82700,21394,12
74041898,2026-05-01,DEVOLUCION,TCC,240051561898,CUNDINAMARCA,BOGOTA,77900,20929,12
74041983,2026-05-10,RECLAME EN OFICINA,COORDINADORA,240051561983,CORDOBA,MONTERIA,91200,19971,11
74040934,2026-05-12,ENTREGADO,INTERRAPIDISIMO,240051560934,HUILA,NEIVA,88200,16634,1
74041536,2026-05-04,ENTREGADO,INTERRAPIDISIMO,240051561536,BOLIVAR,CARTAGENA,80300,15024,0
74040594,2026-05-09,ENTREGADO,ENVIA,240051560594,RISARALDA,PEREIRA,72200,15127,2
74040929,2026-05-11,ENTREGADO,COORDINADORA,240051560929,TOLIMA,IBAGUE,72100,23001,1
74040288,2026-05-12,ENTREGADO,SERVIENTREGA,240051560288,CORDOBA,MONTERIA,86100,19852,1
74040962,2026-05-07,ENTREGADO,TCC,240051560962,TOLIMA,IBAGUE,70500,16236,0
74040243,2026-05-06,ENTREGADO,TCC,240051560243,SANTANDER,BUCARAMANGA,77900,17387,1
74042333,2026-05-05,INTENTO DE ENTREGA,TCC,240051562333,ATLANTICO,BARRANQUILLA,61200,22693,2
74041184,2026-05-04,ENTREGADO,ENVIA,240051561184,HUILA,NEIVA,63700,20507,1
74041348,2026-04-29,ENTREGADO,TCC,240051561348,TOLIMA,IBAGUE,65800,12353,2
74040185,2026-05-06,ENTREGADO,COORDINADORA,240051560185,BOLIVAR,CARTAGENA,61700,16747,1
74041895,2026-05-01,DEVOLUCION,ENVIA,240051561895,HUILA,NEIVA,87800,14422,7
74042231,2026-05-05,EN BODEGA DESTINO,COORDINADORA,240051562231,META,VILLAVICENCIO,62700,11264,2
74040952,2026-05-07,ENTREGADO,COORDINADORA,240051560952,RISARALDA,PEREIRA,83600,17054,0
74041477,2026-05-05,ENTREGADO,COORDINADORA,240051561477,ATLANTICO,BARRANQUILLA,68600,16822,0
74041250,2026-05-08,ENTREGADO,TCC,240051561250,RISARALDA,PEREIRA,99100,10586,1
74042017,2026-05-13,NOVEDAD,INTERRAPIDISIMO,240051562017,CALDAS,MANIZALES,66700,18922,1
74040745,2026-04-28,ENTREGADO,COORDINADORA,240051560745,CALDAS,MANIZALES,69400,16750,2
74041545,2026-05-07,ENTREGADO,TCC,240051561545,BOLIVAR,CARTAGENA,52200,23956,1
74042021,2026-05-06,EN ESPERA DE RX,TCC,240051562021,CALDAS,MANIZALES,60100,10296,5
74041404,2026-05-02,ENTREGADO,TCC,240051561404,ATLANTICO,BARRANQUILLA,48500,13737,2
74040334,2026-05-04,ENTREGADO,ENVIA,240051560334,SANTANDER,BUCARAMANGA,91800,14572,1
74041677,2026-05-09,ENTREGADO,COORDINADORA,240051561677,CALDAS,MANIZALES,48500,23635,1
74041265,2026-04-29,ENTREGADO,TCC,240051561265,CORDOBA,MONTERIA,70300,16448,2
74042218,2026-05-10,INTENTO DE ENTREGA,ENVIA,240051562218,TOLIMA,IBAGUE,74900,10360,1
74041830,2026-05-07,DEVOLUCION,ENVIA,240051561830,ATLANTICO,BARRANQUILLA,66200,15681,8
74042105,2026-05-06,INTENTO DE ENTREGA,TCC,240051562105,BOLIVAR,CARTAGENA,95100,22373,1
74040175,2026-05-10,ENTREGADO,SERVIENTREGA,240051560175,RISARALDA,PEREIRA,84900,16032,0
74040238,2026-05-09,ENTREGADO,INTERRAPIDISIMO,240051560238,CUNDINAMARCA,BOGOTA,86100,11448,2
74040624,2026-05-14,ENTREGADO,COORDINADORA,240051560624,SANTANDER,BUCARAMANGA,46200,17344,1
74042255,2026-05-06,EN BODEGA DESTINO,SERVIENTREGA,240051562255,ATLANTICO,BARRANQUILLA,75000,16561,2
74040453,2026-05-05,ENTREGADO,ENVIA,240051560453,VALLE DEL CAUCA,CALI,68400,10561,1
74040550,2026-05-02,ENTREGADO,COORDINADORA,240051560550,RISARALDA,PEREIRA,45700,18367,1
74041081,2026-05-06,ENTREGADO,INTERRAPIDISIMO,240051561081,META,VILLAVICENCIO,53900,23034,0
74041202,2026-05-05,ENTREGADO,TCC,240051561202,NARIÑO,PASTO,64300,18904,2
74040061,2026-04-28,ENTREGADO,TCC,240051560061,CALDAS,MANIZALES,70900,18437,2
74042123,2026-05-06,EN PROCESAMIENTO,ENVIA,240051562123,TOLIMA,IBAGUE,69300,20383,1
74041194,2026-05-09,ENTREGADO,INTERRAPIDISIMO,240051561194,ATLANTICO,BARRANQUILLA,61900,11598,1
74041119,2026-05-04,ENTREGADO,TCC,240051561119,CORDOBA,MONTERIA,73400,17298,2
74041583,2026-05-02,ENTREGADO,TCC,240051561583,MAGDALENA,SANTA MARTA,47400,15623,2
74040998,2026-05-11,ENTREGADO,SERVIENTREGA,240051560998,CORDOBA,MONTERIA,53100,19500,0
74040051,2026-05-05,ENTREGADO,COORDINADORA,240051560051,TOLIMA,IBAGUE,86200,22970,0
74042011,2026-05-10,NOVEDAD,ENVIA,240051562011,HUILA,NEIVA,55200,17851,5
74042083,2026-05-07,DESPACHADA,SERVIENTREGA,240051562083,CORDOBA,MONTERIA,55200,10308,3
74041283,2026-05-02,ENTREGADO,SERVIENTREGA,240051561283,SANTANDER,BUCARAMANGA,97400,16342,1
74042014,2026-05-13,NOVEDAD,ENVIA,240051562014,CUNDINAMARCA,BOGOTA,61300,18781,13
74041861,2026-05-07,DEVOLUCION,SERVIENTREGA,240051561861,CUNDINAMARCA,BOGOTA,63200,12723,11
74041154,2026-05-06,ENTREGADO,ENVIA,240051561154,ATLANTICO,BARRANQUILLA,80800,16000,0
74041143,2026-04-29,ENTREGADO,COORDINADORA,240051561143,ATLANTICO,BARRANQUILLA,50000,21857,0
74041317,2026-05-09,ENTREGADO,COORDINADORA,240051561317,CALDAS,MANIZALES,85900,13041,0
74041220,2026-05-01,ENTREGADO,SERVIENTREGA,240051561220,VALLE DEL CAUCA,CALI,51000,15112,1
74041785,2026-05-09,DEVOLUCION,ENVIA,240051561785,CUNDINAMARCA,BOGOTA,74500,20234,11
74041661,2026-05-03,ENTREGADO,INTERRAPIDISIMO,240051561661,HUILA,NEIVA,55000,21507,1
74041567,2026-05-06,ENTREGADO,ENVIA,240051561567,CORDOBA,MONTERIA,91200,10529,1
74042120,2026-05-05,INTENTO DE ENTREGA,ENVIA,240051562120,RISARALDA,PEREIRA,72200,16260,1
74040848,2026-05-05,ENTREGADO,INTERRAPIDISIMO,240051560848,MAGDALENA,SANTA MARTA,92000,22398,2
74040278,2026-05-13,ENTREGADO,SERVIENTREGA,240051560278,ATLANTICO,BARRANQUILLA,94700,21266,2
74041834,2026-05-06,DEVOLUCION,ENVIA,240051561834,HUILA,NEIVA,55700,16849,5
74041223,2026-04-30,ENTREGADO,COORDINADORA,240051561223,NARIÑO,PASTO,79200,15960,1
74041903,2026-05-08,DEVOLUCION,ENVIA,240051561903,CUNDINAMARCA,BOGOTA,62500,19491,4
74040373,2026-05-03,ENTREGADO,TCC,240051560373,CALDAS,MANIZALES,97300,14529,0
74040667,2026-04-30,ENTREGADO,INTERRAPIDISIMO,240051560667,CUNDINAMARCA,BOGOTA,75200,19765,0
74040836,2026-05-05,ENTREGADO,SERVIENTREGA,240051560836,VALLE DEL CAUCA,CALI,93600,14603,0
74040913,2026-05-08,ENTREGADO,SERVIENTREGA,240051560913,NARIÑO,PASTO,46100,22831,1
74042162,2026-05-06,EN BODEGA ORIGEN,ENVIA,240051562162,CUNDINAMARCA,BOGOTA,68100,15809,3
74041483,2026-05-06,ENTREGADO,INTERRAPIDISIMO,240051561483,ANTIOQUIA,MEDELLIN,47400,11737,1
74040775,2026-05-05,ENTREGADO,ENVIA,240051560775,CALDAS,MANIZALES,56800,12657,1
74040522,2026-05-06,ENTREGADO,SERVIENTREGA,240051560522,VALLE DEL CAUCA,CALI,82200,12721,0
74042095,2026-05-06,EN BODEGA DESTINO,ENVIA,240051562095,CORDOBA,MONTERIA,81200,15787,1
74042273,2026-05-06,EN REEXPEDICION,TCC,240051562273,ATLANTICO,BARRANQUILLA,62200,34506,3
74041966,2026-04-28,DEVOLUCION,INTERRAPIDISIMO,240051561966,ANTIOQUIA,MEDELLIN,81200,15609,7
74042216,2026-05-07,TELEMERCADEO,ENVIA,240051562216,TOLIMA,IBAGUE,91100,15459,1
74041062,2026-04-30,ENTREGADO,INTERRAPIDISIMO,240051561062,MAGDALENA,SANTA MARTA,89600,14535,1
74042206,2026-05-02,EN REPARTO,ENVIA,240051562206,VALLE DEL CAUCA,CALI,54800,20593,1
74040722,2026-05-08,ENTREGADO,ENVIA,240051560722,VALLE DEL CAUCA,CALI,72600,17250,2
74040817,2026-05-05,ENTREGADO,TCC,240051560817,NARIÑO,PASTO,70800,20992,0
74040407,2026-04-30,ENTREGADO,TCC,240051560407,CALDAS,MANIZALES,77800,21792,1
74041072,2026-05-04,ENTREGADO,TCC,240051561072,NARIÑO,PASTO,67200,12744,1
74040473,2026-05-06,ENTREGADO,COORDINADORA,240051560473,ANTIOQUIA,MEDELLIN,46000,13858,0
74040113,2026-05-02,ENTREGADO,ENVIA,240051560113,TOLIMA,IBAGUE,73200,12123,1
74041899,2026-05-08,DEVOLUCION,COORDINADORA,240051561899,MAGDALENA,SANTA MARTA,76600,21134,11
74042191,2026-05-11,EN BODEGA TRANSPORTADORA,COORDINADORA,240051562191,VALLE DEL CAUCA,CALI,91200,16432,1
74042004,2026-05-08,NOVEDAD,INTERRAPIDISIMO,240051562004,CUNDINAMARCA,BOGOTA,89900,17454,8
74041424,2026-04-30,ENTREGADO,SERVIENTREGA,240051561424,CUNDINAMARCA,BOGOTA,55400,13666,0
74042022,2026-05-06,EN ESPERA DE RX,COORDINADORA,240051562022,RISARALDA,PEREIRA,84700,21021,5
74041801,2026-05-07,DEVOLUCION,ENVIA,240051561801,MAGDALENA,SANTA MARTA,95000,10638,10
74041075,2026-05-06,ENTREGADO,SERVIENTREGA,240051561075,VALLE DEL CAUCA,CALI,67300,17796,0
74040230,2026-05-01,ENTREGADO,TCC,240051560230,ANTIOQUIA,MEDELLIN,56300,11401,1
74041527,2026-05-04,ENTREGADO,SERVIENTREGA,240051561527,CALDAS,MANIZALES,49100,10363,0
74041327,2026-05-07,ENTREGADO,TCC,240051561327,CUNDINAMARCA,BOGOTA,90800,21418,1
74040023,2026-05-07,ENTREGADO,COORDINADORA,240051560023,ANTIOQUIA,MEDELLIN,67400,12292,0
74041118,2026-05-03,ENTREGADO,ENVIA,240051561118,BOLIVAR,CARTAGENA,64300,13165,1
74041546,2026-05-07,ENTREGADO,SERVIENTREGA,240051561546,SANTANDER,BUCARAMANGA,92200,13772,0
74041391,2026-05-07,ENTREGADO,SERVIENTREGA,240051561391,RISARALDA,PEREIRA,74600,20338,0
74041178,2026-05-09,ENTREGADO,INTERRAPIDISIMO,240051561178,TOLIMA,IBAGUE,78300,15279,1
74042122,2026-05-07,DESPACHADA,COORDINADORA,240051562122,BOLIVAR,CARTAGENA,75900,23669,1
74041556,2026-05-03,ENTREGADO,ENVIA,240051561556,CALDAS,MANIZALES,49900,19719,0
74040353,2026-05-10,ENTREGADO,COORDINADORA,240051560353,CORDOBA,MONTERIA,88100,13777,1
74041349,2026-05-10,ENTREGADO,ENVIA,240051561349,SANTANDER,BUCARAMANGA,86800,21428,2
74042302,2026-04-29,EN PROCESAMIENTO,ENVIA,240051562302,ATLANTICO,BARRANQUILLA,65700,12197,3
74042150,2026-05-08,DESPACHADA,TCC,240051562150,BOLIVAR,CARTAGENA,62700,10103,1
74041236,2026-05-06,ENTREGADO,COORDINADORA,240051561236,VALLE DEL CAUCA,CALI,91600,14151,2
74040405,2026-05-12,ENTREGADO,INTERRAPIDISIMO,240051560405,ATLANTICO,BARRANQUILLA,76600,18334,2
74041548,2026-05-06,ENTREGADO,ENVIA,240051561548,HUILA,NEIVA,76700,21617,0
74041007,2026-05-11,ENTREGADO,TCC,240051561007,META,VILLAVICENCIO,80400,19298,1
74040350,2026-05-04,ENTREGADO,TCC,240051560350,VALLE DEL CAUCA,CALI,69700,18260,1
74041804,2026-05-03,DEVOLUCION,ENVIA,240051561804,CUNDINAMARCA,BOGOTA,55000,17161,8
74041267,2026-05-15,ENTREGADO,COORDINADORA,240051561267,SANTANDER,BUCARAMANGA,76300,15688,1
74040138,2026-05-08,ENTREGADO,COORDINADORA,240051560138,ATLANTICO,BARRANQUILLA,95300,11381,0
74041791,2026-05-08,DEVOLUCION,ENVIA,240051561791,HUILA,NEIVA,86200,16207,3
74041852,2026-05-05,DEVOLUCION,ENVIA,240051561852,CORDOBA,MONTERIA,84200,11299,7
74040024,2026-04-29,ENTREGADO,TCC,240051560024,CUNDINAMARCA,BOGOTA,49400,20709,2
74042071,2026-05-04,DESPACHADA,INTERRAPIDISIMO,240051562071,ATLANTICO,BARRANQUILLA,61600,15036,1
74041239,2026-04-30,ENTREGADO,ENVIA,240051561239,CALDAS,MANIZALES,95600,18440,1
74040211,2026-05-08,ENTREGADO,INTERRAPIDISIMO,240051560211,SANTANDER,BUCARAMANGA,55700,22691,0
74040196,2026-05-02,ENTREGADO,SERVIENTREGA,240051560196,SANTANDER,BUCARAMANGA,46800,15439,0
74041166,2026-05-09,ENTREGADO,SERVIENTREGA,240051561166,SANTANDER,BUCARAMANGA,50100,12369,2
74041419,2026-05-10,ENTREGADO,ENVIA,240051561419,RISARALDA,PEREIRA,75800,19980,1
74041311,2026-05-05,ENTREGADO,COORDINADORA,240051561311,ANTIOQUIA,MEDELLIN,87100,11309,2
74040720,2026-05-05,ENTREGADO,INTERRAPIDISIMO,240051560720,RISARALDA,PEREIRA,45400,10884,0
74041857,2026-05-04,DEVOLUCION,COORDINADORA,240051561857,CUNDINAMARCA,BOGOTA,86000,12679,13
74042245,2026-05-13,EN BODEGA ORIGEN,ENVIA,240051562245,CORDOBA,MONTERIA,95100,20419,2
74041123,2026-05-08,ENTREGADO,INTERRAPIDISIMO,240051561123,TOLIMA,IBAGUE,45000,10999,0
74041426,2026-05-05,ENTREGADO,COORDINADORA,240051561426,MAGDALENA,SANTA MARTA,94300,14420,0
74041068,2026-04-27,ENTREGADO,SERVIENTREGA,240051561068,VALLE DEL CAUCA,CALI,90500,11302,1
74042250,2026-05-04,DESPACHADA,INTERRAPIDISIMO,240051562250,MAGDALENA,SANTA MARTA,61400,21409,1
74041387,2026-05-09,ENTREGADO,COORDINADORA,240051561387,SANTANDER,BUCARAMANGA,66600,17521,1
74041289,2026-05-07,ENTREGADO,TCC,240051561289,VALLE DEL CAUCA,CALI,89400,14806,0
74040681,2026-05-10,ENTREGADO,TCC,240051560681,VALLE DEL CAUCA,CALI,62600,13008,0
74040149,2026-05-03,ENTREGADO,SERVIENTREGA,240051560149,ATLANTICO,BARRANQUILLA,85600,23628,0
74041158,2026-05-09,ENTREGADO,ENVIA,240051561158,META,VILLAVICENCIO,62300,17288,0
74040924,2026-05-02,ENTREGADO,INTERRAPIDISIMO,240051560924,ANTIOQUIA,MEDELLIN,77400,19382,0
74041918,2026-05-10,DEVOLUCION,INTERRAPIDISIMO,240051561918,VALLE DEL CAUCA,CALI,49300,13732,13
74040772,2026-05-11,ENTREGADO,SERVIENTREGA,240051560772,CORDOBA,MONTERIA,66600,11190,2
74042296,2026-05-03,EN BODEGA ORIGEN,ENVIA,240051562296,META,VILLAVICENCIO,94600,21774,2
74040368,2026-05-04,ENTREGADO,COORDINADORA,240051560368,CORDOBA,MONTERIA,54600,18869,0
74040580,2026-05-07,ENTREGADO,TCC,240051560580,ATLANTICO,BARRANQUILLA,60200,21839,2
74040182,2026-05-02,ENTREGADO,COORDINADORA,240051560182,NARIÑO,PASTO,51700,12104,0
74041980,2026-05-07,RECLAME EN OFICINA,INTERRAPIDISIMO,240051561980,META,VILLAVICENCIO,92200,11540,6
74041847,2026-05-05,DEVOLUCION,TCC,240051561847,META,VILLAVICENCIO,77100,20345,11
74040321,2026-05-09,ENTREGADO,TCC,240051560321,NARIÑO,PASTO,67900,18387,1
74041209,2026-05-10,ENTREGADO,INTERRAPIDISIMO,240051561209,MAGDALENA,SANTA MARTA,62000,21559,1
74040127,2026-05-01,ENTREGADO,SERVIENTREGA,240051560127,HUILA,NEIVA,79400,21237,1
74041264,2026-05-03,ENTREGADO,SERVIENTREGA,240051561264,RISARALDA,PEREIRA,47100,22022,2
74041402,2026-05-06,ENTREGADO,TCC,240051561402,TOLIMA,IBAGUE,91200,21261,1
74041521,2026-05-08,ENTREGADO,COORDINADORA,240051561521,NARIÑO,PASTO,52000,23038,0
74042324,2026-05-04,CITA PROGRAMADA,SERVIENTREGA,240051562324,BOLIVAR,CARTAGENA,96500,41686,2
74041389,2026-05-05,ENTREGADO,SERVIENTREGA,240051561389,HUILA,NEIVA,79700,22592,1
74042034,2026-05-07,NOVEDAD,ENVIA,240051562034,CORDOBA,MONTERIA,76500,13910,11
74041761,2026-04-28,DEVOLUCION,SERVIENTREGA,240051561761,CORDOBA,MONTERIA,92900,15547,11
74042128,2026-05-02,EN REPARTO,COORDINADORA,240051562128,HUILA,NEIVA,95300,13280,1
74040020,2026-05-08,ENTREGADO,TCC,240051560020,CORDOBA,MONTERIA,48600,18157,0
74040611,2026-05-09,ENTREGADO,TCC,240051560611,VALLE DEL CAUCA,CALI,58800,19879,2
74040339,2026-05-01,ENTREGADO,INTERRAPIDISIMO,240051560339,VALLE DEL CAUCA,CALI,95900,13075,0
74041615,2026-05-07,ENTREGADO,INTERRAPIDISIMO,240051561615,MAGDALENA,SANTA MARTA,70100,10116,0
74042240,2026-05-07,EN BODEGA ORIGEN,ENVIA,240051562240,BOLIVAR,CARTAGENA,90900,14881,3
74041738,2026-05-11,DEVOLUCION,INTERRAPIDISIMO,240051561738,ANTIOQUIA,MEDELLIN,78800,19103,13
74040174,2026-05-07,ENTREGADO,SERVIENTREGA,240051560174,META,VILLAVICENCIO,95300,18025,2
74042046,2026-05-04,EN ESPERA DE RX,ENVIA,240051562046,TOLIMA,IBAGUE,56800,10465,10
74040379,2026-05-07,ENTREGADO,COORDINADORA,240051560379,TOLIMA,IBAGUE,99700,18929,0
74040082,2026-05-13,ENTREGADO,ENVIA,240051560082,CORDOBA,MONTERIA,73700,21740,2
74041159,2026-05-15,ENTREGADO,TCC,240051561159,BOLIVAR,CARTAGENA,93100,11501,1
74040203,2026-05-03,ENTREGADO,COORDINADORA,240051560203,BOLIVAR,CARTAGENA,54500,21859,0
74042103,2026-05-14,TELEMERCADEO,ENVIA,240051562103,ANTIOQUIA,MEDELLIN,82800,13869,2
74041664,2026-05-01,ENTREGADO,COORDINADORA,240051561664,BOLIVAR,CARTAGENA,79200,22477,1
74040942,2026-05-14,ENTREGADO,INTERRAPIDISIMO,240051560942,NARIÑO,PASTO,94100,10148,2
74042331,2026-05-05,EN PROCESAMIENTO,INTERRAPIDISIMO,240051562331,ANTIOQUIA,MEDELLIN,81100,20149,1
74041676,2026-05-01,ENTREGADO,INTERRAPIDISIMO,240051561676,CORDOBA,MONTERIA,62500,13240,1
74041864,2026-05-07,DEVOLUCION,ENVIA,240051561864,CUNDINAMARCA,BOGOTA,62400,18344,14
74040669,2026-05-10,ENTREGADO,TCC,240051560669,TOLIMA,IBAGUE,68600,12818,2
74041215,2026-05-05,ENTREGADO,INTERRAPIDISIMO,240051561215,NARIÑO,PASTO,92500,11193,1
74040418,2026-05-10,ENTREGADO,SERVIENTREGA,240051560418,ATLANTICO,BARRANQUILLA,54300,10540,1
74041976,2026-05-09,NOVEDAD,SERVIENTREGA,240051561976,ANTIOQUIA,MEDELLIN,90300,13345,13
74040159,2026-05-09,ENTREGADO,INTERRAPIDISIMO,240051560159,HUILA,NEIVA,95300,11563,2
74041036,2026-04-29,ENTREGADO,COORDINADORA,240051561036,NARIÑO,PASTO,81700,23319,0
74040105,2026-05-03,ENTREGADO,TCC,240051560105,CUNDINAMARCA,BOGOTA,98400,19233,0
74041319,2026-05-08,ENTREGADO,COORDINADORA,240051561319,ANTIOQUIA,MEDELLIN,71800,23237,0
74040034,2026-05-06,ENTREGADO,ENVIA,240051560034,RISARALDA,PEREIRA,61400,13090,1
74041502,2026-05-13,ENTREGADO,COORDINADORA,240051561502,RISARALDA,PEREIRA,85300,23742,2
74040679,2026-05-02,ENTREGADO,COORDINADORA,240051560679,META,VILLAVICENCIO,85500,14702,0
74041532,2026-05-12,ENTREGADO,SERVIENTREGA,240051561532,RISARALDA,PEREIRA,54200,20372,0
74040831,2026-05-04,ENTREGADO,INTERRAPIDISIMO,240051560831,ANTIOQUIA,MEDELLIN,83100,22340,2
74041136,2026-05-01,ENTREGADO,COORDINADORA,240051561136,CUNDINAMARCA,BOGOTA,80500,20237,1
74041298,2026-05-06,ENTREGADO,SERVIENTREGA,240051561298,HUILA,NEIVA,64700,11172,2
74040323,2026-04-29,ENTREGADO,ENVIA,240051560323,SANTANDER,BUCARAMANGA,84700,14217,0
74040073,2026-05-07,ENTREGADO,TCC,240051560073,HUILA,NEIVA,56300,13632,1
74040825,2026-05-05,ENTREGADO,COORDINADORA,240051560825,CALDAS,MANIZALES,63300,13238,0
74041207,2026-05-09,ENTREGADO,INTERRAPIDISIMO,240051561207,TOLIMA,IBAGUE,89700,23904,1
74041019,2026-05-05,ENTREGADO,INTERRAPIDISIMO,240051561019,BOLIVAR,CARTAGENA,81400,19983,1
74040865,2026-05-04,ENTREGADO,TCC,240051560865,ATLANTICO,BARRANQUILLA,60300,23268,2
74040439,2026-05-09,ENTREGADO,ENVIA,240051560439,VALLE DEL CAUCA,CALI,45900,12997,2
74041822,2026-05-07,DEVOLUCION,ENVIA,240051561822,CUNDINAMARCA,BOGOTA,78200,21642,12
74042299,2026-05-06,DESPACHADA,SERVIENTREGA,240051562299,RISARALDA,PEREIRA,73000,10826,2
74040887,2026-05-11,ENTREGADO,SERVIENTREGA,240051560887,CALDAS,MANIZALES,90000,17462,2
74040740,2026-05-08,ENTREGADO,COORDINADORA,240051560740,VALLE DEL CAUCA,CALI,99100,17025,1
74040434,2026-05-07,ENTREGADO,INTERRAPIDISIMO,240051560434,ATLANTICO,BARRANQUILLA,83100,15619,0
74042287,2026-05-13,INTENTO DE ENTREGA,ENVIA,240051562287,BOLIVAR,CARTAGENA,58100,10887,1
74040701,2026-05-05,ENTREGADO,ENVIA,240051560701,HUILA,NEIVA,60400,11900,0
74040807,2026-05-04,ENTREGADO,ENVIA,240051560807,RISARALDA,PEREIRA,59000,22940,2
74042239,2026-05-07,EN PROCESAMIENTO,INTERRAPIDISIMO,240051562239,TOLIMA,IBAGUE,74300,15816,1
74040778,2026-05-13,ENTREGADO,COORDINADORA,240051560778,SANTANDER,BUCARAMANGA,54000,12441,1
74041491,2026-05-10,ENTREGADO,TCC,240051561491,NARIÑO,PASTO,64600,23810,1
74041526,2026-05-01,ENTREGADO,TCC,240051561526,BOLIVAR,CARTAGENA,88400,18189,1
74040997,2026-05-08,ENTREGADO,SERVIENTREGA,240051560997,ANTIOQUIA,MEDELLIN,95100,19291,1
74041691,2026-05-05,ENTREGADO,ENVIA,240051561691,NARIÑO,PASTO,89800,12324,2
74040896,2026-05-04,ENTREGADO,TCC,240051560896,ATLANTICO,BARRANQUILLA,78300,22542,1
74041723,2026-05-09,ENTREGADO,SERVIENTREGA,240051561723,TOLIMA,IBAGUE,49300,21798,2
74041033,2026-05-03,ENTREGADO,COORDINADORA,240051561033,MAGDALENA,SANTA MARTA,75000,20150,1
74041140,2026-05-01,ENTREGADO,INTERRAPIDISIMO,240051561140,CALDAS,MANIZALES,65900,11676,2
74041673,2026-05-01,ENTREGADO,TCC,240051561673,ATLANTICO,BARRANQUILLA,90200,19961,2
74042224,2026-05-13,EN BODEGA TRANSPORTADORA,ENVIA,240051562224,MAGDALENA,SANTA MARTA,89300,12258,2
74041122,2026-05-08,ENTREGADO,INTERRAPIDISIMO,240051561122,RISARALDA,PEREIRA,76000,16824,0
74041107,2026-05-04,ENTREGADO,ENVIA,240051561107,VALLE DEL CAUCA,CALI,72000,23797,0
74042099,2026-05-05,EN REPARTO,ENVIA,240051562099,RISARALDA,PEREIRA,87200,19190,1
74040597,2026-05-05,ENTREGADO,SERVIENTREGA,240051560597,ATLANTICO,BARRANQUILLA,85300,13388,1
74041063,2026-05-01,ENTREGADO,COORDINADORA,240051561063,ATLANTICO,BARRANQUILLA,64000,13700,2
74040697,2026-05-01,ENTREGADO,TCC,240051560697,BOLIVAR,CARTAGENA,65300,15315,0
74041576,2026-05-05,ENTREGADO,SERVIENTREGA,240051561576,SANTANDER,BUCARAMANGA,47500,11044,2
74041125,2026-05-09,ENTREGADO,TCC,240051561125,ANTIOQUIA,MEDELLIN,86000,23782,2
74041790,2026-05-08,DEVOLUCION,TCC,240051561790,META,VILLAVICENCIO,79700,15833,10
74041784,2026-05-12,DEVOLUCION,INTERRAPIDISIMO,240051561784,VALLE DEL CAUCA,CALI,77600,12462,6
74041957,2026-04-28,DEVOLUCION,COORDINADORA,240051561957,CUNDINAMARCA,BOGOTA,89000,20057,6
74040291,2026-05-09,ENTREGADO,SERVIENTREGA,240051560291,HUILA,NEIVA,87100,20539,2
74041786,2026-04-29,DEVOLUCION,COORDINADORA,240051561786,META,VILLAVICENCIO,50700,20737,11
74041217,2026-05-10,ENTREGADO,COORDINADORA,240051561217,RISARALDA,PEREIRA,67300,20778,0
74040623,2026-05-12,ENTREGADO,COORDINADORA,240051560623,VALLE DEL CAUCA,CALI,54000,13672,0
74041393,2026-05-11,ENTREGADO,INTERRAPIDISIMO,240051561393,META,VILLAVICENCIO,97200,14099,1
74041360,2026-05-05,ENTREGADO,ENVIA,240051561360,TOLIMA,IBAGUE,47200,23624,2
74040540,2026-05-14,ENTREGADO,COORDINADORA,240051560540,RISARALDA,PEREIRA,58700,22031,0
74040833,2026-05-07,ENTREGADO,INTERRAPIDISIMO,240051560833,CORDOBA,MONTERIA,73800,23929,0
74041301,2026-05-07,ENTREGADO,INTERRAPIDISIMO,240051561301,CALDAS,MANIZALES,51700,10965,2
74040172,2026-05-05,ENTREGADO,COORDINADORA,240051560172,CORDOBA,MONTERIA,62600,12294,2
74040567,2026-05-08,ENTREGADO,ENVIA,240051560567,MAGDALENA,SANTA MARTA,68000,18180,1
74042237,2026-05-02,TELEMERCADEO,ENVIA,240051562237,MAGDALENA,SANTA MARTA,61200,18702,3
74040269,2026-05-03,ENTREGADO,INTERRAPIDISIMO,240051560269,META,VILLAVICENCIO,77700,21756,1
74041047,2026-05-12,ENTREGADO,SERVIENTREGA,240051561047,MAGDALENA,SANTA MARTA,70800,13762,0
74040157,2026-05-10,ENTREGADO,ENVIA,240051560157,ANTIOQUIA,MEDELLIN,67900,22775,2
74042280,2026-05-09,EN REPARTO,ENVIA,240051562280,CUNDINAMARCA,BOGOTA,78700,22271,2
74041278,2026-05-10,ENTREGADO,COORDINADORA,240051561278,BOLIVAR,CARTAGENA,64200,13013,2
74040098,2026-05-01,ENTREGADO,INTERRAPIDISIMO,240051560098,ATLANTICO,BARRANQUILLA,70500,13341,1
74040090,2026-05-07,ENTREGADO,INTERRAPIDISIMO,240051560090,BOLIVAR,CARTAGENA,79200,15421,1
74040921,2026-05-09,ENTREGADO,COORDINADORA,240051560921,CUNDINAMARCA,BOGOTA,92400,19599,1
74040588,2026-05-06,ENTREGADO,INTERRAPIDISIMO,240051560588,CORDOBA,MONTERIA,76900,14090,1
74042163,2026-05-02,CITA PROGRAMADA,ENVIA,240051562163,SANTANDER,BUCARAMANGA,55500,42572,3
74041193,2026-05-11,ENTREGADO,ENVIA,240051561193,SANTANDER,BUCARAMANGA,88600,13351,0
74040963,2026-05-05,ENTREGADO,COORDINADORA,240051560963,NARIÑO,PASTO,85500,23887,1
74041479,2026-04-29,ENTREGADO,ENVIA,240051561479,SANTANDER,BUCARAMANGA,72800,13352,2
74040130,2026-05-07,ENTREGADO,COORDINADORA,240051560130,META,VILLAVICENCIO,97400,15946,2
74041505,2026-05-06,ENTREGADO,INTERRAPIDISIMO,240051561505,MAGDALENA,SANTA MARTA,75000,15060,2
74041667,2026-05-09,ENTREGADO,COORDINADORA,240051561667,SANTANDER,BUCARAMANGA,59600,19630,1
74041826,2026-05-06,DEVOLUCION,ENVIA,240051561826,CALDAS,MANIZALES,99600,21995,12
74041608,2026-05-07,ENTREGADO,INTERRAPIDISIMO,240051561608,ANTIOQUIA,MEDELLIN,95900,14407,1
74041218,2026-05-08,ENTREGADO,INTERRAPIDISIMO,240051561218,VALLE DEL CAUCA,CALI,48100,10379,0
74042019,2026-05-13,NOVEDAD,SERVIENTREGA,240051562019,CORDOBA,MONTERIA,84000,22314,10
74041233,2026-04-29,ENTREGADO,ENVIA,240051561233,NARIÑO,PASTO,56200,12138,0
74041446,2026-05-10,ENTREGADO,SERVIENTREGA,240051561446,HUILA,NEIVA,65400,23875,1
74040155,2026-05-07,ENTREGADO,INTERRAPIDISIMO,240051560155,BOLIVAR,CARTAGENA,92100,13474,2
74042143,2026-05-08,CITA PROGRAMADA,ENVIA,240051562143,NARIÑO,PASTO,87900,37508,2
74042044,2026-05-08,RECLAME EN OFICINA,ENVIA,240051562044,HUILA,NEIVA,83300,11857,3
74040871,2026-05-05,ENTREGADO,TCC,240051560871,TOLIMA,IBAGUE,98500,12666,2
74042029,2026-04-28,RECLAME EN OFICINA,ENVIA,240051562029,RISARALDA,PEREIRA,93300,17067,9
74040862,2026-05-06,ENTREGADO,ENVIA,240051560862,SANTANDER,BUCARAMANGA,89200,13776,2
74040050,2026-05-12,ENTREGADO,TCC,240051560050,CORDOBA,MONTERIA,46800,13008,0
74040663,2026-05-01,ENTREGADO,COORDINADORA,240051560663,META,VILLAVICENCIO,92900,21828,2
74041921,2026-05-02,DEVOLUCION,SERVIENTREGA,240051561921,CUNDINAMARCA,BOGOTA,67500,18713,4
74041508,2026-05-02,ENTREGADO,TCC,240051561508,MAGDALENA,SANTA MARTA,46400,10271,2
74040797,2026-05-07,ENTREGADO,TCC,240051560797,CUNDINAMARCA,BOGOTA,79200,17217,1
74040370,2026-05-07,ENTREGADO,TCC,240051560370,META,VILLAVICENCIO,87000,15406,0
74041073,2026-04-29,ENTREGADO,COORDINADORA,240051561073,BOLIVAR,CARTAGENA,65000,11814,0
74042053,2026-04-28,INTENTO DE ENTREGA,ENVIA,240051562053,ATLANTICO,BARRANQUILLA,94500,14330,2
74041672,2026-05-03,ENTREGADO,SERVIENTREGA,240051561672,MAGDALENA,SANTA MARTA,77300,21532,2
74040560,2026-05-05,ENTREGADO,COORDINADORA,240051560560,ANTIOQUIA,MEDELLIN,69600,17493,1
74040084,2026-05-09,ENTREGADO,INTERRAPIDISIMO,240051560084,SANTANDER,BUCARAMANGA,78600,18056,1
74042187,2026-05-07,EN REPARTO,TCC,240051562187,SANTANDER,BUCARAMANGA,47200,17231,1
74042101,2026-05-01,EN BODEGA ORIGEN,ENVIA,240051562101,MAGDALENA,SANTA MARTA,51900,13386,1
74040851,2026-05-03,ENTREGADO,INTERRAPIDISIMO,240051560851,ATLANTICO,BARRANQUILLA,53800,10263,0
74040080,2026-05-11,ENTREGADO,COORDINADORA,240051560080,BOLIVAR,CARTAGENA,77500,23909,0
74042003,2026-05-08,RECLAME EN OFICINA,ENVIA,240051562003,MAGDALENA,SANTA MARTA,72900,21139,13
74041275,2026-05-03,ENTREGADO,INTERRAPIDISIMO,240051561275,MAGDALENA,SANTA MARTA,54500,17535,0
74041043,2026-05-06,ENTREGADO,COORDINADORA,240051561043,BOLIVAR,CARTAGENA,67400,20870,2
74040873,2026-05-12,ENTREGADO,INTERRAPIDISIMO,240051560873,CORDOBA,MONTERIA,61700,19145,0
74042194,2026-05-03,EN REEXPEDICION,SERVIENTREGA,240051562194,META,VILLAVICENCIO,46400,40210,2
74042304,2026-05-09,EN PROCESAMIENTO,TCC,240051562304,META,VILLAVICENCIO,61900,18523,2
74040956,2026-05-07,ENTREGADO,INTERRAPIDISIMO,240051560956,CORDOBA,MONTERIA,93400,23788,0
74040218,2026-05-07,ENTREGADO,COORDINADORA,240051560218,BOLIVAR,CARTAGENA,50600,10522,0
74042188,2026-05-09,EN REEXPEDICION,ENVIA,240051562188,RISARALDA,PEREIRA,49900,42813,3
74040148,2026-05-03,ENTREGADO,TCC,240051560148,NARIÑO,PASTO,91200,20471,0
74042054,2026-05-14,EN BODEGA TRANSPORTADORA,COORDINADORA,240051562054,RISARALDA,PEREIRA,92400,17593,1
74040430,2026-05-07,ENTREGADO,TCC,240051560430,VALLE DEL CAUCA,CALI,95500,12904,1
74040376,2026-05-07,ENTREGADO,TCC,240051560376,VALLE DEL CAUCA,CALI,52800,15268,2
74041374,2026-05-01,ENTREGADO,ENVIA,240051561374,ATLANTICO,BARRANQUILLA,64500,15158,2
74041485,2026-04-29,ENTREGADO,ENVIA,240051561485,META,VILLAVICENCIO,76600,10136,2
74040509,2026-05-13,ENTREGADO,COORDINADORA,240051560509,ATLANTICO,BARRANQUILLA,65400,20267,0
74042182,2026-05-06,EN REPARTO,ENVIA,240051562182,RISARALDA,PEREIRA,57700,12187,1
74040615,2026-05-05,ENTREGADO,SERVIENTREGA,240051560615,CUNDINAMARCA,BOGOTA,60600,14635,2
74040725,2026-05-09,ENTREGADO,ENVIA,240051560725,TOLIMA,IBAGUE,70100,15506,1
74042286,2026-05-09,EN REPARTO,ENVIA,240051562286,VALLE DEL CAUCA,CALI,72900,13152,1
74041907,2026-05-08,DEVOLUCION,TCC,240051561907,CUNDINAMARCA,BOGOTA,48300,14174,9
74042156,2026-05-11,TELEMERCADEO,INTERRAPIDISIMO,240051562156,CORDOBA,MONTERIA,48800,13030,1
74040275,2026-05-09,ENTREGADO,COORDINADORA,240051560275,TOLIMA,IBAGUE,78800,14277,1
74040027,2026-05-07,ENTREGADO,ENVIA,240051560027,RISARALDA,PEREIRA,47800,11590,0
74042140,2026-05-06,EN BODEGA TRANSPORTADORA,ENVIA,240051562140,HUILA,NEIVA,67700,23976,3
74041660,2026-05-11,ENTREGADO,ENVIA,240051561660,ANTIOQUIA,MEDELLIN,64400,13879,0
74040287,2026-05-02,ENTREGADO,TCC,240051560287,CALDAS,MANIZALES,50800,15167,1
74042300,2026-05-12,INTENTO DE ENTREGA,COORDINADORA,240051562300,NARIÑO,PASTO,64700,11722,1
74040627,2026-05-04,ENTREGADO,INTERRAPIDISIMO,240051560627,ATLANTICO,BARRANQUILLA,89300,12522,0
74040619,2026-05-04,ENTREGADO,ENVIA,240051560619,TOLIMA,IBAGUE,53300,19727,2
74041913,2026-05-05,DEVOLUCION,SERVIENTREGA,240051561913,MAGDALENA,SANTA MARTA,57500,13554,14
74042248,2026-05-11,EN PROCESAMIENTO,ENVIA,240051562248,MAGDALENA,SANTA MARTA,48900,13936,3
74040265,2026-05-10,ENTREGADO,SERVIENTREGA,240051560265,SANTANDER,BUCARAMANGA,62200,15227,2
74040535,2026-05-01,ENTREGADO,ENVIA,240051560535,VALLE DEL CAUCA,CALI,89300,16978,1
74041982,2026-05-04,NOVEDAD,ENVIA,240051561982,CALDAS,MANIZALES,50800,14691,9
74041213,2026-05-02,ENTREGADO,ENVIA,240051561213,CORDOBA,MONTERIA,85800,18378,2
74040753,2026-05-09,ENTREGADO,INTERRAPIDISIMO,240051560753,CUNDINAMARCA,BOGOTA,83400,12063,0
74040136,2026-05-03,ENTREGADO,TCC,240051560136,CALDAS,MANIZALES,63100,11961,0
74040480,2026-05-04,ENTREGADO,ENVIA,240051560480,CUNDINAMARCA,BOGOTA,97800,18165,0
74041293,2026-05-01,ENTREGADO,ENVIA,240051561293,CORDOBA,MONTERIA,82500,23385,0
74040791,2026-05-13,ENTREGADO,INTERRAPIDISIMO,240051560791,SANTANDER,BUCARAMANGA,70500,11873,1
74041948,2026-05-12,DEVOLUCION,INTERRAPIDISIMO,240051561948,MAGDALENA,SANTA MARTA,94800,22323,12
74042138,2026-05-01,DESPACHADA,INTERRAPIDISIMO,240051562138,META,VILLAVICENCIO,54300,21501,1
74041271,2026-05-09,ENTREGADO,COORDINADORA,240051561271,TOLIMA,IBAGUE,76600,11476,2
74040254,2026-05-06,ENTREGADO,SERVIENTREGA,240051560254,BOLIVAR,CARTAGENA,52600,11110,1
74040946,2026-05-08,ENTREGADO,INTERRAPIDISIMO,240051560946,TOLIMA,IBAGUE,55400,23863,1
74040250,2026-05-07,ENTREGADO,COORDINADORA,240051560250,VALLE DEL CAUCA,CALI,86300,20954,0
74040338,2026-04-29,ENTREGADO,COORDINADORA,240051560338,CORDOBA,MONTERIA,72400,11992,2
74040255,2026-05-11,ENTREGADO,COORDINADORA,240051560255,TOLIMA,IBAGUE,94500,13304,0
74040630,2026-05-03,ENTREGADO,SERVIENTREGA,240051560630,MAGDALENA,SANTA MARTA,79200,21184,1
74041554,2026-05-09,ENTREGADO,COORDINADORA,240051561554,NARIÑO,PASTO,93800,18350,2
74042106,2026-04-30,EN REPARTO,TCC,240051562106,SANTANDER,BUCARAMANGA,83600,17545,2
74042238,2026-05-04,EN REEXPEDICION,ENVIA,240051562238,RISARALDA,PEREIRA,80000,42980,1
74041284,2026-05-05,ENTREGADO,TCC,240051561284,HUILA,NEIVA,50700,14431,1
74041034,2026-05-05,ENTREGADO,INTERRAPIDISIMO,240051561034,VALLE DEL CAUCA,CALI,62900,19492,1
74042058,2026-04-28,EN BODEGA TRANSPORTADORA,ENVIA,240051562058,NARIÑO,PASTO,93800,15827,2
74040781,2026-05-06,ENTREGADO,SERVIENTREGA,240051560781,META,VILLAVICENCIO,61200,12804,2
74040462,2026-05-03,ENTREGADO,TCC,240051560462,NARIÑO,PASTO,96600,23819,2
74040352,2026-05-06,ENTREGADO,SERVIENTREGA,240051560352,ATLANTICO,BARRANQUILLA,68100,16164,1
74041059,2026-05-04,ENTREGADO,ENVIA,240051561059,BOLIVAR,CARTAGENA,70600,18829,1
74042177,2026-05-07,EN BODEGA DESTINO,SERVIENTREGA,240051562177,ATLANTICO,BARRANQUILLA,48600,13505,1
74041053,2026-05-03,ENTREGADO,COORDINADORA,240051561053,TOLIMA,IBAGUE,65000,13833,2
74041493,2026-05-01,ENTREGADO,TCC,240051561493,SANTANDER,BUCARAMANGA,80200,12766,0
74042307,2026-05-07,EN REEXPEDICION,ENVIA,240051562307,TOLIMA,IBAGUE,69900,41333,3
74041604,2026-05-11,ENTREGADO,INTERRAPIDISIMO,240051561604,RISARALDA,PEREIRA,69600,20707,0
74040773,2026-05-01,ENTREGADO,TCC,240051560773,HUILA,NEIVA,54900,23666,0
74041739,2026-05-05,DEVOLUCION,ENVIA,240051561739,BOLIVAR,CARTAGENA,92600,10312,8
74042164,2026-05-04,DESPACHADA,TCC,240051562164,META,VILLAVICENCIO,82400,21108,1
74041666,2026-05-03,ENTREGADO,SERVIENTREGA,240051561666,ANTIOQUIA,MEDELLIN,52600,20328,0
74042309,2026-05-10,EN BODEGA ORIGEN,ENVIA,240051562309,NARIÑO,PASTO,63600,18802,3
74040114,2026-05-08,ENTREGADO,INTERRAPIDISIMO,240051560114,META,VILLAVICENCIO,81200,23739,1
74040081,2026-04-28,ENTREGADO,SERVIENTREGA,240051560081,TOLIMA,IBAGUE,71500,16480,0
74041951,2026-05-01,DEVOLUCION,SERVIENTREGA,240051561951,CUNDINAMARCA,BOGOTA,64800,17361,12
74042016,2026-04-30,RECLAME EN OFICINA,COORDINADORA,240051562016,CALDAS,MANIZALES,95300,10787,11
74041077,2026-05-06,ENTREGADO,SERVIENTREGA,240051561077,META,VILLAVICENCIO,45800,22833,1
74040283,2026-05-05,ENTREGADO,TCC,240051560283,BOLIVAR,CARTAGENA,45300,20606,1
74040173,2026-05-04,ENTREGADO,SERVIENTREGA,240051560173,NARIÑO,PASTO,58500,10308,1
74042265,2026-04-30,EN BODEGA ORIGEN,ENVIA,240051562265,ANTIOQUIA,MEDELLIN,55300,21049,1
74041646,2026-05-07,ENTREGADO,COORDINADORA,240051561646,RISARALDA,PEREIRA,92500,23207,1
74041066,2026-04-30,ENTREGADO,SERVIENTREGA,240051561066,CUNDINAMARCA,BOGOTA,96400,14555,1
74042172,2026-05-09,EN BODEGA ORIGEN,ENVIA,240051562172,NARIÑO,PASTO,48100,19698,1
74041106,2026-05-07,ENTREGADO,ENVIA,240051561106,CORDOBA,MONTERIA,62300,13493,0
74040229,2026-05-12,ENTREGADO,TCC,240051560229,ANTIOQUIA,MEDELLIN,65800,15254,0
74041112,2026-05-07,ENTREGADO,SERVIENTREGA,240051561112,CUNDINAMARCA,BOGOTA,55700,16492,1
74040802,2026-05-04,ENTREGADO,SERVIENTREGA,240051560802,CALDAS,MANIZALES,98800,20968,1
74041856,2026-05-04,DEVOLUCION,ENVIA,240051561856,MAGDALENA,SANTA MARTA,57500,11981,7
74040225,2026-05-10,ENTREGADO,COORDINADORA,240051560225,MAGDALENA,SANTA MARTA,71000,16935,1
74041181,2026-05-06,ENTREGADO,ENVIA,240051561181,SANTANDER,BUCARAMANGA,51200,13845,2
74042061,2026-05-06,EN BODEGA DESTINO,ENVIA,240051562061,HUILA,NEIVA,78900,13898,2
74041640,2026-05-08,ENTREGADO,ENVIA,240051561640,META,VILLAVICENCIO,66200,22233,1
74040573,2026-05-03,ENTREGADO,TCC,240051560573,CUNDINAMARCA,BOGOTA,72300,11795,1
74041740,2026-05-11,DEVOLUCION,ENVIA,240051561740,ANTIOQUIA,MEDELLIN,80200,23622,9
74041157,2026-05-08,ENTREGADO,ENVIA,240051561157,CALDAS,MANIZALES,56500,15025,2
74040917,2026-05-03,ENTREGADO,COORDINADORA,240051560917,VALLE DEL CAUCA,CALI,71400,20800,0
74041632,2026-05-01,ENTREGADO,ENVIA,240051561632,BOLIVAR,CARTAGENA,45900,19446,0
74041432,2026-05-08,ENTREGADO,COORDINADORA,240051561432,ATLANTICO,BARRANQUILLA,60700,13928,1
74040923,2026-05-07,ENTREGADO,ENVIA,240051560923,CUNDINAMARCA,BOGOTA,58100,20149,1
74041292,2026-05-06,ENTREGADO,INTERRAPIDISIMO,240051561292,HUILA,NEIVA,91700,21031,2
74040739,2026-05-04,ENTREGADO,INTERRAPIDISIMO,240051560739,VALLE DEL CAUCA,CALI,54300,20875,1
74040576,2026-05-05,ENTREGADO,TCC,240051560576,META,VILLAVICENCIO,48700,10701,0
74041816,2026-05-11,DEVOLUCION,INTERRAPIDISIMO,240051561816,CUNDINAMARCA,BOGOTA,86100,14168,12
74040180,2026-05-10,ENTREGADO,INTERRAPIDISIMO,240051560180,CUNDINAMARCA,BOGOTA,97100,22278,2
74041228,2026-05-03,ENTREGADO,ENVIA,240051561228,META,VILLAVICENCIO,51100,20303,1
74040543,2026-05-06,ENTREGADO,SERVIENTREGA,240051560543,TOLIMA,IBAGUE,86500,13616,1
74041652,2026-05-06,ENTREGADO,COORDINADORA,240051561652,HUILA,NEIVA,94600,21122,0
74040566,2026-05-11,ENTREGADO,COORDINADORA,240051560566,HUILA,NEIVA,80100,13461,2
74042234,2026-05-11,EN BODEGA DESTINO,ENVIA,240051562234,VALLE DEL CAUCA,CALI,56000,17663,3
74041413,2026-05-12,ENTREGADO,TCC,240051561413,CUNDINAMARCA,BOGOTA,52300,10583,1
74040011,2026-05-06,ENTREGADO,COORDINADORA,240051560011,VALLE DEL CAUCA,CALI,53800,21753,1
74042126,2026-04-28,EN REPARTO,SERVIENTREGA,240051562126,RISARALDA,PEREIRA,58000,16622,2
74040517,2026-05-07,ENTREGADO,TCC,240051560517,SANTANDER,BUCARAMANGA,62900,16915,2
74040035,2026-05-03,ENTREGADO,COORDINADORA,240051560035,CALDAS,MANIZALES,57700,15225,0
74040258,2026-05-02,ENTREGADO,COORDINADORA,240051560258,SANTANDER,BUCARAMANGA,49700,20468,1
74041039,2026-05-09,ENTREGADO,SERVIENTREGA,240051561039,RISARALDA,PEREIRA,98500,10844,1
74041937,2026-05-09,DEVOLUCION,ENVIA,240051561937,CUNDINAMARCA,BOGOTA,65800,20262,14
74041844,2026-05-05,DEVOLUCION,ENVIA,240051561844,SANTANDER,BUCARAMANGA,86600,19740,11
74040814,2026-05-06,ENTREGADO,ENVIA,240051560814,RISARALDA,PEREIRA,71700,10869,1
74042327,2026-05-09,EN BODEGA DESTINO,ENVIA,240051562327,SANTANDER,BUCARAMANGA,52600,22203,2
74041438,2026-05-05,ENTREGADO,INTERRAPIDISIMO,240051561438,BOLIVAR,CARTAGENA,87600,16232,1
74040895,2026-05-12,ENTREGADO,TCC,240051560895,MAGDALENA,SANTA MARTA,59600,18306,1
74040012,2026-05-12,ENTREGADO,ENVIA,240051560012,ANTIOQUIA,MEDELLIN,82800,23424,0
74040577,2026-05-06,ENTREGADO,TCC,240051560577,MAGDALENA,SANTA MARTA,83200,11200,1
74040220,2026-05-13,ENTREGADO,ENVIA,240051560220,HUILA,NEIVA,85000,13044,2
74040151,2026-05-08,ENTREGADO,INTERRAPIDISIMO,240051560151,ANTIOQUIA,MEDELLIN,56900,18837,1
74042221,2026-05-06,DESPACHADA,TCC,240051562221,SANTANDER,BUCARAMANGA,94800,17385,3
74040213,2026-05-08,ENTREGADO,INTERRAPIDISIMO,240051560213,CALDAS,MANIZALES,73600,17690,0
74041061,2026-04-29,ENTREGADO,TCC,240051561061,MAGDALENA,SANTA MARTA,94100,23045,2
74040440,2026-05-02,ENTREGADO,SERVIENTREGA,240051560440,CUNDINAMARCA,BOGOTA,81400,12207,2
74040314,2026-05-09,ENTREGADO,SERVIENTREGA,240051560314,TOLIMA,IBAGUE,46700,23110,2
74042167,2026-05-05,EN BODEGA ORIGEN,ENVIA,240051562167,CUNDINAMARCA,BOGOTA,89000,21591,1
74041669,2026-04-30,ENTREGADO,COORDINADORA,240051561669,SANTANDER,BUCARAMANGA,95400,19672,2
74040518,2026-05-04,ENTREGADO,SERVIENTREGA,240051560518,SANTANDER,BUCARAMANGA,45300,12985,2
74040559,2026-05-08,ENTREGADO,SERVIENTREGA,240051560559,CUNDINAMARCA,BOGOTA,52000,19742,1
74042055,2026-05-05,TELEMERCADEO,ENVIA,240051562055,SANTANDER,BUCARAMANGA,51900,10401,2
74042056,2026-05-02,CITA PROGRAMADA,INTERRAPIDISIMO,240051562056,SANTANDER,BUCARAMANGA,87900,41046,3
74041227,2026-05-05,ENTREGADO,TCC,240051561227,SANTANDER,BUCARAMANGA,64300,15143,0
74040146,2026-05-03,ENTREGADO,COORDINADORA,240051560146,BOLIVAR,CARTAGENA,67700,15685,1
74041268,2026-05-05,ENTREGADO,ENVIA,240051561268,NARIÑO,PASTO,83400,23391,2
74040967,2026-05-05,ENTREGADO,ENVIA,240051560967,MAGDALENA,SANTA MARTA,60000,13715,0
74041474,2026-05-03,ENTREGADO,INTERRAPIDISIMO,240051561474,TOLIMA,IBAGUE,86100,21912,0
74042141,2026-05-05,CITA PROGRAMADA,ENVIA,240051562141,ATLANTICO,BARRANQUILLA,85900,39032,3
74040206,2026-05-02,ENTREGADO,INTERRAPIDISIMO,240051560206,TOLIMA,IBAGUE,90200,20931,2
74041680,2026-05-04,ENTREGADO,SERVIENTREGA,240051561680,NARIÑO,PASTO,77200,13578,0
74042087,2026-05-01,TELEMERCADEO,SERVIENTREGA,240051562087,VALLE DEL CAUCA,CALI,59900,21293,1
74040553,2026-05-06,ENTREGADO,SERVIENTREGA,240051560553,CUNDINAMARCA,BOGOTA,85000,17020,2
74040712,2026-05-03,ENTREGADO,TCC,240051560712,MAGDALENA,SANTA MARTA,59200,13685,2
74040996,2026-05-09,ENTREGADO,SERVIENTREGA,240051560996,CORDOBA,MONTERIA,69300,19738,1
74041579,2026-05-07,ENTREGADO,SERVIENTREGA,240051561579,BOLIVAR,CARTAGENA,51900,23766,2
74041611,2026-05-04,ENTREGADO,SERVIENTREGA,240051561611,ANTIOQUIA,MEDELLIN,79800,21913,0
74041663,2026-05-01,ENTREGADO,SERVIENTREGA,240051561663,NARIÑO,PASTO,57200,11086,0
74042131,2026-05-03,EN BODEGA DESTINO,ENVIA,240051562131,ATLANTICO,BARRANQUILLA,71800,13857,3
74040595,2026-05-10,ENTREGADO,TCC,240051560595,BOLIVAR,CARTAGENA,90800,18575,2
74040505,2026-05-07,ENTREGADO,ENVIA,240051560505,CORDOBA,MONTERIA,58600,19207,1
74042118,2026-05-01,EN BODEGA ORIGEN,ENVIA,240051562118,CALDAS,MANIZALES,62600,17705,1
74042272,2026-05-03,DESPACHADA,ENVIA,240051562272,BOLIVAR,CARTAGENA,62100,21930,1
74041261,2026-05-03,ENTREGADO,ENVIA,240051561261,NARIÑO,PASTO,45900,23527,1
74040866,2026-05-04,ENTREGADO,COORDINADORA,240051560866,SANTANDER,BUCARAMANGA,73900,22504,2
74040017,2026-05-08,ENTREGADO,TCC,240051560017,HUILA,NEIVA,96200,23933,2
74041314,2026-05-05,ENTREGADO,ENVIA,240051561314,RISARALDA,PEREIRA,80900,18378,1
74040397,2026-05-06,ENTREGADO,COORDINADORA,240051560397,CORDOBA,MONTERIA,71700,19722,1
74041824,2026-05-04,DEVOLUCION,SERVIENTREGA,240051561824,CUNDINAMARCA,BOGOTA,46700,14760,9
74041706,2026-05-06,ENTREGADO,COORDINADORA,240051561706,TOLIMA,IBAGUE,47700,15996,0
74042152,2026-05-02,DESPACHADA,ENVIA,240051562152,BOLIVAR,CARTAGENA,56500,10185,2
74041940,2026-05-05,DEVOLUCION,COORDINADORA,240051561940,CUNDINAMARCA,BOGOTA,52800,18563,12
74040528,2026-05-15,ENTREGADO,INTERRAPIDISIMO,240051560528,HUILA,NEIVA,79400,11905,0
74041152,2026-05-12,ENTREGADO,TCC,240051561152,CUNDINAMARCA,BOGOTA,97200,14664,1
74040529,2026-05-10,ENTREGADO,ENVIA,240051560529,MAGDALENA,SANTA MARTA,45800,15372,2
74040590,2026-05-04,ENTREGADO,SERVIENTREGA,240051560590,MAGDALENA,SANTA MARTA,98300,22152,0
74040991,2026-05-04,ENTREGADO,COORDINADORA,240051560991,CUNDINAMARCA,BOGOTA,51200,18098,2
74040041,2026-05-01,ENTREGADO,COORDINADORA,240051560041,VALLE DEL CAUCA,CALI,94500,16842,2
74041362,2026-05-08,ENTREGADO,INTERRAPIDISIMO,240051561362,CORDOBA,MONTERIA,60100,18706,0
74040572,2026-05-11,ENTREGADO,COORDINADORA,240051560572,RISARALDA,PEREIRA,50900,22160,1
74041858,2026-05-03,DEVOLUCION,ENVIA,240051561858,ATLANTICO,BARRANQUILLA,57500,10259,10
74041891,2026-05-11,DEVOLUCION,COORDINADORA,240051561891,CUNDINAMARCA,BOGOTA,90000,17636,2
74040578,2026-05-01,ENTREGADO,COORDINADORA,240051560578,MAGDALENA,SANTA MARTA,66600,13679,1
74041566,2026-05-07,ENTREGADO,ENVIA,240051561566,VALLE DEL CAUCA,CALI,72700,19082,0
74041282,2026-05-07,ENTREGADO,ENVIA,240051561282,ATLANTICO,BARRANQUILLA,65600,14977,2
74042145,2026-05-11,EN BODEGA TRANSPORTADORA,ENVIA,240051562145,BOLIVAR,CARTAGENA,54400,20661,2
74041138,2026-05-05,ENTREGADO,INTERRAPIDISIMO,240051561138,ANTIOQUIA,MEDELLIN,47400,23479,1
74040467,2026-05-09,ENTREGADO,ENVIA,240051560467,NARIÑO,PASTO,45400,23237,2
74040445,2026-05-07,ENTREGADO,TCC,240051560445,CALDAS,MANIZALES,83600,22226,0
74040162,2026-05-04,ENTREGADO,ENVIA,240051560162,HUILA,NEIVA,75000,19679,2
74041089,2026-05-08,ENTREGADO,ENVIA,240051561089,HUILA,NEIVA,70300,13500,2
74042074,2026-05-09,INTENTO DE ENTREGA,ENVIA,240051562074,BOLIVAR,CARTAGENA,51400,22935,3
74042161,2026-05-06,EN PROCESAMIENTO,ENVIA,240051562161,MAGDALENA,SANTA MARTA,53100,10311,1
74042147,2026-05-12,EN PROCESAMIENTO,TCC,240051562147,BOLIVAR,CARTAGENA,88400,14397,2
74040715,2026-05-08,ENTREGADO,ENVIA,240051560715,CALDAS,MANIZALES,63700,13428,2
74040158,2026-05-08,ENTREGADO,COORDINADORA,240051560158,ANTIOQUIA,MEDELLIN,48100,17314,2
74040452,2026-05-07,ENTREGADO,COORDINADORA,240051560452,VALLE DEL CAUCA,CALI,95600,15204,0
74041475,2026-05-05,ENTREGADO,INTERRAPIDISIMO,240051561475,CALDAS,MANIZALES,80000,13636,0
74040253,2026-05-05,ENTREGADO,COORDINADORA,240051560253,CUNDINAMARCA,BOGOTA,58200,20079,0
74040795,2026-05-03,ENTREGADO,INTERRAPIDISIMO,240051560795,META,VILLAVICENCIO,68200,10582,1
74042226,2026-05-07,EN BODEGA ORIGEN,ENVIA,240051562226,ATLANTICO,BARRANQUILLA,61500,14509,3
74041276,2026-05-04,ENTREGADO,SERVIENTREGA,240051561276,HUILA,NEIVA,61400,16540,2
74040239,2026-05-11,ENTREGADO,ENVIA,240051560239,HUILA,NEIVA,50000,22492,2
74040947,2026-05-05,ENTREGADO,ENVIA,240051560947,CALDAS,MANIZALES,71700,18482,2
74040926,2026-05-08,ENTREGADO,TCC,240051560926,MAGDALENA,SANTA MARTA,92700,17975,1
74041321,2026-05-11,ENTREGADO,SERVIENTREGA,240051561321,TOLIMA,IBAGUE,55700,18391,0
74040079,2026-04-30,ENTREGADO,COORDINADORA,240051560079,NARIÑO,PASTO,45200,17283,2
74041634,2026-05-09,ENTREGADO,TCC,240051561634,NARIÑO,PASTO,99100,14298,1
74040204,2026-05-02,ENTREGADO,INTERRAPIDISIMO,240051560204,CORDOBA,MONTERIA,46100,19183,0
74041425,2026-05-10,ENTREGADO,ENVIA,240051561425,CORDOBA,MONTERIA,86500,13718,0
74040704,2026-05-13,ENTREGADO,ENVIA,240051560704,TOLIMA,IBAGUE,71900,21444,0
74041702,2026-05-03,ENTREGADO,INTERRAPIDISIMO,240051561702,NARIÑO,PASTO,77400,14270,1
74042052,2026-05-06,DESPACHADA,COORDINADORA,240051562052,NARIÑO,PASTO,90000,21732,1
74041995,2026-05-02,NOVEDAD,ENVIA,240051561995,NARIÑO,PASTO,80700,18855,3
74042249,2026-05-06,TELEMERCADEO,SERVIENTREGA,240051562249,MAGDALENA,SANTA MARTA,98300,15715,2
74041162,2026-05-04,ENTREGADO,COORDINADORA,240051561162,ATLANTICO,BARRANQUILLA,55200,10498,2
74040360,2026-05-05,ENTREGADO,ENVIA,240051560360,MAGDALENA,SANTA MARTA,70700,10945,1
74041329,2026-05-07,ENTREGADO,INTERRAPIDISIMO,240051561329,NARIÑO,PASTO,79300,12407,2
74040320,2026-05-15,ENTREGADO,SERVIENTREGA,240051560320,CORDOBA,MONTERIA,92400,10753,0
74041992,2026-05-05,EN ESPERA DE RX,ENVIA,240051561992,ATLANTICO,BARRANQUILLA,91300,15367,14
74041686,2026-05-04,ENTREGADO,COORDINADORA,240051561686,TOLIMA,IBAGUE,55200,16063,2
74042078,2026-05-03,CITA PROGRAMADA,ENVIA,240051562078,NARIÑO,PASTO,63200,37932,3
74040832,2026-05-14,ENTREGADO,INTERRAPIDISIMO,240051560832,CALDAS,MANIZALES,66200,21652,2
74040131,2026-05-04,ENTREGADO,ENVIA,240051560131,VALLE DEL CAUCA,CALI,77200,12576,0
74040861,2026-05-11,ENTREGADO,SERVIENTREGA,240051560861,TOLIMA,IBAGUE,53900,16657,2
74041600,2026-05-13,ENTREGADO,TCC,240051561600,CORDOBA,MONTERIA,53800,13129,0
74040216,2026-04-28,ENTREGADO,TCC,240051560216,ATLANTICO,BARRANQUILLA,56100,11710,0
74042028,2026-05-05,NOVEDAD,ENVIA,240051562028,BOLIVAR,CARTAGENA,56700,22180,5
74041248,2026-05-01,ENTREGADO,COORDINADORA,240051561248,RISARALDA,PEREIRA,56900,18691,0
74040006,2026-04-28,ENTREGADO,SERVIENTREGA,240051560006,NARIÑO,PASTO,72400,16022,1
74041086,2026-04-28,ENTREGADO,INTERRAPIDISIMO,240051561086,BOLIVAR,CARTAGENA,96800,10391,0
74040192,2026-05-08,ENTREGADO,SERVIENTREGA,240051560192,VALLE DEL CAUCA,CALI,76300,11531,0
74042230,2026-05-10,EN PROCESAMIENTO,COORDINADORA,240051562230,RISARALDA,PEREIRA,52000,15906,3
74040210,2026-05-10,ENTREGADO,ENVIA,240051560210,CUNDINAMARCA,BOGOTA,75500,13708,0
74041975,2026-05-12,NOVEDAD,TCC,240051561975,VALLE DEL CAUCA,CALI,73800,15556,5
74040850,2026-05-09,ENTREGADO,SERVIENTREGA,240051560850,NARIÑO,PASTO,51500,23019,2
74042092,2026-05-05,EN BODEGA DESTINO,SERVIENTREGA,240051562092,META,VILLAVICENCIO,89900,16641,2
74040636,2026-05-07,ENTREGADO,COORDINADORA,240051560636,TOLIMA,IBAGUE,77800,16543,1
74040721,2026-05-12,ENTREGADO,SERVIENTREGA,240051560721,BOLIVAR,CARTAGENA,83300,13848,1
74041409,2026-05-08,ENTREGADO,SERVIENTREGA,240051561409,ATLANTICO,BARRANQUILLA,70700,20812,0
74040260,2026-05-02,ENTREGADO,INTERRAPIDISIMO,240051560260,TOLIMA,IBAGUE,82600,11069,2
74040645,2026-04-30,ENTREGADO,INTERRAPIDISIMO,240051560645,NARIÑO,PASTO,96100,17399,1
74041993,2026-05-06,NOVEDAD,INTERRAPIDISIMO,240051561993,ATLANTICO,BARRANQUILLA,89100,11032,12
74041659,2026-05-04,ENTREGADO,ENVIA,240051561659,CALDAS,MANIZALES,78900,20472,0
74040676,2026-05-11,ENTREGADO,TCC,240051560676,NARIÑO,PASTO,75400,12610,2
74041558,2026-05-13,ENTREGADO,TCC,240051561558,META,VILLAVICENCIO,89400,12577,2
74041988,2026-05-11,RECLAME EN OFICINA,INTERRAPIDISIMO,240051561988,HUILA,NEIVA,47300,23254,12
74040883,2026-05-03,ENTREGADO,ENVIA,240051560883,CALDAS,MANIZALES,47700,15138,1
74040884,2026-05-11,ENTREGADO,ENVIA,240051560884,META,VILLAVICENCIO,81000,12961,1
74041996,2026-05-06,NOVEDAD,ENVIA,240051561996,BOLIVAR,CARTAGENA,68200,22730,1
74041148,2026-05-05,ENTREGADO,COORDINADORA,240051561148,TOLIMA,IBAGUE,51200,12897,2
74041736,2026-05-07,DEVOLUCION,COORDINADORA,240051561736,CUNDINAMARCA,BOGOTA,72600,12116,1
74041205,2026-04-28,ENTREGADO,COORDINADORA,240051561205,CALDAS,MANIZALES,62400,20222,2
74041175,2026-05-04,ENTREGADO,ENVIA,240051561175,CALDAS,MANIZALES,96100,18126,2
74041582,2026-05-04,ENTREGADO,COORDINADORA,240051561582,BOLIVAR,CARTAGENA,85100,10841,2
74042035,2026-05-05,NOVEDAD,COORDINADORA,240051562035,NARIÑO,PASTO,49900,11981,4
74041636,2026-05-12,ENTREGADO,COORDINADORA,240051561636,CALDAS,MANIZALES,97400,23721,0
74041074,2026-05-11,ENTREGADO,COORDINADORA,240051561074,BOLIVAR,CARTAGENA,86300,10788,1
74040835,2026-04-29,ENTREGADO,TCC,240051560835,ATLANTICO,BARRANQUILLA,91700,13510,0
74040470,2026-05-05,ENTREGADO,SERVIENTREGA,240051560470,VALLE DEL CAUCA,CALI,75200,11719,1
74040966,2026-05-07,ENTREGADO,ENVIA,240051560966,TOLIMA,IBAGUE,91200,20892,0
74041009,2026-05-06,ENTREGADO,INTERRAPIDISIMO,240051561009,CUNDINAMARCA,BOGOTA,46300,12069,0
74041537,2026-05-09,ENTREGADO,COORDINADORA,240051561537,CALDAS,MANIZALES,69900,16998,2
74041794,2026-05-01,DEVOLUCION,ENVIA,240051561794,CUNDINAMARCA,BOGOTA,62500,18765,4
74042110,2026-05-14,EN BODEGA TRANSPORTADORA,ENVIA,240051562110,HUILA,NEIVA,82800,10116,3
74040494,2026-05-04,ENTREGADO,SERVIENTREGA,240051560494,NARIÑO,PASTO,83100,18956,1
74041117,2026-05-03,ENTREGADO,TCC,240051561117,MAGDALENA,SANTA MARTA,64100,11211,1
74041588,2026-05-10,ENTREGADO,SERVIENTREGA,240051561588,ANTIOQUIA,MEDELLIN,75900,19993,1
74042027,2026-05-07,RECLAME EN OFICINA,TCC,240051562027,HUILA,NEIVA,83900,18894,14
74041035,2026-05-03,ENTREGADO,INTERRAPIDISIMO,240051561035,SANTANDER,BUCARAMANGA,71000,18019,0
74042185,2026-05-02,DESPACHADA,TCC,240051562185,SANTANDER,BUCARAMANGA,97900,17017,1
74041973,2026-05-12,NOVEDAD,COORDINADORA,240051561973,ANTIOQUIA,MEDELLIN,60800,12847,9
74040837,2026-05-02,ENTREGADO,SERVIENTREGA,240051560837,META,VILLAVICENCIO,48600,20244,0
74040768,2026-05-05,ENTREGADO,TCC,240051560768,CUNDINAMARCA,BOGOTA,92200,19018,0
74041868,2026-04-30,DEVOLUCION,ENVIA,240051561868,CUNDINAMARCA,BOGOTA,72800,18003,12
74040384,2026-05-03,ENTREGADO,COORDINADORA,240051560384,ATLANTICO,BARRANQUILLA,85500,15540,1
74041828,2026-05-05,DEVOLUCION,SERVIENTREGA,240051561828,CORDOBA,MONTERIA,82200,16555,9
74040375,2026-05-09,ENTREGADO,SERVIENTREGA,240051560375,HUILA,NEIVA,91300,15017,1
74041335,2026-05-03,ENTREGADO,INTERRAPIDISIMO,240051561335,META,VILLAVICENCIO,97700,17902,0
74040919,2026-05-09,ENTREGADO,COORDINADORA,240051560919,MAGDALENA,SANTA MARTA,77400,21565,1
74041779,2026-05-04,DEVOLUCION,ENVIA,240051561779,CUNDINAMARCA,BOGOTA,79900,18604,14
74041760,2026-05-07,DEVOLUCION,ENVIA,240051561760,CUNDINAMARCA,BOGOTA,84800,13028,3
74041346,2026-04-30,ENTREGADO,COORDINADORA,240051561346,BOLIVAR,CARTAGENA,95900,18112,2
74042018,2026-05-07,EN ESPERA DE RX,SERVIENTREGA,240051562018,HUILA,NEIVA,51000,15032,7
74041596,2026-05-07,ENTREGADO,INTERRAPIDISIMO,240051561596,CUNDINAMARCA,BOGOTA,59800,13858,0
74040893,2026-05-06,ENTREGADO,ENVIA,240051560893,SANTANDER,BUCARAMANGA,61500,11078,2
74041683,2026-05-09,ENTREGADO,ENVIA,240051561683,CORDOBA,MONTERIA,70100,11513,2
74041005,2026-05-03,ENTREGADO,TCC,240051561005,ANTIOQUIA,MEDELLIN,48200,12233,2
74042077,2026-05-06,INTENTO DE ENTREGA,INTERRAPIDISIMO,240051562077,ANTIOQUIA,MEDELLIN,99300,13315,3
74041654,2026-05-04,ENTREGADO,TCC,240051561654,CUNDINAMARCA,BOGOTA,90700,10307,2
74040088,2026-04-30,ENTREGADO,INTERRAPIDISIMO,240051560088,TOLIMA,IBAGUE,47800,21999,2
74040468,2026-05-12,ENTREGADO,INTERRAPIDISIMO,240051560468,RISARALDA,PEREIRA,60000,18559,1
74040066,2026-05-02,ENTREGADO,COORDINADORA,240051560066,CORDOBA,MONTERIA,98100,16072,0
74041224,2026-05-07,ENTREGADO,SERVIENTREGA,240051561224,NARIÑO,PASTO,62700,22651,2
74040930,2026-05-10,ENTREGADO,COORDINADORA,240051560930,VALLE DEL CAUCA,CALI,53600,19463,2
74040945,2026-05-09,ENTREGADO,INTERRAPIDISIMO,240051560945,CUNDINAMARCA,BOGOTA,57100,21397,2
74040276,2026-05-09,ENTREGADO,ENVIA,240051560276,BOLIVAR,CARTAGENA,67300,21523,1
74040660,2026-05-03,ENTREGADO,ENVIA,240051560660,CUNDINAMARCA,BOGOTA,65100,21923,0
74040653,2026-05-10,ENTREGADO,INTERRAPIDISIMO,240051560653,VALLE DEL CAUCA,CALI,61500,21705,1
74040176,2026-05-09,ENTREGADO,COORDINADORA,240051560176,CALDAS,MANIZALES,79200,10460,0
74041506,2026-05-05,ENTREGADO,ENVIA,240051561506,MAGDALENA,SANTA MARTA,66900,22590,2
74040635,2026-05-01,ENTREGADO,TCC,240051560635,VALLE DEL CAUCA,CALI,47000,22076,0
74040530,2026-05-09,ENTREGADO,SERVIENTREGA,240051560530,ATLANTICO,BARRANQUILLA,50100,19663,2
74040109,2026-05-04,ENTREGADO,SERVIENTREGA,240051560109,MAGDALENA,SANTA MARTA,49000,11264,0
74042086,2026-04-30,EN BODEGA DESTINO,ENVIA,240051562086,ANTIOQUIA,MEDELLIN,92100,13633,2
74041911,2026-05-04,DEVOLUCION,ENVIA,240051561911,CUNDINAMARCA,BOGOTA,78200,23601,3
74040363,2026-05-03,ENTREGADO,INTERRAPIDISIMO,240051560363,TOLIMA,IBAGUE,98200,17864,1
74040349,2026-05-10,ENTREGADO,TCC,240051560349,TOLIMA,IBAGUE,75500,16344,2
74040634,2026-05-06,ENTREGADO,ENVIA,240051560634,ANTIOQUIA,MEDELLIN,66300,14780,2
74041609,2026-05-05,ENTREGADO,SERVIENTREGA,240051561609,RISARALDA,PEREIRA,83300,19245,2
74042170,2026-05-05,TELEMERCADEO,SERVIENTREGA,240051562170,BOLIVAR,CARTAGENA,99300,10898,2
74040086,2026-05-13,ENTREGADO,SERVIENTREGA,240051560086,RISARALDA,PEREIRA,83500,20085,1
74040898,2026-05-03,ENTREGADO,SERVIENTREGA,240051560898,BOLIVAR,CARTAGENA,47300,10986,0
74041390,2026-05-06,ENTREGADO,COORDINADORA,240051561390,TOLIMA,IBAGUE,83500,19699,0
74040951,2026-05-08,ENTREGADO,TCC,240051560951,ANTIOQUIA,MEDELLIN,47500,19624,0
74040076,2026-05-06,ENTREGADO,ENVIA,240051560076,CUNDINAMARCA,BOGOTA,62100,10067,1
74041231,2026-05-01,ENTREGADO,COORDINADORA,240051561231,SANTANDER,BUCARAMANGA,91300,14715,0
74040670,2026-05-03,ENTREGADO,TCC,240051560670,BOLIVAR,CARTAGENA,82300,22895,1
74040479,2026-05-09,ENTREGADO,INTERRAPIDISIMO,240051560479,MAGDALENA,SANTA MARTA,57500,22138,0
74042049,2026-05-08,EN ESPERA DE RX,ENVIA,240051562049,CUNDINAMARCA,BOGOTA,80200,23051,9
74040905,2026-05-05,ENTREGADO,SERVIENTREGA,240051560905,TOLIMA,IBAGUE,73500,12505,2
74040091,2026-04-29,ENTREGADO,ENVIA,240051560091,CUNDINAMARCA,BOGOTA,69900,11586,0
74040763,2026-05-10,ENTREGADO,ENVIA,240051560763,CORDOBA,MONTERIA,90200,10248,2
74040940,2026-05-13,ENTREGADO,INTERRAPIDISIMO,240051560940,ANTIOQUIA,MEDELLIN,73800,16193,0
74040448,2026-04-28,ENTREGADO,ENVIA,240051560448,RISARALDA,PEREIRA,94600,17532,1
74041555,2026-05-10,ENTREGADO,COORDINADORA,240051561555,MAGDALENA,SANTA MARTA,78000,18835,2
74040869,2026-05-01,ENTREGADO,TCC,240051560869,BOLIVAR,CARTAGENA,79800,22599,0
74041180,2026-05-04,ENTREGADO,TCC,240051561180,HUILA,NEIVA,72100,20990,1
74041243,2026-04-28,ENTREGADO,INTERRAPIDISIMO,240051561243,CUNDINAMARCA,BOGOTA,47200,20201,0
74042125,2026-05-03,DESPACHADA,ENVIA,240051562125,BOLIVAR,CARTAGENA,64600,22954,3
74041560,2026-05-09,ENTREGADO,TCC,240051561560,VALLE DEL CAUCA,CALI,81800,18900,2
74041057,2026-05-05,ENTREGADO,COORDINADORA,240051561057,BOLIVAR,CARTAGENA,50700,23527,1
74040152,2026-05-10,ENTREGADO,ENVIA,240051560152,SANTANDER,BUCARAMANGA,97700,18531,1
74041046,2026-05-04,ENTREGADO,INTERRAPIDISIMO,240051561046,HUILA,NEIVA,55700,10357,1
74041678,2026-05-12,ENTREGADO,TCC,240051561678,BOLIVAR,CARTAGENA,73600,16422,0
74041496,2026-05-03,ENTREGADO,SERVIENTREGA,240051561496,HUILA,NEIVA,55900,19462,2
74041716,2026-05-03,ENTREGADO,COORDINADORA,240051561716,CUNDINAMARCA,BOGOTA,77300,14513,2
74040110,2026-05-04,ENTREGADO,ENVIA,240051560110,MAGDALENA,SANTA MARTA,83400,23405,1
74040033,2026-05-10,ENTREGADO,COORDINADORA,240051560033,HUILA,NEIVA,66800,13579,0
74041811,2026-05-10,DEVOLUCION,ENVIA,240051561811,CUNDINAMARCA,BOGOTA,81700,21052,10
74041837,2026-05-04,DEVOLUCION,ENVIA,240051561837,CUNDINAMARCA,BOGOTA,98700,13653,3
74042132,2026-05-15,EN PROCESAMIENTO,INTERRAPIDISIMO,240051562132,BOLIVAR,CARTAGENA,76200,14807,3
74041789,2026-04-29,DEVOLUCION,ENVIA,240051561789,CUNDINAMARCA,BOGOTA,48400,21071,9
74041482,2026-05-09,ENTREGADO,ENVIA,240051561482,VALLE DEL CAUCA,CALI,50700,13464,1
74040546,2026-05-06,ENTREGADO,SERVIENTREGA,240051560546,ANTIOQUIA,MEDELLIN,94200,19824,0
74041258,2026-05-05,ENTREGADO,SERVIENTREGA,240051561258,MAGDALENA,SANTA MARTA,51900,16720,1
74042183,2026-05-05,EN REPARTO,ENVIA,240051562183,BOLIVAR,CARTAGENA,45300,22665,2
74040409,2026-05-06,ENTREGADO,COORDINADORA,240051560409,MAGDALENA,SANTA MARTA,95200,21519,1
74040281,2026-05-03,ENTREGADO,COORDINADORA,240051560281,CUNDINAMARCA,BOGOTA,71100,13982,0
74041396,2026-05-10,ENTREGADO,SERVIENTREGA,240051561396,MAGDALENA,SANTA MARTA,80400,19500,1
74042186,2026-05-07,EN REPARTO,ENVIA,240051562186,BOLIVAR,CARTAGENA,75700,14703,2
74041519,2026-05-03,ENTREGADO,TCC,240051561519,BOLIVAR,CARTAGENA,57900,11717,0
74040212,2026-05-11,ENTREGADO,ENVIA,240051560212,VALLE DEL CAUCA,CALI,85400,12356,0
74040608,2026-05-07,ENTREGADO,COORDINADORA,240051560608,SANTANDER,BUCARAMANGA,62800,22981,2
74042033,2026-05-06,RECLAME EN OFICINA,ENVIA,240051562033,TOLIMA,IBAGUE,50000,15754,5
74040431,2026-05-08,ENTREGADO,COORDINADORA,240051560431,ANTIOQUIA,MEDELLIN,85800,10402,1
74040749,2026-05-07,ENTREGADO,ENVIA,240051560749,ATLANTICO,BARRANQUILLA,47100,23816,1
74041517,2026-05-07,ENTREGADO,ENVIA,240051561517,ATLANTICO,BARRANQUILLA,82900,18236,1
74041778,2026-05-09,DEVOLUCION,SERVIENTREGA,240051561778,SANTANDER,BUCARAMANGA,92400,11358,7
74041381,2026-05-10,ENTREGADO,INTERRAPIDISIMO,240051561381,VALLE DEL CAUCA,CALI,78400,11440,1
74042149,2026-05-06,EN PROCESAMIENTO,SERVIENTREGA,240051562149,RISARALDA,PEREIRA,78200,22689,1
74040078,2026-05-07,ENTREGADO,TCC,240051560078,CALDAS,MANIZALES,94100,17813,1
74041447,2026-05-02,ENTREGADO,TCC,240051561447,META,VILLAVICENCIO,77100,13662,2
74041020,2026-05-04,ENTREGADO,TCC,240051561020,TOLIMA,IBAGUE,88300,10639,2
74040018,2026-05-03,ENTREGADO,TCC,240051560018,CALDAS,MANIZALES,58500,20681,2
74041512,2026-05-03,ENTREGADO,INTERRAPIDISIMO,240051561512,ANTIOQUIA,MEDELLIN,56300,19054,1
74040554,2026-05-06,ENTREGADO,INTERRAPIDISIMO,240051560554,ATLANTICO,BARRANQUILLA,51900,16588,1
74041831,2026-05-05,DEVOLUCION,ENVIA,240051561831,CUNDINAMARCA,BOGOTA,84000,22266,4
74041266,2026-05-10,ENTREGADO,SERVIENTREGA,240051561266,NARIÑO,PASTO,57600,17229,0
74042153,2026-04-30,EN REEXPEDICION,SERVIENTREGA,240051562153,ANTIOQUIA,MEDELLIN,96400,39008,1
74040538,2026-05-05,ENTREGADO,ENVIA,240051560538,BOLIVAR,CARTAGENA,69400,13343,1
74040691,2026-05-13,ENTREGADO,INTERRAPIDISIMO,240051560691,BOLIVAR,CARTAGENA,89600,17569,1
74040845,2026-05-01,ENTREGADO,SERVIENTREGA,240051560845,VALLE DEL CAUCA,CALI,87100,20781,1
74040512,2026-05-14,ENTREGADO,TCC,240051560512,ATLANTICO,BARRANQUILLA,83500,21727,0
74041382,2026-05-11,ENTREGADO,ENVIA,240051561382,RISARALDA,PEREIRA,65700,23339,1
74041742,2026-05-06,DEVOLUCION,INTERRAPIDISIMO,240051561742,MAGDALENA,SANTA MARTA,85600,20548,7
74041880,2026-05-08,DEVOLUCION,ENVIA,240051561880,BOLIVAR,CARTAGENA,99100,13230,6
74040819,2026-05-05,ENTREGADO,ENVIA,240051560819,VALLE DEL CAUCA,CALI,83300,16313,1
74041793,2026-05-07,DEVOLUCION,ENVIA,240051561793,HUILA,NEIVA,74400,18680,5
74041312,2026-05-01,ENTREGADO,COORDINADORA,240051561312,SANTANDER,BUCARAMANGA,94700,17746,1
74041099,2026-05-06,ENTREGADO,INTERRAPIDISIMO,240051561099,VALLE DEL CAUCA,CALI,80000,16490,1
74042002,2026-05-03,RECLAME EN OFICINA,ENVIA,240051562002,VALLE DEL CAUCA,CALI,67300,23291,9
74041169,2026-05-04,ENTREGADO,COORDINADORA,240051561169,ATLANTICO,BARRANQUILLA,89800,20596,2
74042198,2026-05-09,EN PROCESAMIENTO,SERVIENTREGA,240051562198,SANTANDER,BUCARAMANGA,67200,12159,2
74041260,2026-04-28,ENTREGADO,INTERRAPIDISIMO,240051561260,VALLE DEL CAUCA,CALI,99400,20064,1
74040415,2026-05-08,ENTREGADO,INTERRAPIDISIMO,240051560415,SANTANDER,BUCARAMANGA,64200,22915,2
74040450,2026-05-02,ENTREGADO,TCC,240051560450,ANTIOQUIA,MEDELLIN,46300,20542,1
74042330,2026-05-04,EN REEXPEDICION,COORDINADORA,240051562330,META,VILLAVICENCIO,95600,41145,2
74042232,2026-04-29,EN BODEGA TRANSPORTADORA,ENVIA,240051562232,HUILA,NEIVA,45900,14715,2
74040413,2026-05-05,ENTREGADO,TCC,240051560413,SANTANDER,BUCARAMANGA,73300,20069,2
74041833,2026-05-03,DEVOLUCION,COORDINADORA,240051561833,RISARALDA,PEREIRA,98700,20158,10
74040145,2026-05-11,ENTREGADO,ENVIA,240051560145,ANTIOQUIA,MEDELLIN,93700,13987,2
74040989,2026-05-06,ENTREGADO,ENVIA,240051560989,RISARALDA,PEREIRA,48100,22004,2
74041842,2026-05-04,DEVOLUCION,ENVIA,240051561842,VALLE DEL CAUCA,CALI,46200,14183,11
74040984,2026-05-06,ENTREGADO,ENVIA,240051560984,CORDOBA,MONTERIA,67800,20117,0
74041802,2026-05-06,DEVOLUCION,TCC,240051561802,ANTIOQUIA,MEDELLIN,98100,18148,9
74041971,2026-05-06,RECLAME EN OFICINA,ENVIA,240051561971,ANTIOQUIA,MEDELLIN,74400,22945,3
74040948,2026-05-04,ENTREGADO,COORDINADORA,240051560948,HUILA,NEIVA,48500,18052,0
74042227,2026-05-12,EN REEXPEDICION,SERVIENTREGA,240051562227,CALDAS,MANIZALES,80400,41577,1
74041350,2026-05-13,ENTREGADO,ENVIA,240051561350,CUNDINAMARCA,BOGOTA,73000,18265,1
74042258,2026-05-06,EN BODEGA DESTINO,TCC,240051562258,TOLIMA,IBAGUE,89200,16843,1
74042113,2026-05-06,EN BODEGA TRANSPORTADORA,INTERRAPIDISIMO,240051562113,META,VILLAVICENCIO,94600,22760,2
74042242,2026-05-08,EN REEXPEDICION,ENVIA,240051562242,BOLIVAR,CARTAGENA,56900,37090,1
74040144,2026-05-01,ENTREGADO,ENVIA,240051560144,CORDOBA,MONTERIA,64500,16650,1
74041245,2026-05-14,ENTREGADO,SERVIENTREGA,240051561245,CORDOBA,MONTERIA,52200,16768,1
74040341,2026-05-02,ENTREGADO,SERVIENTREGA,240051560341,ANTIOQUIA,MEDELLIN,69800,12077,1
74040603,2026-05-07,ENTREGADO,TCC,240051560603,NARIÑO,PASTO,66800,23132,2
74040067,2026-05-02,ENTREGADO,TCC,240051560067,BOLIVAR,CARTAGENA,85300,21660,2
74041767,2026-05-03,DEVOLUCION,COORDINADORA,240051561767,CALDAS,MANIZALES,87200,18150,10
74040892,2026-04-30,ENTREGADO,INTERRAPIDISIMO,240051560892,MAGDALENA,SANTA MARTA,63700,19670,0
74042283,2026-04-30,INTENTO DE ENTREGA,INTERRAPIDISIMO,240051562283,RISARALDA,PEREIRA,75600,18951,3
74042005,2026-05-11,EN ESPERA DE RX,SERVIENTREGA,240051562005,CALDAS,MANIZALES,59200,10655,14
74040855,2026-05-08,ENTREGADO,ENVIA,240051560855,MAGDALENA,SANTA MARTA,63700,13975,1
74041633,2026-05-09,ENTREGADO,INTERRAPIDISIMO,240051561633,RISARALDA,PEREIRA,71600,17451,1
74042289,2026-05-03,EN BODEGA TRANSPORTADORA,SERVIENTREGA,240051562289,RISARALDA,PEREIRA,71000,13388,2
74040490,2026-05-08,ENTREGADO,SERVIENTREGA,240051560490,HUILA,NEIVA,78800,11974,1
74040292,2026-05-02,ENTREGADO,COORDINADORA,240051560292,NARIÑO,PASTO,82400,14108,0
74042001,2026-05-07,EN ESPERA DE RX,ENVIA,240051562001,MAGDALENA,SANTA MARTA,52800,17532,9
74040925,2026-05-12,ENTREGADO,TCC,240051560925,ATLANTICO,BARRANQUILLA,58300,17120,2
74041614,2026-05-13,ENTREGADO,TCC,240051561614,ATLANTICO,BARRANQUILLA,52000,16364,2
74040199,2026-05-10,ENTREGADO,COORDINADORA,240051560199,CALDAS,MANIZALES,60400,21324,0
74041079,2026-05-08,ENTREGADO,TCC,240051561079,CORDOBA,MONTERIA,79300,16056,0
74040609,2026-05-03,ENTREGADO,INTERRAPIDISIMO,240051560609,MAGDALENA,SANTA MARTA,60400,22468,0
74041018,2026-05-05,ENTREGADO,INTERRAPIDISIMO,240051561018,TOLIMA,IBAGUE,93500,11062,0
74042124,2026-05-11,EN REPARTO,INTERRAPIDISIMO,240051562124,ATLANTICO,BARRANQUILLA,70400,13182,3
74041964,2026-05-11,DEVOLUCION,ENVIA,240051561964,CUNDINAMARCA,BOGOTA,55400,17563,3
74040655,2026-05-12,ENTREGADO,INTERRAPIDISIMO,240051560655,ANTIOQUIA,MEDELLIN,60500,18371,2
74040214,2026-05-05,ENTREGADO,INTERRAPIDISIMO,240051560214,SANTANDER,BUCARAMANGA,56700,22524,1
74040069,2026-05-08,ENTREGADO,TCC,240051560069,VALLE DEL CAUCA,CALI,77300,22166,2
74041499,2026-05-09,ENTREGADO,ENVIA,240051561499,BOLIVAR,CARTAGENA,82500,19296,2
74040828,2026-05-07,ENTREGADO,SERVIENTREGA,240051560828,TOLIMA,IBAGUE,68400,17620,1
74041814,2026-05-11,DEVOLUCION,TCC,240051561814,ATLANTICO,BARRANQUILLA,67900,13168,1
74042048,2026-04-29,RECLAME EN OFICINA,COORDINADORA,240051562048,NARIÑO,PASTO,51700,19627,3
74040246,2026-05-07,ENTREGADO,INTERRAPIDISIMO,240051560246,CORDOBA,MONTERIA,73300,12210,2
74040326,2026-05-06,ENTREGADO,INTERRAPIDISIMO,240051560326,ATLANTICO,BARRANQUILLA,60600,10280,2
74040844,2026-05-10,ENTREGADO,INTERRAPIDISIMO,240051560844,ANTIOQUIA,MEDELLIN,57400,15731,1
74040456,2026-05-06,ENTREGADO,COORDINADORA,240051560456,VALLE DEL CAUCA,CALI,94600,12742,2
74040403,2026-04-30,ENTREGADO,COORDINADORA,240051560403,CORDOBA,MONTERIA,49400,17544,2
74042318,2026-05-06,EN BODEGA DESTINO,ENVIA,240051562318,VALLE DEL CAUCA,CALI,81200,16540,3
74041563,2026-05-02,ENTREGADO,TCC,240051561563,RISARALDA,PEREIRA,60600,23791,1
74041692,2026-04-29,ENTREGADO,SERVIENTREGA,240051561692,NARIÑO,PASTO,86900,19853,0
74041160,2026-05-12,ENTREGADO,SERVIENTREGA,240051561160,CORDOBA,MONTERIA,87700,20334,0
74041665,2026-05-01,ENTREGADO,TCC,240051561665,VALLE DEL CAUCA,CALI,92300,13929,2
74040491,2026-05-13,ENTREGADO,ENVIA,240051560491,TOLIMA,IBAGUE,72600,21986,1
74040621,2026-05-09,ENTREGADO,TCC,240051560621,CUNDINAMARCA,BOGOTA,71500,11140,2
74041860,2026-05-04,DEVOLUCION,ENVIA,240051561860,RISARALDA,PEREIRA,76400,18566,13
74040048,2026-05-09,ENTREGADO,SERVIENTREGA,240051560048,HUILA,NEIVA,88100,20875,2
74040654,2026-05-05,ENTREGADO,COORDINADORA,240051560654,CORDOBA,MONTERIA,78900,14808,2
74041098,2026-05-12,ENTREGADO,COORDINADORA,240051561098,ATLANTICO,BARRANQUILLA,55600,17545,2
74041873,2026-05-07,DEVOLUCION,ENVIA,240051561873,MAGDALENA,SANTA MARTA,99200,18897,4
74040478,2026-05-02,ENTREGADO,COORDINADORA,240051560478,MAGDALENA,SANTA MARTA,63200,17604,2
74040262,2026-05-07,ENTREGADO,COORDINADORA,240051560262,META,VILLAVICENCIO,79400,12696,0
74040719,2026-05-10,ENTREGADO,TCC,240051560719,ATLANTICO,BARRANQUILLA,68100,11331,0
74040709,2026-05-11,ENTREGADO,TCC,240051560709,ATLANTICO,BARRANQUILLA,56800,13564,1
74041755,2026-04-29,DEVOLUCION,COORDINADORA,240051561755,CUNDINAMARCA,BOGOTA,58100,12179,14
74040960,2026-05-04,ENTREGADO,TCC,240051560960,MAGDALENA,SANTA MARTA,66000,22320,2
74042130,2026-05-10,TELEMERCADEO,ENVIA,240051562130,SANTANDER,BUCARAMANGA,96200,17997,2
74041195,2026-05-10,ENTREGADO,ENVIA,240051561195,SANTANDER,BUCARAMANGA,47200,11285,0
74041060,2026-05-03,ENTREGADO,ENVIA,240051561060,RISARALDA,PEREIRA,75200,11942,0
74042344,2026-05-05,EN PROCESAMIENTO,ENVIA,240051562344,SANTANDER,BUCARAMANGA,67600,20513,1
74040867,2026-05-03,ENTREGADO,ENVIA,240051560867,SANTANDER,BUCARAMANGA,95000,17055,2
74040890,2026-05-06,ENTREGADO,INTERRAPIDISIMO,240051560890,HUILA,NEIVA,93000,10726,2
74040537,2026-05-07,ENTREGADO,SERVIENTREGA,240051560537,HUILA,NEIVA,88000,17493,0
74041110,2026-05-06,ENTREGADO,TCC,240051561110,ATLANTICO,BARRANQUILLA,63600,18863,0
74041819,2026-05-08,DEVOLUCION,SERVIENTREGA,240051561819,VALLE DEL CAUCA,CALI,90300,20317,14
74040742,2026-05-11,ENTREGADO,ENVIA,240051560742,TOLIMA,IBAGUE,48500,17993,0
74040532,2026-05-03,ENTREGADO,COORDINADORA,240051560532,META,VILLAVICENCIO,56300,20396,0
74042297,2026-05-07,TELEMERCADEO,ENVIA,240051562297,RISARALDA,PEREIRA,75000,17890,2
74040526,2026-05-04,ENTREGADO,SERVIENTREGA,240051560526,BOLIVAR,CARTAGENA,46100,14223,2
74041639,2026-05-04,ENTREGADO,INTERRAPIDISIMO,240051561639,VALLE DEL CAUCA,CALI,86300,18674,1
74040853,2026-05-11,ENTREGADO,TCC,240051560853,HUILA,NEIVA,63000,19495,1
74041729,2026-05-04,ENTREGADO,TCC,240051561729,ATLANTICO,BARRANQUILLA,52600,19810,2
74041430,2026-05-08,ENTREGADO,ENVIA,240051561430,CALDAS,MANIZALES,46600,17894,1
74041281,2026-05-10,ENTREGADO,COORDINADORA,240051561281,CALDAS,MANIZALES,63100,23443,2
74041587,2026-05-09,ENTREGADO,COORDINADORA,240051561587,BOLIVAR,CARTAGENA,59100,15428,0
74041342,2026-04-30,ENTREGADO,ENVIA,240051561342,NARIÑO,PASTO,71400,12485,0
74040765,2026-05-11,ENTREGADO,SERVIENTREGA,240051560765,SANTANDER,BUCARAMANGA,73900,11520,0
74041670,2026-05-06,ENTREGADO,COORDINADORA,240051561670,RISARALDA,PEREIRA,70600,21215,0
74041127,2026-05-03,ENTREGADO,SERVIENTREGA,240051561127,TOLIMA,IBAGUE,80200,12229,0
74042104,2026-05-09,EN REPARTO,INTERRAPIDISIMO,240051562104,RISARALDA,PEREIRA,79500,10055,2
74040804,2026-05-05,ENTREGADO,TCC,240051560804,CUNDINAMARCA,BOGOTA,62200,20321,1
74041247,2026-05-02,ENTREGADO,ENVIA,240051561247,SANTANDER,BUCARAMANGA,87400,14247,1
74041571,2026-05-05,ENTREGADO,TCC,240051561571,TOLIMA,IBAGUE,95000,14234,2
74041339,2026-05-01,ENTREGADO,SERVIENTREGA,240051561339,SANTANDER,BUCARAMANGA,71300,17509,1
74042298,2026-05-10,EN REEXPEDICION,TCC,240051562298,ATLANTICO,BARRANQUILLA,89600,42711,3
74041017,2026-05-04,ENTREGADO,ENVIA,240051561017,META,VILLAVICENCIO,55900,22818,0
74041422,2026-04-29,ENTREGADO,COORDINADORA,240051561422,SANTANDER,BUCARAMANGA,94800,12726,2
74040075,2026-05-07,ENTREGADO,ENVIA,240051560075,BOLIVAR,CARTAGENA,91100,18948,1
74041322,2026-05-04,ENTREGADO,TCC,240051561322,NARIÑO,PASTO,53300,17747,2
74040874,2026-05-08,ENTREGADO,INTERRAPIDISIMO,240051560874,HUILA,NEIVA,81500,22763,2
74040366,2026-05-03,ENTREGADO,INTERRAPIDISIMO,240051560366,SANTANDER,BUCARAMANGA,87900,12187,2
74040876,2026-05-03,ENTREGADO,ENVIA,240051560876,ANTIOQUIA,MEDELLIN,57100,12031,2
74040422,2026-05-07,ENTREGADO,SERVIENTREGA,240051560422,META,VILLAVICENCIO,62500,22394,2
74041712,2026-05-09,ENTREGADO,ENVIA,240051561712,RISARALDA,PEREIRA,55100,19961,1
74041415,2026-05-07,ENTREGADO,ENVIA,240051561415,SANTANDER,BUCARAMANGA,87000,13425,1
74041759,2026-05-03,DEVOLUCION,SERVIENTREGA,240051561759,CORDOBA,MONTERIA,46700,21880,7
74040335,2026-05-09,ENTREGADO,SERVIENTREGA,240051560335,BOLIVAR,CARTAGENA,64700,17151,2
74040726,2026-05-02,ENTREGADO,INTERRAPIDISIMO,240051560726,HUILA,NEIVA,91500,15625,0
74042037,2026-05-10,EN ESPERA DE RX,ENVIA,240051562037,META,VILLAVICENCIO,51000,21211,5
74041080,2026-05-09,ENTREGADO,ENVIA,240051561080,ATLANTICO,BARRANQUILLA,80800,20167,1
74040085,2026-05-09,ENTREGADO,SERVIENTREGA,240051560085,TOLIMA,IBAGUE,62100,10367,2
74041481,2026-05-09,ENTREGADO,INTERRAPIDISIMO,240051561481,META,VILLAVICENCIO,52200,23986,1
74040046,2026-05-04,ENTREGADO,INTERRAPIDISIMO,240051560046,ANTIOQUIA,MEDELLIN,96100,16939,2
74040711,2026-05-08,ENTREGADO,COORDINADORA,240051560711,MAGDALENA,SANTA MARTA,61500,22726,1
74040761,2026-05-06,ENTREGADO,TCC,240051560761,MAGDALENA,SANTA MARTA,98500,21297,2
74040093,2026-05-05,ENTREGADO,SERVIENTREGA,240051560093,ATLANTICO,BARRANQUILLA,48700,20932,0
74041225,2026-05-08,ENTREGADO,TCC,240051561225,CUNDINAMARCA,BOGOTA,71700,20689,1
74040626,2026-05-05,ENTREGADO,TCC,240051560626,RISARALDA,PEREIRA,64100,11325,2
74040510,2026-05-04,ENTREGADO,TCC,240051560510,CUNDINAMARCA,BOGOTA,81200,13468,2
74040193,2026-05-04,ENTREGADO,ENVIA,240051560193,HUILA,NEIVA,95100,13006,0
74042203,2026-05-07,CITA PROGRAMADA,ENVIA,240051562203,META,VILLAVICENCIO,95200,38021,2
74040980,2026-05-10,ENTREGADO,TCC,240051560980,TOLIMA,IBAGUE,67800,19492,1
74041944,2026-05-04,DEVOLUCION,ENVIA,240051561944,TOLIMA,IBAGUE,61300,20020,4
74042277,2026-05-11,EN REEXPEDICION,SERVIENTREGA,240051562277,TOLIMA,IBAGUE,71400,37183,1
74040990,2026-04-30,ENTREGADO,ENVIA,240051560990,ATLANTICO,BARRANQUILLA,53700,11853,1
74040610,2026-05-04,ENTREGADO,INTERRAPIDISIMO,240051560610,META,VILLAVICENCIO,59000,14437,0
74040235,2026-05-07,ENTREGADO,TCC,240051560235,NARIÑO,PASTO,83500,17203,0
74041315,2026-05-05,ENTREGADO,COORDINADORA,240051561315,MAGDALENA,SANTA MARTA,58100,15481,0
74041427,2026-05-05,ENTREGADO,COORDINADORA,240051561427,RISARALDA,PEREIRA,70500,20335,2
74042050,2026-05-04,RECLAME EN OFICINA,ENVIA,240051562050,SANTANDER,BUCARAMANGA,86000,10693,12
74040561,2026-05-02,ENTREGADO,SERVIENTREGA,240051560561,MAGDALENA,SANTA MARTA,93900,19807,0
74040351,2026-05-08,ENTREGADO,ENVIA,240051560351,VALLE DEL CAUCA,CALI,68500,12111,2
74042006,2026-05-05,NOVEDAD,SERVIENTREGA,240051562006,NARIÑO,PASTO,56400,19850,12
74040416,2026-05-01,ENTREGADO,SERVIENTREGA,240051560416,MAGDALENA,SANTA MARTA,79800,23275,1
74040168,2026-05-02,ENTREGADO,TCC,240051560168,BOLIVAR,CARTAGENA,81700,12809,2
74041318,2026-05-09,ENTREGADO,ENVIA,240051561318,SANTANDER,BUCARAMANGA,59500,10434,2
74041807,2026-05-12,DEVOLUCION,INTERRAPIDISIMO,240051561807,BOLIVAR,CARTAGENA,57400,17680,12
74041838,2026-05-09,DEVOLUCION,ENVIA,240051561838,CUNDINAMARCA,BOGOTA,55700,22942,11
74041530,2026-05-06,ENTREGADO,TCC,240051561530,RISARALDA,PEREIRA,73800,21769,2
74040484,2026-04-29,ENTREGADO,SERVIENTREGA,240051560484,ATLANTICO,BARRANQUILLA,54600,18400,1
74041773,2026-05-03,DEVOLUCION,INTERRAPIDISIMO,240051561773,CALDAS,MANIZALES,85000,11730,4
74041137,2026-05-07,ENTREGADO,INTERRAPIDISIMO,240051561137,BOLIVAR,CARTAGENA,47700,19039,1
74042222,2026-05-03,CITA PROGRAMADA,ENVIA,240051562222,TOLIMA,IBAGUE,57400,36688,1
74041969,2026-05-06,NOVEDAD,INTERRAPIDISIMO,240051561969,MAGDALENA,SANTA MARTA,92300,16054,8
74041693,2026-05-02,ENTREGADO,INTERRAPIDISIMO,240051561693,MAGDALENA,SANTA MARTA,73900,19878,0
74040806,2026-05-11,ENTREGADO,TCC,240051560806,NARIÑO,PASTO,98600,21614,2
74040598,2026-05-07,ENTREGADO,INTERRAPIDISIMO,240051560598,BOLIVAR,CARTAGENA,65000,23032,0
74041881,2026-04-28,DEVOLUCION,ENVIA,240051561881,META,VILLAVICENCIO,99500,18341,13
74040458,2026-05-02,ENTREGADO,ENVIA,240051560458,ATLANTICO,BARRANQUILLA,73500,22455,0
74041709,2026-05-02,ENTREGADO,INTERRAPIDISIMO,240051561709,META,VILLAVICENCIO,51300,19488,1
74040065,2026-05-12,ENTREGADO,COORDINADORA,240051560065,ATLANTICO,BARRANQUILLA,62700,13429,1
74041471,2026-05-15,ENTREGADO,INTERRAPIDISIMO,240051561471,CUNDINAMARCA,BOGOTA,80900,23565,1
74041299,2026-05-05,ENTREGADO,SERVIENTREGA,240051561299,CORDOBA,MONTERIA,94700,21702,2
74041307,2026-05-06,ENTREGADO,COORDINADORA,240051561307,HUILA,NEIVA,97300,17541,0
74041704,2026-05-10,ENTREGADO,COORDINADORA,240051561704,CALDAS,MANIZALES,64800,16483,0
74041211,2026-05-01,ENTREGADO,INTERRAPIDISIMO,240051561211,SANTANDER,BUCARAMANGA,91400,16551,2
74041962,2026-05-10,DEVOLUCION,ENVIA,240051561962,CUNDINAMARCA,BOGOTA,75100,20400,2
74041052,2026-05-02,ENTREGADO,INTERRAPIDISIMO,240051561052,ATLANTICO,BARRANQUILLA,99900,15102,0
74041263,2026-05-05,ENTREGADO,ENVIA,240051561263,MAGDALENA,SANTA MARTA,74300,21538,2
74041048,2026-05-08,ENTREGADO,INTERRAPIDISIMO,240051561048,MAGDALENA,SANTA MARTA,90200,20736,1
74041559,2026-05-14,ENTREGADO,SERVIENTREGA,240051561559,NARIÑO,PASTO,73400,18521,0
74041762,2026-05-07,DEVOLUCION,ENVIA,240051561762,VALLE DEL CAUCA,CALI,73100,10609,7
74042097,2026-05-08,EN BODEGA ORIGEN,INTERRAPIDISIMO,240051562097,SANTANDER,BUCARAMANGA,49600,18615,2
74040072,2026-05-05,ENTREGADO,ENVIA,240051560072,ANTIOQUIA,MEDELLIN,81600,17586,2
74041055,2026-05-07,ENTREGADO,TCC,240051561055,BOLIVAR,CARTAGENA,92200,21799,2
74041877,2026-05-11,DEVOLUCION,SERVIENTREGA,240051561877,ANTIOQUIA,MEDELLIN,86900,23778,6
74040301,2026-05-08,ENTREGADO,SERVIENTREGA,240051560301,META,VILLAVICENCIO,66600,13863,0
74041058,2026-05-07,ENTREGADO,COORDINADORA,240051561058,MAGDALENA,SANTA MARTA,66500,11763,0
74042088,2026-05-06,TELEMERCADEO,ENVIA,240051562088,BOLIVAR,CARTAGENA,88600,18722,2
74041867,2026-05-09,DEVOLUCION,ENVIA,240051561867,CUNDINAMARCA,BOGOTA,99400,18535,14
74040992,2026-05-09,ENTREGADO,COORDINADORA,240051560992,TOLIMA,IBAGUE,61900,10210,1
74041768,2026-05-04,DEVOLUCION,COORDINADORA,240051561768,RISARALDA,PEREIRA,76200,19578,9
74040910,2026-05-06,ENTREGADO,COORDINADORA,240051560910,SANTANDER,BUCARAMANGA,53000,17511,0
74040242,2026-05-07,ENTREGADO,ENVIA,240051560242,TOLIMA,IBAGUE,57300,15213,1
74041569,2026-05-10,ENTREGADO,TCC,240051561569,CORDOBA,MONTERIA,79100,20954,2
74040306,2026-05-05,ENTREGADO,TCC,240051560306,BOLIVAR,CARTAGENA,47900,21184,0
74041437,2026-05-02,ENTREGADO,SERVIENTREGA,240051561437,BOLIVAR,CARTAGENA,58300,17540,2
74040830,2026-04-29,ENTREGADO,SERVIENTREGA,240051560830,HUILA,NEIVA,90300,19860,2
74041626,2026-05-11,ENTREGADO,INTERRAPIDISIMO,240051561626,CORDOBA,MONTERIA,75700,22995,1
74040194,2026-05-04,ENTREGADO,ENVIA,240051560194,HUILA,NEIVA,84600,23332,1
74041472,2026-05-11,ENTREGADO,COORDINADORA,240051561472,SANTANDER,BUCARAMANGA,93000,12725,1
74041230,2026-05-11,ENTREGADO,TCC,240051561230,CUNDINAMARCA,BOGOTA,83700,15267,0
74040485,2026-05-08,ENTREGADO,SERVIENTREGA,240051560485,BOLIVAR,CARTAGENA,49600,14741,0
74041214,2026-05-01,ENTREGADO,INTERRAPIDISIMO,240051561214,HUILA,NEIVA,88400,18608,0
74042012,2026-05-04,RECLAME EN OFICINA,COORDINADORA,240051562012,RISARALDA,PEREIRA,79600,18359,12
74041028,2026-05-04,ENTREGADO,TCC,240051561028,NARIÑO,PASTO,87800,22797,1
74040362,2026-05-09,ENTREGADO,ENVIA,240051560362,NARIÑO,PASTO,88000,10427,1
74040889,2026-05-06,ENTREGADO,COORDINADORA,240051560889,RISARALDA,PEREIRA,97700,11082,0
74040878,2026-05-08,ENTREGADO,INTERRAPIDISIMO,240051560878,NARIÑO,PASTO,76200,15833,2
74040796,2026-05-01,ENTREGADO,INTERRAPIDISIMO,240051560796,HUILA,NEIVA,53900,23937,2
74041423,2026-05-04,ENTREGADO,SERVIENTREGA,240051561423,BOLIVAR,CARTAGENA,47500,16326,1
74040671,2026-05-06,ENTREGADO,TCC,240051560671,VALLE DEL CAUCA,CALI,48400,19317,0
74040731,2026-04-30,ENTREGADO,ENVIA,240051560731,TOLIMA,IBAGUE,53200,22052,2
74040906,2026-05-05,ENTREGADO,INTERRAPIDISIMO,240051560906,NARIÑO,PASTO,84400,11261,0
74041476,2026-04-29,ENTREGADO,COORDINADORA,240051561476,MAGDALENA,SANTA MARTA,90100,17757,2
74040533,2026-05-13,ENTREGADO,INTERRAPIDISIMO,240051560533,TOLIMA,IBAGUE,65800,18753,0
74042315,2026-05-11,EN PROCESAMIENTO,ENVIA,240051562315,META,VILLAVICENCIO,78800,17596,2
74041204,2026-04-27,ENTREGADO,TCC,240051561204,MAGDALENA,SANTA MARTA,45400,14969,0
74042079,2026-05-03,EN BODEGA DESTINO,SERVIENTREGA,240051562079,TOLIMA,IBAGUE,57300,17914,1
74042192,2026-05-08,EN BODEGA ORIGEN,SERVIENTREGA,240051562192,BOLIVAR,CARTAGENA,99700,17906,3
74040296,2026-05-02,ENTREGADO,INTERRAPIDISIMO,240051560296,MAGDALENA,SANTA MARTA,54200,15941,0
74041578,2026-05-05,ENTREGADO,TCC,240051561578,BOLIVAR,CARTAGENA,54300,21964,2
74040498,2026-05-08,ENTREGADO,TCC,240051560498,HUILA,NEIVA,86000,20108,0
74041888,2026-05-07,DEVOLUCION,COORDINADORA,240051561888,CORDOBA,MONTERIA,78800,10906,4
74041031,2026-05-06,ENTREGADO,COORDINADORA,240051561031,TOLIMA,IBAGUE,87900,13525,0
74040601,2026-05-05,ENTREGADO,ENVIA,240051560601,SANTANDER,BUCARAMANGA,78500,15830,0
74041809,2026-05-03,DEVOLUCION,ENVIA,240051561809,RISARALDA,PEREIRA,67500,11026,3
74041658,2026-04-29,ENTREGADO,COORDINADORA,240051561658,TOLIMA,IBAGUE,60100,13946,2
74040584,2026-05-09,ENTREGADO,SERVIENTREGA,240051560584,NARIÑO,PASTO,98800,23301,1
74040829,2026-05-07,ENTREGADO,INTERRAPIDISIMO,240051560829,NARIÑO,PASTO,76300,21495,0
74041547,2026-05-04,ENTREGADO,INTERRAPIDISIMO,240051561547,HUILA,NEIVA,46400,23980,2
74041979,2026-05-03,NOVEDAD,ENVIA,240051561979,ANTIOQUIA,MEDELLIN,59700,19932,12
74041827,2026-04-28,DEVOLUCION,SERVIENTREGA,240051561827,CUNDINAMARCA,BOGOTA,93800,14578,6
74041324,2026-04-30,ENTREGADO,TCC,240051561324,ANTIOQUIA,MEDELLIN,83800,11156,1
74041069,2026-05-12,ENTREGADO,TCC,240051561069,MAGDALENA,SANTA MARTA,73100,18234,2
74040810,2026-05-01,ENTREGADO,SERVIENTREGA,240051560810,ANTIOQUIA,MEDELLIN,79100,23605,1
74042236,2026-05-07,EN PROCESAMIENTO,ENVIA,240051562236,NARIÑO,PASTO,50100,21858,1
74040395,2026-05-10,ENTREGADO,ENVIA,240051560395,ANTIOQUIA,MEDELLIN,90100,21295,2
74041619,2026-05-07,ENTREGADO,INTERRAPIDISIMO,240051561619,SANTANDER,BUCARAMANGA,87700,16343,0
74042339,2026-05-12,EN PROCESAMIENTO,ENVIA,240051562339,CORDOBA,MONTERIA,88400,23895,2
74040641,2026-05-05,ENTREGADO,SERVIENTREGA,240051560641,HUILA,NEIVA,45600,15220,0
74040953,2026-05-04,ENTREGADO,ENVIA,240051560953,RISARALDA,PEREIRA,65900,14623,1
74042076,2026-05-01,EN PROCESAMIENTO,SERVIENTREGA,240051562076,ANTIOQUIA,MEDELLIN,90800,14687,1
74041347,2026-05-10,ENTREGADO,TCC,240051561347,NARIÑO,PASTO,69500,11186,0
74041272,2026-05-06,ENTREGADO,TCC,240051561272,HUILA,NEIVA,71400,16691,0
74042121,2026-05-05,DESPACHADA,INTERRAPIDISIMO,240051562121,BOLIVAR,CARTAGENA,67400,15191,3
74042094,2026-05-07,INTENTO DE ENTREGA,ENVIA,240051562094,CALDAS,MANIZALES,51400,11871,2
74040184,2026-05-11,ENTREGADO,COORDINADORA,240051560184,HUILA,NEIVA,66200,10202,1
74041620,2026-04-30,ENTREGADO,COORDINADORA,240051561620,BOLIVAR,CARTAGENA,95400,17898,2
74041551,2026-05-15,ENTREGADO,INTERRAPIDISIMO,240051561551,VALLE DEL CAUCA,CALI,98900,19224,2
74041744,2026-05-02,DEVOLUCION,ENVIA,240051561744,CUNDINAMARCA,BOGOTA,62900,14148,2
74041246,2026-05-12,ENTREGADO,INTERRAPIDISIMO,240051561246,ANTIOQUIA,MEDELLIN,70000,23926,0
74041513,2026-05-11,ENTREGADO,SERVIENTREGA,240051561513,META,VILLAVICENCIO,59300,23704,1
74040003,2026-05-02,ENTREGADO,INTERRAPIDISIMO,240051560003,RISARALDA,PEREIRA,76400,13855,2
74040779,2026-04-29,ENTREGADO,TCC,240051560779,CUNDINAMARCA,BOGOTA,64600,19733,0
74040488,2026-05-03,ENTREGADO,INTERRAPIDISIMO,240051560488,ANTIOQUIA,MEDELLIN,76800,18820,1
74040428,2026-04-29,ENTREGADO,ENVIA,240051560428,TOLIMA,IBAGUE,83300,13911,2
74041743,2026-05-04,DEVOLUCION,ENVIA,240051561743,RISARALDA,PEREIRA,81300,12288,4
74040891,2026-05-04,ENTREGADO,SERVIENTREGA,240051560891,CALDAS,MANIZALES,55900,23529,1
74040680,2026-05-06,ENTREGADO,TCC,240051560680,CUNDINAMARCA,BOGOTA,45600,17036,2
74040547,2026-05-11,ENTREGADO,SERVIENTREGA,240051560547,SANTANDER,BUCARAMANGA,79900,22809,0
74040651,2026-04-28,ENTREGADO,TCC,240051560651,META,VILLAVICENCIO,45300,10941,1
74042038,2026-05-04,NOVEDAD,ENVIA,240051562038,BOLIVAR,CARTAGENA,72800,18267,9
74042166,2026-05-04,DESPACHADA,ENVIA,240051562166,NARIÑO,PASTO,97700,22919,1
74040700,2026-05-11,ENTREGADO,ENVIA,240051560700,BOLIVAR,CARTAGENA,76000,11964,0
74041562,2026-04-30,ENTREGADO,TCC,240051561562,ATLANTICO,BARRANQUILLA,69300,21345,2
74041972,2026-04-28,RECLAME EN OFICINA,SERVIENTREGA,240051561972,MAGDALENA,SANTA MARTA,47500,16966,9
74040121,2026-05-01,ENTREGADO,ENVIA,240051560121,BOLIVAR,CARTAGENA,91900,23124,0
74041199,2026-05-10,ENTREGADO,TCC,240051561199,ANTIOQUIA,MEDELLIN,75200,10950,2
74040591,2026-05-02,ENTREGADO,COORDINADORA,240051560591,RISARALDA,PEREIRA,74300,18936,2
74040877,2026-05-05,ENTREGADO,INTERRAPIDISIMO,240051560877,MAGDALENA,SANTA MARTA,95300,21986,1
74042288,2026-05-10,EN BODEGA ORIGEN,ENVIA,240051562288,CUNDINAMARCA,BOGOTA,84500,18476,1
74040738,2026-04-30,ENTREGADO,COORDINADORA,240051560738,NARIÑO,PASTO,52300,20426,2
74041598,2026-05-11,ENTREGADO,COORDINADORA,240051561598,VALLE DEL CAUCA,CALI,63700,19476,0
74041375,2026-04-29,ENTREGADO,SERVIENTREGA,240051561375,MAGDALENA,SANTA MARTA,64100,14674,0
74040771,2026-05-10,ENTREGADO,ENVIA,240051560771,MAGDALENA,SANTA MARTA,68900,19439,2
74041388,2026-05-08,ENTREGADO,ENVIA,240051561388,VALLE DEL CAUCA,CALI,68900,15677,1
74041453,2026-04-30,ENTREGADO,INTERRAPIDISIMO,240051561453,TOLIMA,IBAGUE,45600,18509,0
74042321,2026-05-13,CITA PROGRAMADA,TCC,240051562321,ANTIOQUIA,MEDELLIN,60700,39034,2
74041451,2026-05-06,ENTREGADO,TCC,240051561451,META,VILLAVICENCIO,49800,15554,0
74041561,2026-05-02,ENTREGADO,COORDINADORA,240051561561,MAGDALENA,SANTA MARTA,85100,12656,0
74041259,2026-05-03,ENTREGADO,ENVIA,240051561259,SANTANDER,BUCARAMANGA,74300,19127,1
74041955,2026-05-06,DEVOLUCION,ENVIA,240051561955,HUILA,NEIVA,94800,17499,4
74041902,2026-05-08,DEVOLUCION,COORDINADORA,240051561902,HUILA,NEIVA,48300,19736,7
74042320,2026-05-02,DESPACHADA,TCC,240051562320,META,VILLAVICENCIO,91200,17610,2
74040483,2026-05-11,ENTREGADO,SERVIENTREGA,240051560483,TOLIMA,IBAGUE,79900,11770,1
74041042,2026-05-10,ENTREGADO,TCC,240051561042,CALDAS,MANIZALES,93700,16403,0
74040191,2026-05-07,ENTREGADO,TCC,240051560191,HUILA,NEIVA,69400,11753,0
74040045,2026-05-07,ENTREGADO,INTERRAPIDISIMO,240051560045,ATLANTICO,BARRANQUILLA,70800,16334,1
74041408,2026-05-12,ENTREGADO,TCC,240051561408,MAGDALENA,SANTA MARTA,81900,23695,1
74040973,2026-04-29,ENTREGADO,COORDINADORA,240051560973,SANTANDER,BUCARAMANGA,71000,11042,0
74041460,2026-05-02,ENTREGADO,TCC,240051561460,MAGDALENA,SANTA MARTA,82100,19778,0
74042084,2026-05-06,EN BODEGA ORIGEN,SERVIENTREGA,240051562084,SANTANDER,BUCARAMANGA,94500,16588,1
74042107,2026-05-10,EN REEXPEDICION,ENVIA,240051562107,CALDAS,MANIZALES,97300,43049,1
74041914,2026-04-30,DEVOLUCION,INTERRAPIDISIMO,240051561914,VALLE DEL CAUCA,CALI,99000,14170,11
74040311,2026-05-03,ENTREGADO,SERVIENTREGA,240051560311,CORDOBA,MONTERIA,59400,15310,2
74041805,2026-04-30,DEVOLUCION,SERVIENTREGA,240051561805,CUNDINAMARCA,BOGOTA,74400,12295,8
74042274,2026-05-06,EN BODEGA TRANSPORTADORA,COORDINADORA,240051562274,SANTANDER,BUCARAMANGA,69900,12556,3
74040859,2026-05-11,ENTREGADO,SERVIENTREGA,240051560859,MAGDALENA,SANTA MARTA,67400,12643,1
74041747,2026-05-06,DEVOLUCION,TCC,240051561747,SANTANDER,BUCARAMANGA,82800,10810,10
74042312,2026-05-05,EN PROCESAMIENTO,ENVIA,240051562312,TOLIMA,IBAGUE,65200,13885,3
74041705,2026-05-01,ENTREGADO,COORDINADORA,240051561705,ATLANTICO,BARRANQUILLA,80300,14659,0
74040908,2026-05-01,ENTREGADO,COORDINADORA,240051560908,CUNDINAMARCA,BOGOTA,54400,16900,1
74041450,2026-05-12,ENTREGADO,COORDINADORA,240051561450,VALLE DEL CAUCA,CALI,65700,13408,1
74041378,2026-05-07,ENTREGADO,TCC,240051561378,RISARALDA,PEREIRA,53100,12815,1
74041128,2026-05-08,ENTREGADO,INTERRAPIDISIMO,240051561128,CALDAS,MANIZALES,76300,23030,1
74040124,2026-05-06,ENTREGADO,SERVIENTREGA,240051560124,BOLIVAR,CARTAGENA,91700,18103,0
74041237,2026-05-02,ENTREGADO,ENVIA,240051561237,RISARALDA,PEREIRA,93700,20663,0
74040104,2026-05-07,ENTREGADO,COORDINADORA,240051560104,VALLE DEL CAUCA,CALI,69300,23105,0
74040028,2026-04-30,ENTREGADO,TCC,240051560028,MAGDALENA,SANTA MARTA,94900,16861,2
74041085,2026-05-06,ENTREGADO,TCC,240051561085,SANTANDER,BUCARAMANGA,78400,18827,1
74040286,2026-05-03,ENTREGADO,ENVIA,240051560286,CUNDINAMARCA,BOGOTA,90100,13548,0
74040943,2026-05-05,ENTREGADO,INTERRAPIDISIMO,240051560943,CALDAS,MANIZALES,48400,15599,1
74041572,2026-04-27,ENTREGADO,INTERRAPIDISIMO,240051561572,VALLE DEL CAUCA,CALI,86200,11297,2
74041029,2026-05-04,ENTREGADO,TCC,240051561029,CORDOBA,MONTERIA,69000,14223,0
74041203,2026-05-06,ENTREGADO,ENVIA,240051561203,CUNDINAMARCA,BOGOTA,82100,12750,2
74040515,2026-05-06,ENTREGADO,COORDINADORA,240051560515,CORDOBA,MONTERIA,72500,21206,0
74040433,2026-04-30,ENTREGADO,SERVIENTREGA,240051560433,VALLE DEL CAUCA,CALI,67600,16243,2
74041782,2026-05-04,DEVOLUCION,ENVIA,240051561782,BOLIVAR,CARTAGENA,84700,23309,13
74041216,2026-05-14,ENTREGADO,SERVIENTREGA,240051561216,CALDAS,MANIZALES,88100,17812,2
74040583,2026-05-03,ENTREGADO,COORDINADORA,240051560583,CUNDINAMARCA,BOGOTA,46900,16163,0
74041410,2026-05-14,ENTREGADO,SERVIENTREGA,240051561410,NARIÑO,PASTO,82700,15745,2
74040648,2026-05-06,ENTREGADO,INTERRAPIDISIMO,240051560648,NARIÑO,PASTO,90300,20211,0
74042257,2026-05-10,TELEMERCADEO,ENVIA,240051562257,ATLANTICO,BARRANQUILLA,89700,15137,1
74040774,2026-05-04,ENTREGADO,INTERRAPIDISIMO,240051560774,NARIÑO,PASTO,66700,17627,2
74040169,2026-05-13,ENTREGADO,SERVIENTREGA,240051560169,CORDOBA,MONTERIA,77700,16071,2
74042337,2026-05-08,EN REPARTO,ENVIA,240051562337,TOLIMA,IBAGUE,77500,22983,2
74040200,2026-05-08,ENTREGADO,ENVIA,240051560200,CORDOBA,MONTERIA,51400,22146,1
74041226,2026-05-08,ENTREGADO,TCC,240051561226,NARIÑO,PASTO,85000,17855,0
74040816,2026-05-06,ENTREGADO,COORDINADORA,240051560816,TOLIMA,IBAGUE,89400,23222,0
74040868,2026-05-15,ENTREGADO,ENVIA,240051560868,TOLIMA,IBAGUE,54700,14571,0
74040673,2026-05-14,ENTREGADO,COORDINADORA,240051560673,VALLE DEL CAUCA,CALI,95800,11325,2
74042342,2026-05-09,EN BODEGA ORIGEN,INTERRAPIDISIMO,240051562342,NARIÑO,PASTO,46100,16640,1
74040466,2026-05-08,ENTREGADO,SERVIENTREGA,240051560466,CALDAS,MANIZALES,47200,14508,2
74040976,2026-05-05,ENTREGADO,SERVIENTREGA,240051560976,HUILA,NEIVA,50600,18528,0
74041919,2026-05-11,DEVOLUCION,ENVIA,240051561919,ATLANTICO,BARRANQUILLA,47600,11564,10
74040454,2026-05-04,ENTREGADO,COORDINADORA,240051560454,CORDOBA,MONTERIA,69400,23129,2
74041956,2026-05-08,DEVOLUCION,SERVIENTREGA,240051561956,BOLIVAR,CARTAGENA,70200,13335,7
74041756,2026-05-06,DEVOLUCION,ENVIA,240051561756,NARIÑO,PASTO,77600,18282,2
74040732,2026-05-04,ENTREGADO,COORDINADORA,240051560732,MAGDALENA,SANTA MARTA,94200,16280,1
74040460,2026-05-09,ENTREGADO,ENVIA,240051560460,HUILA,NEIVA,52600,12402,0
74041637,2026-05-10,ENTREGADO,SERVIENTREGA,240051561637,BOLIVAR,CARTAGENA,85000,11970,1
74041092,2026-05-05,ENTREGADO,ENVIA,240051561092,ATLANTICO,BARRANQUILLA,57300,16571,1
74040358,2026-05-03,ENTREGADO,SERVIENTREGA,240051560358,MAGDALENA,SANTA MARTA,69100,16826,0
74040827,2026-05-09,ENTREGADO,SERVIENTREGA,240051560827,CALDAS,MANIZALES,58600,20767,0
74041105,2026-05-09,ENTREGADO,TCC,240051561105,NARIÑO,PASTO,50700,23059,0
74040347,2026-05-06,ENTREGADO,ENVIA,240051560347,HUILA,NEIVA,62300,17474,0
74041340,2026-05-10,ENTREGADO,ENVIA,240051561340,ANTIOQUIA,MEDELLIN,61700,23143,2
74041886,2026-05-02,DEVOLUCION,SERVIENTREGA,240051561886,CUNDINAMARCA,BOGOTA,73600,15890,1
74040858,2026-05-08,ENTREGADO,SERVIENTREGA,240051560858,CALDAS,MANIZALES,61300,20538,1
74041958,2026-05-05,DEVOLUCION,ENVIA,240051561958,CUNDINAMARCA,BOGOTA,53800,16204,5
74042225,2026-05-02,EN BODEGA TRANSPORTADORA,ENVIA,240051562225,NARIÑO,PASTO,98600,12998,3
74040308,2026-05-03,ENTREGADO,INTERRAPIDISIMO,240051560308,NARIÑO,PASTO,51800,18631,1
74041610,2026-05-12,ENTREGADO,TCC,240051561610,ANTIOQUIA,MEDELLIN,73000,13971,1
74041507,2026-05-09,ENTREGADO,SERVIENTREGA,240051561507,HUILA,NEIVA,62900,12984,1
74041168,2026-05-08,ENTREGADO,COORDINADORA,240051561168,RISARALDA,PEREIRA,84900,22315,2
74041305,2026-05-12,ENTREGADO,ENVIA,240051561305,CALDAS,MANIZALES,84100,16301,1
74041931,2026-05-09,DEVOLUCION,ENVIA,240051561931,CALDAS,MANIZALES,92400,15323,11
74041412,2026-05-03,ENTREGADO,SERVIENTREGA,240051561412,RISARALDA,PEREIRA,85900,18861,2
74040252,2026-05-02,ENTREGADO,COORDINADORA,240051560252,META,VILLAVICENCIO,76700,22754,2
74041386,2026-05-04,ENTREGADO,TCC,240051561386,ATLANTICO,BARRANQUILLA,92200,17268,2
74041839,2026-05-03,DEVOLUCION,TCC,240051561839,META,VILLAVICENCIO,91900,14416,6
74041977,2026-05-07,EN ESPERA DE RX,SERVIENTREGA,240051561977,VALLE DEL CAUCA,CALI,97800,21091,2
74040394,2026-05-03,ENTREGADO,SERVIENTREGA,240051560394,SANTANDER,BUCARAMANGA,61900,21835,0
74040631,2026-05-04,ENTREGADO,TCC,240051560631,CUNDINAMARCA,BOGOTA,95600,18718,0
74041509,2026-05-04,ENTREGADO,COORDINADORA,240051561509,SANTANDER,BUCARAMANGA,68400,11716,0
74041133,2026-05-08,ENTREGADO,TCC,240051561133,ATLANTICO,BARRANQUILLA,92100,12798,1
74040968,2026-05-03,ENTREGADO,SERVIENTREGA,240051560968,BOLIVAR,CARTAGENA,97900,19972,2
74041879,2026-05-07,DEVOLUCION,ENVIA,240051561879,CORDOBA,MONTERIA,65600,18477,14
74040822,2026-05-06,ENTREGADO,ENVIA,240051560822,CALDAS,MANIZALES,47600,17299,0
74041963,2026-05-13,DEVOLUCION,ENVIA,240051561963,CUNDINAMARCA,BOGOTA,67200,14390,12
74040644,2026-05-08,ENTREGADO,SERVIENTREGA,240051560644,META,VILLAVICENCIO,78500,20070,2
74041147,2026-05-03,ENTREGADO,SERVIENTREGA,240051561147,RISARALDA,PEREIRA,100000,10156,0
74041249,2026-05-01,ENTREGADO,TCC,240051561249,CUNDINAMARCA,BOGOTA,81100,13689,0
74040279,2026-05-02,ENTREGADO,ENVIA,240051560279,CUNDINAMARCA,BOGOTA,78100,23288,2
74042010,2026-05-03,NOVEDAD,ENVIA,240051562010,ANTIOQUIA,MEDELLIN,75700,20663,6
74041171,2026-05-07,ENTREGADO,COORDINADORA,240051561171,HUILA,NEIVA,61800,19189,0
74041649,2026-05-09,ENTREGADO,SERVIENTREGA,240051561649,ANTIOQUIA,MEDELLIN,54400,21762,1
74040541,2026-05-07,ENTREGADO,SERVIENTREGA,240051560541,BOLIVAR,CARTAGENA,61700,20523,0
74041242,2026-05-02,ENTREGADO,TCC,240051561242,META,VILLAVICENCIO,78800,23385,1
74040747,2026-05-10,ENTREGADO,INTERRAPIDISIMO,240051560747,MAGDALENA,SANTA MARTA,56400,14961,0
74040217,2026-05-13,ENTREGADO,SERVIENTREGA,240051560217,CORDOBA,MONTERIA,78400,19430,2
74040295,2026-05-04,ENTREGADO,SERVIENTREGA,240051560295,BOLIVAR,CARTAGENA,62500,15644,1
74040536,2026-05-09,ENTREGADO,SERVIENTREGA,240051560536,RISARALDA,PEREIRA,54200,15011,1
74041495,2026-05-07,ENTREGADO,TCC,240051561495,CORDOBA,MONTERIA,69600,12071,2
74040303,2026-05-11,ENTREGADO,TCC,240051560303,ATLANTICO,BARRANQUILLA,74700,21843,0
74040134,2026-05-10,ENTREGADO,INTERRAPIDISIMO,240051560134,MAGDALENA,SANTA MARTA,54400,22637,2
74040123,2026-05-05,ENTREGADO,SERVIENTREGA,240051560123,TOLIMA,IBAGUE,56400,23606,0
74040904,2026-05-04,ENTREGADO,INTERRAPIDISIMO,240051560904,MAGDALENA,SANTA MARTA,54200,15272,0
74040860,2026-05-08,ENTREGADO,TCC,240051560860,TOLIMA,IBAGUE,56700,12361,1
74040364,2026-05-07,ENTREGADO,SERVIENTREGA,240051560364,BOLIVAR,CARTAGENA,76700,11755,2
74040015,2026-05-15,ENTREGADO,INTERRAPIDISIMO,240051560015,NARIÑO,PASTO,51700,20203,0
74040705,2026-05-06,ENTREGADO,COORDINADORA,240051560705,CALDAS,MANIZALES,77400,19728,2
74040055,2026-05-02,ENTREGADO,ENVIA,240051560055,HUILA,NEIVA,56900,14555,2
74042114,2026-05-06,CITA PROGRAMADA,ENVIA,240051562114,META,VILLAVICENCIO,63700,36546,1
74040022,2026-05-03,ENTREGADO,TCC,240051560022,MAGDALENA,SANTA MARTA,56100,12706,2
74040977,2026-05-12,ENTREGADO,ENVIA,240051560977,HUILA,NEIVA,71600,19430,1
74040167,2026-05-13,ENTREGADO,COORDINADORA,240051560167,TOLIMA,IBAGUE,66600,13944,1
74042290,2026-05-07,EN PROCESAMIENTO,ENVIA,240051562290,ATLANTICO,BARRANQUILLA,64600,23979,3
74042082,2026-05-07,EN REPARTO,TCC,240051562082,CUNDINAMARCA,BOGOTA,89600,16045,1
74040455,2026-05-08,ENTREGADO,ENVIA,240051560455,CORDOBA,MONTERIA,60800,15540,0
74041900,2026-05-01,DEVOLUCION,ENVIA,240051561900,META,VILLAVICENCIO,92400,20072,13
74041910,2026-05-06,DEVOLUCION,TCC,240051561910,NARIÑO,PASTO,50100,22464,10
74041818,2026-05-04,DEVOLUCION,COORDINADORA,240051561818,CALDAS,MANIZALES,89900,22160,2
74040744,2026-04-28,ENTREGADO,COORDINADORA,240051560744,MAGDALENA,SANTA MARTA,79500,16602,1
74041741,2026-05-08,DEVOLUCION,ENVIA,240051561741,TOLIMA,IBAGUE,97800,14647,8
74042205,2026-05-03,EN PROCESAMIENTO,ENVIA,240051562205,META,VILLAVICENCIO,66800,12030,2
74040166,2026-05-03,ENTREGADO,ENVIA,240051560166,ANTIOQUIA,MEDELLIN,50900,17935,0
74041927,2026-05-02,DEVOLUCION,COORDINADORA,240051561927,ANTIOQUIA,MEDELLIN,85200,16887,8
74042108,2026-05-08,EN REEXPEDICION,ENVIA,240051562108,TOLIMA,IBAGUE,92100,37939,3
74042047,2026-05-06,RECLAME EN OFICINA,INTERRAPIDISIMO,240051562047,CALDAS,MANIZALES,78900,16852,14
74041947,2026-05-10,DEVOLUCION,TCC,240051561947,HUILA,NEIVA,86400,11719,3
74040927,2026-04-27,ENTREGADO,SERVIENTREGA,240051560927,CALDAS,MANIZALES,48500,18726,0
74040107,2026-05-08,ENTREGADO,INTERRAPIDISIMO,240051560107,ATLANTICO,BARRANQUILLA,99300,23817,0
74042007,2026-05-05,NOVEDAD,ENVIA,240051562007,ATLANTICO,BARRANQUILLA,51200,17016,14
74041549,2026-05-02,ENTREGADO,COORDINADORA,240051561549,RISARALDA,PEREIRA,79800,18510,1
74040751,2026-05-01,ENTREGADO,COORDINADORA,240051560751,NARIÑO,PASTO,67200,23346,1
74042151,2026-05-11,EN BODEGA ORIGEN,TCC,240051562151,VALLE DEL CAUCA,CALI,62300,20086,1
74041111,2026-05-02,ENTREGADO,COORDINADORA,240051561111,VALLE DEL CAUCA,CALI,75600,15766,2
74040459,2026-05-09,ENTREGADO,COORDINADORA,240051560459,META,VILLAVICENCIO,60900,21163,0
74040221,2026-05-03,ENTREGADO,ENVIA,240051560221,CALDAS,MANIZALES,96900,10135,1
74040381,2026-05-02,ENTREGADO,ENVIA,240051560381,HUILA,NEIVA,63300,15666,0
74042065,2026-05-07,EN REPARTO,COORDINADORA,240051562065,RISARALDA,PEREIRA,90500,13668,1
74041244,2026-05-10,ENTREGADO,COORDINADORA,240051561244,RISARALDA,PEREIRA,74000,23011,1
74041049,2026-05-11,ENTREGADO,TCC,240051561049,HUILA,NEIVA,53900,20039,2
74041170,2026-05-12,ENTREGADO,COORDINADORA,240051561170,VALLE DEL CAUCA,CALI,53300,22140,2
74040057,2026-05-13,ENTREGADO,TCC,240051560057,NARIÑO,PASTO,86300,23511,0
74041498,2026-05-09,ENTREGADO,INTERRAPIDISIMO,240051561498,ANTIOQUIA,MEDELLIN,47600,17174,0
74042281,2026-05-02,EN PROCESAMIENTO,INTERRAPIDISIMO,240051562281,SANTANDER,BUCARAMANGA,81600,10269,3
74041150,2026-05-08,ENTREGADO,COORDINADORA,240051561150,BOLIVAR,CARTAGENA,57000,18161,2
74040970,2026-05-06,ENTREGADO,COORDINADORA,240051560970,VALLE DEL CAUCA,CALI,77600,11186,2
74040632,2026-05-07,ENTREGADO,ENVIA,240051560632,CUNDINAMARCA,BOGOTA,70300,10059,1
74042093,2026-05-03,EN REEXPEDICION,TCC,240051562093,TOLIMA,IBAGUE,95900,42229,1
74041500,2026-05-07,ENTREGADO,TCC,240051561500,CALDAS,MANIZALES,83100,15642,0
74040178,2026-04-30,ENTREGADO,ENVIA,240051560178,RISARALDA,PEREIRA,55400,11518,2
74040125,2026-05-05,ENTREGADO,INTERRAPIDISIMO,240051560125,ATLANTICO,BARRANQUILLA,65500,22566,0
74041108,2026-05-03,ENTREGADO,ENVIA,240051561108,BOLIVAR,CARTAGENA,67500,11768,2
74042060,2026-05-10,EN REEXPEDICION,ENVIA,240051562060,HUILA,NEIVA,70600,41297,2
74040256,2026-04-28,ENTREGADO,COORDINADORA,240051560256,ANTIOQUIA,MEDELLIN,86300,15123,2
74041810,2026-05-08,DEVOLUCION,INTERRAPIDISIMO,240051561810,VALLE DEL CAUCA,CALI,74200,12139,4
74041621,2026-05-11,ENTREGADO,TCC,240051561621,HUILA,NEIVA,74200,11842,1
74041358,2026-05-06,ENTREGADO,ENVIA,240051561358,TOLIMA,IBAGUE,79200,21095,2
74040222,2026-05-06,ENTREGADO,ENVIA,240051560222,CUNDINAMARCA,BOGOTA,80700,18710,0
74042246,2026-05-05,EN PROCESAMIENTO,ENVIA,240051562246,MAGDALENA,SANTA MARTA,81800,14860,1
74040937,2026-05-05,ENTREGADO,TCC,240051560937,TOLIMA,IBAGUE,66900,23821,0
74042209,2026-05-06,EN PROCESAMIENTO,COORDINADORA,240051562209,META,VILLAVICENCIO,63400,11681,3
74040724,2026-05-05,ENTREGADO,INTERRAPIDISIMO,240051560724,SANTANDER,BUCARAMANGA,99400,20493,1
74040794,2026-05-04,ENTREGADO,COORDINADORA,240051560794,ANTIOQUIA,MEDELLIN,63500,10274,2
74040495,2026-05-06,ENTREGADO,COORDINADORA,240051560495,ANTIOQUIA,MEDELLIN,93000,12245,1
74040620,2026-05-04,ENTREGADO,COORDINADORA,240051560620,CORDOBA,MONTERIA,62800,17320,2
74041380,2026-05-02,ENTREGADO,INTERRAPIDISIMO,240051561380,SANTANDER,BUCARAMANGA,91000,15342,1
74041304,2026-05-02,ENTREGADO,SERVIENTREGA,240051561304,VALLE DEL CAUCA,CALI,53800,12319,1
74041655,2026-04-28,ENTREGADO,COORDINADORA,240051561655,VALLE DEL CAUCA,CALI,79400,13644,0
74040760,2026-05-03,ENTREGADO,SERVIENTREGA,240051560760,CORDOBA,MONTERIA,77800,20909,1
74040009,2026-05-02,ENTREGADO,COORDINADORA,240051560009,CALDAS,MANIZALES,75000,11886,0
74041468,2026-05-01,ENTREGADO,INTERRAPIDISIMO,240051561468,BOLIVAR,CARTAGENA,99900,18922,2
74041542,2026-05-01,ENTREGADO,SERVIENTREGA,240051561542,HUILA,NEIVA,72600,22132,1
74041629,2026-05-03,ENTREGADO,SERVIENTREGA,240051561629,CORDOBA,MONTERIA,65100,20677,1
74040128,2026-05-04,ENTREGADO,INTERRAPIDISIMO,240051560128,TOLIMA,IBAGUE,90900,15390,2
74040698,2026-05-04,ENTREGADO,COORDINADORA,240051560698,ANTIOQUIA,MEDELLIN,84100,22490,0
74040139,2026-05-10,ENTREGADO,SERVIENTREGA,240051560139,ANTIOQUIA,MEDELLIN,88400,15274,0
74040599,2026-05-08,ENTREGADO,ENVIA,240051560599,CORDOBA,MONTERIA,66400,15292,2
74040331,2026-05-12,ENTREGADO,ENVIA,240051560331,HUILA,NEIVA,94800,19404,0
74041444,2026-05-10,ENTREGADO,INTERRAPIDISIMO,240051561444,ANTIOQUIA,MEDELLIN,84500,14673,2
74041590,2026-05-04,ENTREGADO,INTERRAPIDISIMO,240051561590,CALDAS,MANIZALES,92100,17559,0
74040219,2026-05-10,ENTREGADO,INTERRAPIDISIMO,240051560219,BOLIVAR,CARTAGENA,87000,18052,2
74042212,2026-05-09,CITA PROGRAMADA,ENVIA,240051562212,TOLIMA,IBAGUE,70700,37713,3
74041694,2026-04-28,ENTREGADO,INTERRAPIDISIMO,240051561694,ATLANTICO,BARRANQUILLA,80600,17045,2
74040118,2026-05-03,ENTREGADO,INTERRAPIDISIMO,240051560118,ATLANTICO,BARRANQUILLA,58900,16489,1
74040097,2026-05-06,ENTREGADO,ENVIA,240051560097,CORDOBA,MONTERIA,65200,20093,2
74041445,2026-04-30,ENTREGADO,INTERRAPIDISIMO,240051561445,SANTANDER,BUCARAMANGA,59400,16111,0
74041104,2026-05-06,ENTREGADO,TCC,240051561104,BOLIVAR,CARTAGENA,50400,16222,0
74040398,2026-05-04,ENTREGADO,TCC,240051560398,ATLANTICO,BARRANQUILLA,52600,16504,2
74041489,2026-05-04,ENTREGADO,INTERRAPIDISIMO,240051561489,CUNDINAMARCA,BOGOTA,45700,21411,0
74041354,2026-05-04,ENTREGADO,SERVIENTREGA,240051561354,BOLIVAR,CARTAGENA,54200,14605,2
74041597,2026-05-09,ENTREGADO,TCC,240051561597,SANTANDER,BUCARAMANGA,77000,21473,1
74040374,2026-05-05,ENTREGADO,SERVIENTREGA,240051560374,MAGDALENA,SANTA MARTA,47100,20899,1
74041344,2026-05-14,ENTREGADO,INTERRAPIDISIMO,240051561344,VALLE DEL CAUCA,CALI,99300,22870,0
74040280,2026-05-06,ENTREGADO,TCC,240051560280,META,VILLAVICENCIO,63400,13263,2
74041539,2026-05-05,ENTREGADO,INTERRAPIDISIMO,240051561539,SANTANDER,BUCARAMANGA,99300,17862,0
74041155,2026-05-05,ENTREGADO,TCC,240051561155,BOLIVAR,CARTAGENA,89700,11535,1
74040500,2026-05-02,ENTREGADO,COORDINADORA,240051560500,RISARALDA,PEREIRA,77000,17914,0
74041679,2026-05-01,ENTREGADO,INTERRAPIDISIMO,240051561679,SANTANDER,BUCARAMANGA,77500,17864,1
74041682,2026-05-09,ENTREGADO,SERVIENTREGA,240051561682,TOLIMA,IBAGUE,65400,19275,0
74041101,2026-05-04,ENTREGADO,COORDINADORA,240051561101,ATLANTICO,BARRANQUILLA,60800,21692,1
74040411,2026-05-09,ENTREGADO,COORDINADORA,240051560411,SANTANDER,BUCARAMANGA,99500,16696,1
74041748,2026-05-05,DEVOLUCION,ENVIA,240051561748,NARIÑO,PASTO,59500,11664,4
74040748,2026-05-09,ENTREGADO,INTERRAPIDISIMO,240051560748,VALLE DEL CAUCA,CALI,64500,20500,1
74042323,2026-05-08,EN REEXPEDICION,ENVIA,240051562323,NARIÑO,PASTO,51700,35264,3
74040693,2026-05-11,ENTREGADO,ENVIA,240051560693,ANTIOQUIA,MEDELLIN,96500,13210,1
74041564,2026-05-04,ENTREGADO,INTERRAPIDISIMO,240051561564,CALDAS,MANIZALES,55200,16487,2
74040340,2026-05-01,ENTREGADO,COORDINADORA,240051560340,NARIÑO,PASTO,98800,17017,2
74042116,2026-05-11,INTENTO DE ENTREGA,COORDINADORA,240051562116,ANTIOQUIA,MEDELLIN,71200,19498,2
74040215,2026-05-01,ENTREGADO,INTERRAPIDISIMO,240051560215,TOLIMA,IBAGUE,80000,18296,2
74041114,2026-05-07,ENTREGADO,TCC,240051561114,META,VILLAVICENCIO,54400,19530,2
74040552,2026-05-05,ENTREGADO,TCC,240051560552,CALDAS,MANIZALES,89100,19112,0
74040285,2026-05-03,ENTREGADO,COORDINADORA,240051560285,META,VILLAVICENCIO,49100,15780,2
74041296,2026-05-02,ENTREGADO,TCC,240051561296,CUNDINAMARCA,BOGOTA,94000,15023,0
74042111,2026-05-03,EN BODEGA TRANSPORTADORA,ENVIA,240051562111,RISARALDA,PEREIRA,74700,18604,2
74041541,2026-05-07,ENTREGADO,TCC,240051561541,TOLIMA,IBAGUE,58000,18292,1
74040337,2026-05-08,ENTREGADO,TCC,240051560337,CORDOBA,MONTERIA,69900,16484,0
74041465,2026-05-10,ENTREGADO,COORDINADORA,240051561465,CORDOBA,MONTERIA,66900,10057,1
74040290,2026-05-12,ENTREGADO,INTERRAPIDISIMO,240051560290,TOLIMA,IBAGUE,53900,16105,0
74041164,2026-05-07,ENTREGADO,TCC,240051561164,ANTIOQUIA,MEDELLIN,50200,15574,1
74040195,2026-05-01,ENTREGADO,TCC,240051560195,NARIÑO,PASTO,92000,19680,1
74041022,2026-05-05,ENTREGADO,SERVIENTREGA,240051561022,VALLE DEL CAUCA,CALI,61100,19558,0
74040542,2026-05-07,ENTREGADO,SERVIENTREGA,240051560542,VALLE DEL CAUCA,CALI,87100,23064,1
74041435,2026-05-10,ENTREGADO,SERVIENTREGA,240051561435,NARIÑO,PASTO,86000,15199,0
74041151,2026-05-02,ENTREGADO,COORDINADORA,240051561151,NARIÑO,PASTO,92000,15375,2
74041255,2026-05-07,ENTREGADO,INTERRAPIDISIMO,240051561255,META,VILLAVICENCIO,75100,17318,2
74042136,2026-05-05,EN PROCESAMIENTO,SERVIENTREGA,240051562136,MAGDALENA,SANTA MARTA,71100,13133,2
74040846,2026-05-02,ENTREGADO,TCC,240051560846,BOLIVAR,CARTAGENA,69900,15527,0
74040092,2026-05-06,ENTREGADO,ENVIA,240051560092,CUNDINAMARCA,BOGOTA,47300,17057,2
74040417,2026-05-01,ENTREGADO,SERVIENTREGA,240051560417,RISARALDA,PEREIRA,91900,16954,0
74041776,2026-05-08,DEVOLUCION,COORDINADORA,240051561776,META,VILLAVICENCIO,74000,11825,11
74042282,2026-05-06,DESPACHADA,ENVIA,240051562282,MAGDALENA,SANTA MARTA,60200,17457,3
74040800,2026-05-07,ENTREGADO,TCC,240051560800,BOLIVAR,CARTAGENA,80500,19995,1
74040826,2026-05-03,ENTREGADO,TCC,240051560826,VALLE DEL CAUCA,CALI,86200,18102,0
74041699,2026-05-04,ENTREGADO,INTERRAPIDISIMO,240051561699,NARIÑO,PASTO,82100,11286,0
74041443,2026-05-06,ENTREGADO,SERVIENTREGA,240051561443,MAGDALENA,SANTA MARTA,76500,13505,1
74040629,2026-05-08,ENTREGADO,ENVIA,240051560629,BOLIVAR,CARTAGENA,58300,14021,0
74041708,2026-05-01,ENTREGADO,TCC,240051561708,CUNDINAMARCA,BOGOTA,63000,18486,1
74040734,2026-05-10,ENTREGADO,INTERRAPIDISIMO,240051560734,CUNDINAMARCA,BOGOTA,55300,15583,0
74040842,2026-04-28,ENTREGADO,COORDINADORA,240051560842,CUNDINAMARCA,BOGOTA,86900,20943,0
74040838,2026-05-04,ENTREGADO,TCC,240051560838,RISARALDA,PEREIRA,92800,19907,1
74041675,2026-05-05,ENTREGADO,COORDINADORA,240051561675,RISARALDA,PEREIRA,57700,22422,2
74040735,2026-04-30,ENTREGADO,TCC,240051560735,RISARALDA,PEREIRA,61000,23697,2
74040647,2026-05-02,ENTREGADO,SERVIENTREGA,240051560647,RISARALDA,PEREIRA,51600,20864,2
74040019,2026-05-10,ENTREGADO,INTERRAPIDISIMO,240051560019,CUNDINAMARCA,BOGOTA,87000,10275,1
74042098,2026-04-29,EN BODEGA DESTINO,INTERRAPIDISIMO,240051562098,NARIÑO,PASTO,76200,21520,2
74040918,2026-05-09,ENTREGADO,SERVIENTREGA,240051560918,TOLIMA,IBAGUE,55300,19822,0
74041411,2026-05-08,ENTREGADO,SERVIENTREGA,240051561411,VALLE DEL CAUCA,CALI,54700,14347,1
74041210,2026-05-04,ENTREGADO,ENVIA,240051561210,VALLE DEL CAUCA,CALI,81100,16836,0
74040385,2026-05-04,ENTREGADO,SERVIENTREGA,240051560385,RISARALDA,PEREIRA,83000,18158,0
74041167,2026-05-14,ENTREGADO,INTERRAPIDISIMO,240051561167,ANTIOQUIA,MEDELLIN,50200,13678,2
74042314,2026-05-08,EN REPARTO,SERVIENTREGA,240051562314,NARIÑO,PASTO,60100,14429,1
74041894,2026-05-02,DEVOLUCION,ENVIA,240051561894,ANTIOQUIA,MEDELLIN,69800,13561,5
74040531,2026-05-03,ENTREGADO,SERVIENTREGA,240051560531,ATLANTICO,BARRANQUILLA,75800,13122,2
74041725,2026-05-02,ENTREGADO,SERVIENTREGA,240051561725,ANTIOQUIA,MEDELLIN,86600,13194,2
74040058,2026-05-08,ENTREGADO,INTERRAPIDISIMO,240051560058,BOLIVAR,CARTAGENA,98300,20458,2
74041364,2026-05-10,ENTREGADO,SERVIENTREGA,240051561364,ANTIOQUIA,MEDELLIN,84600,12362,0
74041897,2026-05-11,DEVOLUCION,COORDINADORA,240051561897,CORDOBA,MONTERIA,80600,21134,2
74040702,2026-05-06,ENTREGADO,TCC,240051560702,TOLIMA,IBAGUE,73900,13711,0
74041515,2026-04-29,ENTREGADO,ENVIA,240051561515,META,VILLAVICENCIO,49200,18367,0
74041212,2026-04-30,ENTREGADO,SERVIENTREGA,240051561212,MAGDALENA,SANTA MARTA,53900,21094,0
74041577,2026-05-07,ENTREGADO,TCC,240051561577,HUILA,NEIVA,71400,15309,0
74041889,2026-05-08,DEVOLUCION,INTERRAPIDISIMO,240051561889,CUNDINAMARCA,BOGOTA,96100,19962,11
74041501,2026-05-08,ENTREGADO,COORDINADORA,240051561501,ATLANTICO,BARRANQUILLA,75400,13660,1
74041084,2026-05-06,ENTREGADO,SERVIENTREGA,240051561084,CALDAS,MANIZALES,68700,13218,2
74042160,2026-05-05,EN REPARTO,SERVIENTREGA,240051562160,META,VILLAVICENCIO,46900,10435,3
74041538,2026-05-01,ENTREGADO,INTERRAPIDISIMO,240051561538,CUNDINAMARCA,BOGOTA,86400,17576,2
74041961,2026-04-30,DEVOLUCION,SERVIENTREGA,240051561961,CUNDINAMARCA,BOGOTA,99500,23723,14
74041149,2026-05-10,ENTREGADO,COORDINADORA,240051561149,ATLANTICO,BARRANQUILLA,74800,15675,1
74040696,2026-05-07,ENTREGADO,SERVIENTREGA,240051560696,NARIÑO,PASTO,84400,14140,1
74040053,2026-05-06,ENTREGADO,INTERRAPIDISIMO,240051560053,NARIÑO,PASTO,98000,16066,1
74041494,2026-05-07,ENTREGADO,INTERRAPIDISIMO,240051561494,RISARALDA,PEREIRA,51300,18152,0
74040472,2026-05-13,ENTREGADO,ENVIA,240051560472,CORDOBA,MONTERIA,56800,15858,2
74041288,2026-05-03,ENTREGADO,SERVIENTREGA,240051561288,RISARALDA,PEREIRA,84600,19990,2
74041974,2026-05-04,NOVEDAD,ENVIA,240051561974,VALLE DEL CAUCA,CALI,74800,12722,10
74040534,2026-05-09,ENTREGADO,ENVIA,240051560534,BOLIVAR,CARTAGENA,57600,21479,0
74041717,2026-05-05,ENTREGADO,INTERRAPIDISIMO,240051561717,ATLANTICO,BARRANQUILLA,74500,15439,0
74042051,2026-05-06,RECLAME EN OFICINA,ENVIA,240051562051,ATLANTICO,BARRANQUILLA,75800,11866,4
74040754,2026-05-04,ENTREGADO,COORDINADORA,240051560754,NARIÑO,PASTO,97400,12800,2
74040978,2026-05-09,ENTREGADO,INTERRAPIDISIMO,240051560978,RISARALDA,PEREIRA,70200,23664,0
74042310,2026-05-04,CITA PROGRAMADA,ENVIA,240051562310,CORDOBA,MONTERIA,97700,34455,3
74041487,2026-05-05,ENTREGADO,INTERRAPIDISIMO,240051561487,SANTANDER,BUCARAMANGA,55000,20977,2
74042154,2026-05-13,DESPACHADA,ENVIA,240051562154,ATLANTICO,BARRANQUILLA,65300,16462,2
74042261,2026-05-01,EN REEXPEDICION,TCC,240051562261,ANTIOQUIA,MEDELLIN,61500,43090,3
74040782,2026-05-03,ENTREGADO,INTERRAPIDISIMO,240051560782,TOLIMA,IBAGUE,63600,22119,0
74040741,2026-05-14,ENTREGADO,COORDINADORA,240051560741,TOLIMA,IBAGUE,99400,13878,0
74042180,2026-05-12,CITA PROGRAMADA,ENVIA,240051562180,CORDOBA,MONTERIA,53800,37244,2
74041045,2026-05-10,ENTREGADO,TCC,240051561045,CALDAS,MANIZALES,89700,15236,1
74041040,2026-05-03,ENTREGADO,COORDINADORA,240051561040,RISARALDA,PEREIRA,53800,16194,1
74042064,2026-05-05,EN REEXPEDICION,SERVIENTREGA,240051562064,HUILA,NEIVA,91000,35289,3
74040087,2026-05-06,ENTREGADO,SERVIENTREGA,240051560087,META,VILLAVICENCIO,96600,23833,1
74040273,2026-05-04,ENTREGADO,COORDINADORA,240051560273,MAGDALENA,SANTA MARTA,94800,16517,2
74040656,2026-05-08,ENTREGADO,INTERRAPIDISIMO,240051560656,BOLIVAR,CARTAGENA,62600,10585,1
74041338,2026-05-09,ENTREGADO,TCC,240051561338,SANTANDER,BUCARAMANGA,47100,12651,0
74041306,2026-05-06,ENTREGADO,ENVIA,240051561306,ANTIOQUIA,MEDELLIN,76300,23514,0
74041503,2026-05-10,ENTREGADO,TCC,240051561503,VALLE DEL CAUCA,CALI,69800,11185,1
74040330,2026-04-27,ENTREGADO,COORDINADORA,240051560330,META,VILLAVICENCIO,65300,21918,1
74040423,2026-05-09,ENTREGADO,SERVIENTREGA,240051560423,MAGDALENA,SANTA MARTA,91300,12454,1
74041188,2026-04-28,ENTREGADO,INTERRAPIDISIMO,240051561188,META,VILLAVICENCIO,64100,19987,1
74041885,2026-05-01,DEVOLUCION,SERVIENTREGA,240051561885,CUNDINAMARCA,BOGOTA,55900,15657,12
74040625,2026-05-06,ENTREGADO,TCC,240051560625,CORDOBA,MONTERIA,83900,20806,0
74040659,2026-05-11,ENTREGADO,TCC,240051560659,MAGDALENA,SANTA MARTA,83300,18311,1
74040914,2026-05-10,ENTREGADO,TCC,240051560914,META,VILLAVICENCIO,80300,10133,1
74041091,2026-05-03,ENTREGADO,ENVIA,240051561091,ANTIOQUIA,MEDELLIN,67500,11511,0
74041428,2026-05-03,ENTREGADO,COORDINADORA,240051561428,SANTANDER,BUCARAMANGA,52100,10392,1
74041514,2026-05-08,ENTREGADO,TCC,240051561514,NARIÑO,PASTO,99900,14323,1
74040008,2026-05-13,ENTREGADO,INTERRAPIDISIMO,240051560008,CALDAS,MANIZALES,45800,20179,0
74040786,2026-05-08,ENTREGADO,SERVIENTREGA,240051560786,CUNDINAMARCA,BOGOTA,47700,20027,0
74041719,2026-05-08,ENTREGADO,COORDINADORA,240051561719,SANTANDER,BUCARAMANGA,48000,10867,0
74041935,2026-05-03,DEVOLUCION,ENVIA,240051561935,CUNDINAMARCA,BOGOTA,53000,22695,3
74042305,2026-05-10,EN REPARTO,COORDINADORA,240051562305,SANTANDER,BUCARAMANGA,85100,20113,1
74042148,2026-05-10,EN REPARTO,SERVIENTREGA,240051562148,VALLE DEL CAUCA,CALI,91700,22370,3
74041455,2026-05-10,ENTREGADO,TCC,240051561455,TOLIMA,IBAGUE,79100,11577,0
74042275,2026-05-03,EN BODEGA DESTINO,ENVIA,240051562275,BOLIVAR,CARTAGENA,83400,13998,3
74041012,2026-05-10,ENTREGADO,SERVIENTREGA,240051561012,HUILA,NEIVA,92500,22407,1
74041929,2026-05-08,DEVOLUCION,ENVIA,240051561929,CALDAS,MANIZALES,90500,20389,14
74040602,2026-05-11,ENTREGADO,INTERRAPIDISIMO,240051560602,ATLANTICO,BARRANQUILLA,58300,15707,0
74040690,2026-05-09,ENTREGADO,TCC,240051560690,CALDAS,MANIZALES,47100,11551,2
74040879,2026-05-05,ENTREGADO,ENVIA,240051560879,HUILA,NEIVA,87500,21899,0
74041308,2026-05-05,ENTREGADO,SERVIENTREGA,240051561308,MAGDALENA,SANTA MARTA,82800,19779,0
74040317,2026-05-05,ENTREGADO,INTERRAPIDISIMO,240051560317,ATLANTICO,BARRANQUILLA,75800,14328,1
74041038,2026-05-02,ENTREGADO,TCC,240051561038,HUILA,NEIVA,47300,12962,1
74040957,2026-05-11,ENTREGADO,TCC,240051560957,VALLE DEL CAUCA,CALI,98700,23689,0
74041522,2026-05-07,ENTREGADO,TCC,240051561522,SANTANDER,BUCARAMANGA,46600,19726,0
74041094,2026-05-01,ENTREGADO,ENVIA,240051561094,TOLIMA,IBAGUE,84700,16153,1
74041606,2026-05-12,ENTREGADO,INTERRAPIDISIMO,240051561606,ATLANTICO,BARRANQUILLA,62900,16573,2
74041287,2026-05-10,ENTREGADO,COORDINADORA,240051561287,CUNDINAMARCA,BOGOTA,46300,10890,2
74041251,2026-05-03,ENTREGADO,COORDINADORA,240051561251,VALLE DEL CAUCA,CALI,88500,10554,1
74042208,2026-05-03,EN REPARTO,INTERRAPIDISIMO,240051562208,TOLIMA,IBAGUE,86500,16768,1
74040036,2026-05-09,ENTREGADO,INTERRAPIDISIMO,240051560036,HUILA,NEIVA,46200,21804,2
74041644,2026-05-08,ENTREGADO,SERVIENTREGA,240051561644,BOLIVAR,CARTAGENA,85400,23498,0
74042139,2026-05-06,EN BODEGA ORIGEN,ENVIA,240051562139,CUNDINAMARCA,BOGOTA,91100,20564,3
74041589,2026-05-05,ENTREGADO,INTERRAPIDISIMO,240051561589,ANTIOQUIA,MEDELLIN,84800,22360,0
74040228,2026-05-08,ENTREGADO,TCC,240051560228,CUNDINAMARCA,BOGOTA,69800,23460,2
74041056,2026-05-03,ENTREGADO,INTERRAPIDISIMO,240051561056,VALLE DEL CAUCA,CALI,76900,21389,0
74040120,2026-05-07,ENTREGADO,COORDINADORA,240051560120,VALLE DEL CAUCA,CALI,91500,11071,0
74041179,2026-04-29,ENTREGADO,ENVIA,240051561179,NARIÑO,PASTO,82300,21654,1
74041087,2026-05-11,ENTREGADO,COORDINADORA,240051561087,META,VILLAVICENCIO,97900,17018,2
74042023,2026-05-06,NOVEDAD,TCC,240051562023,MAGDALENA,SANTA MARTA,47400,14266,1
74041448,2026-05-08,ENTREGADO,COORDINADORA,240051561448,CORDOBA,MONTERIA,45800,15494,2
74040054,2026-05-08,ENTREGADO,TCC,240051560054,NARIÑO,PASTO,78200,10880,0
74040863,2026-05-13,ENTREGADO,COORDINADORA,240051560863,NARIÑO,PASTO,76300,10371,0
74040095,2026-05-06,ENTREGADO,SERVIENTREGA,240051560095,META,VILLAVICENCIO,58000,13144,1
74041336,2026-05-06,ENTREGADO,COORDINADORA,240051561336,TOLIMA,IBAGUE,50300,16114,1
74040569,2026-05-06,ENTREGADO,SERVIENTREGA,240051560569,CALDAS,MANIZALES,77700,20717,0
74041869,2026-05-04,DEVOLUCION,SERVIENTREGA,240051561869,ATLANTICO,BARRANQUILLA,84000,16989,5
74040408,2026-05-06,ENTREGADO,TCC,240051560408,NARIÑO,PASTO,45700,14934,2
74041829,2026-05-11,DEVOLUCION,ENVIA,240051561829,CUNDINAMARCA,BOGOTA,76400,18106,7
74040650,2026-05-01,ENTREGADO,TCC,240051560650,BOLIVAR,CARTAGENA,96200,21915,0
74040096,2026-05-12,ENTREGADO,COORDINADORA,240051560096,CALDAS,MANIZALES,79900,17320,2
74040995,2026-05-10,ENTREGADO,COORDINADORA,240051560995,VALLE DEL CAUCA,CALI,84300,16608,0
74040954,2026-05-12,ENTREGADO,ENVIA,240051560954,BOLIVAR,CARTAGENA,90600,23170,0
74040396,2026-05-09,ENTREGADO,SERVIENTREGA,240051560396,VALLE DEL CAUCA,CALI,63200,18355,1
74041459,2026-05-10,ENTREGADO,TCC,240051561459,RISARALDA,PEREIRA,67700,21778,0
74040371,2026-05-01,ENTREGADO,COORDINADORA,240051560371,ANTIOQUIA,MEDELLIN,53200,19779,1
74040756,2026-05-05,ENTREGADO,INTERRAPIDISIMO,240051560756,CALDAS,MANIZALES,90800,16853,2
74041241,2026-05-08,ENTREGADO,INTERRAPIDISIMO,240051561241,SANTANDER,BUCARAMANGA,74200,14478,0
74041817,2026-05-07,DEVOLUCION,ENVIA,240051561817,CORDOBA,MONTERIA,59600,17035,6
74042233,2026-05-10,EN REEXPEDICION,ENVIA,240051562233,CUNDINAMARCA,BOGOTA,78800,35700,3
74041442,2026-04-29,ENTREGADO,INTERRAPIDISIMO,240051561442,HUILA,NEIVA,87900,17115,1
74041628,2026-05-01,ENTREGADO,TCC,240051561628,CALDAS,MANIZALES,49900,17675,0
74040361,2026-05-06,ENTREGADO,SERVIENTREGA,240051560361,CORDOBA,MONTERIA,80100,22305,0
74041452,2026-05-12,ENTREGADO,SERVIENTREGA,240051561452,BOLIVAR,CARTAGENA,93100,23976,1
74040652,2026-05-07,ENTREGADO,TCC,240051560652,CUNDINAMARCA,BOGOTA,53600,10436,0
74041684,2026-04-29,ENTREGADO,COORDINADORA,240051561684,RISARALDA,PEREIRA,62000,15467,0
74041376,2026-05-10,ENTREGADO,SERVIENTREGA,240051561376,RISARALDA,PEREIRA,46200,10919,2
74040565,2026-05-12,ENTREGADO,COORDINADORA,240051560565,ATLANTICO,BARRANQUILLA,45400,23309,1
74040401,2026-05-11,ENTREGADO,SERVIENTREGA,240051560401,HUILA,NEIVA,68500,12741,0
74042112,2026-05-04,TELEMERCADEO,INTERRAPIDISIMO,240051562112,HUILA,NEIVA,63500,23855,1
74041082,2026-05-08,ENTREGADO,COORDINADORA,240051561082,META,VILLAVICENCIO,61700,22867,0
74040333,2026-05-03,ENTREGADO,SERVIENTREGA,240051560333,VALLE DEL CAUCA,CALI,65100,17558,2
74040723,2026-05-01,ENTREGADO,COORDINADORA,240051560723,ANTIOQUIA,MEDELLIN,49500,18370,0
74041295,2026-05-06,ENTREGADO,INTERRAPIDISIMO,240051561295,META,VILLAVICENCIO,80900,13680,0
74041050,2026-05-02,ENTREGADO,TCC,240051561050,CORDOBA,MONTERIA,93700,15740,1
74040665,2026-05-09,ENTREGADO,COORDINADORA,240051560665,ATLANTICO,BARRANQUILLA,73900,14343,0
74041862,2026-05-06,DEVOLUCION,COORDINADORA,240051561862,VALLE DEL CAUCA,CALI,86300,18035,8
74040798,2026-05-07,ENTREGADO,INTERRAPIDISIMO,240051560798,CORDOBA,MONTERIA,79200,14132,0
74040916,2026-05-09,ENTREGADO,COORDINADORA,240051560916,NARIÑO,PASTO,71200,20799,0
74041206,2026-05-06,ENTREGADO,SERVIENTREGA,240051561206,ANTIOQUIA,MEDELLIN,99100,18634,0
74041051,2026-05-10,ENTREGADO,TCC,240051561051,VALLE DEL CAUCA,CALI,61800,21242,2
74042328,2026-05-10,DESPACHADA,ENVIA,240051562328,CUNDINAMARCA,BOGOTA,69400,18150,2
74042175,2026-04-29,EN REPARTO,ENVIA,240051562175,ANTIOQUIA,MEDELLIN,95800,16736,1
74042109,2026-04-30,EN BODEGA DESTINO,ENVIA,240051562109,ATLANTICO,BARRANQUILLA,56100,16064,1
74040520,2026-05-13,ENTREGADO,SERVIENTREGA,240051560520,VALLE DEL CAUCA,CALI,97800,18311,2
74042068,2026-05-06,INTENTO DE ENTREGA,SERVIENTREGA,240051562068,ANTIOQUIA,MEDELLIN,70000,18849,2
74040852,2026-05-02,ENTREGADO,TCC,240051560852,BOLIVAR,CARTAGENA,57600,15174,2
74042267,2026-05-05,EN BODEGA ORIGEN,ENVIA,240051562267,MAGDALENA,SANTA MARTA,61200,23832,1
74040190,2026-05-10,ENTREGADO,TCC,240051560190,ANTIOQUIA,MEDELLIN,90600,22790,2
74041540,2026-05-09,ENTREGADO,ENVIA,240051561540,VALLE DEL CAUCA,CALI,86200,18813,2
74040730,2026-05-11,ENTREGADO,SERVIENTREGA,240051560730,NARIÑO,PASTO,47600,11065,0
74042127,2026-05-06,TELEMERCADEO,ENVIA,240051562127,CALDAS,MANIZALES,64400,21335,2
74040799,2026-05-12,ENTREGADO,INTERRAPIDISIMO,240051560799,BOLIVAR,CARTAGENA,99200,12255,0
74041884,2026-05-04,DEVOLUCION,INTERRAPIDISIMO,240051561884,TOLIMA,IBAGUE,98800,10148,4
74040857,2026-05-10,ENTREGADO,SERVIENTREGA,240051560857,CORDOBA,MONTERIA,69000,18028,1
74041795,2026-05-08,DEVOLUCION,SERVIENTREGA,240051561795,CUNDINAMARCA,BOGOTA,78800,14259,7
74040920,2026-05-11,ENTREGADO,INTERRAPIDISIMO,240051560920,SANTANDER,BUCARAMANGA,76500,16635,0
74041836,2026-05-10,DEVOLUCION,ENVIA,240051561836,BOLIVAR,CARTAGENA,54900,12408,13
74041751,2026-05-03,DEVOLUCION,COORDINADORA,240051561751,CUNDINAMARCA,BOGOTA,52000,12403,14
74040042,2026-05-02,ENTREGADO,TCC,240051560042,NARIÑO,PASTO,65700,19140,0
74041337,2026-05-11,ENTREGADO,COORDINADORA,240051561337,CUNDINAMARCA,BOGOTA,65500,19727,0
74041645,2026-05-10,ENTREGADO,TCC,240051561645,NARIÑO,PASTO,78700,13346,0
74041370,2026-04-29,ENTREGADO,ENVIA,240051561370,CALDAS,MANIZALES,67700,13046,0
74042102,2026-05-14,EN BODEGA ORIGEN,SERVIENTREGA,240051562102,HUILA,NEIVA,87500,11758,1
74040197,2026-05-01,ENTREGADO,ENVIA,240051560197,MAGDALENA,SANTA MARTA,48900,14155,2
74040511,2026-05-08,ENTREGADO,TCC,240051560511,CORDOBA,MONTERIA,75500,16760,2
74040938,2026-05-12,ENTREGADO,COORDINADORA,240051560938,ANTIOQUIA,MEDELLIN,86700,23043,2
74041395,2026-05-07,ENTREGADO,TCC,240051561395,CUNDINAMARCA,BOGOTA,74800,19314,1
74040568,2026-05-02,ENTREGADO,TCC,240051560568,RISARALDA,PEREIRA,95200,10009,0
74041917,2026-05-01,DEVOLUCION,SERVIENTREGA,240051561917,CUNDINAMARCA,BOGOTA,63700,15628,4
74040297,2026-05-05,ENTREGADO,SERVIENTREGA,240051560297,MAGDALENA,SANTA MARTA,68200,14603,0
74041416,2026-05-04,ENTREGADO,ENVIA,240051561416,BOLIVAR,CARTAGENA,48500,20092,2
74041544,2026-05-11,ENTREGADO,ENVIA,240051561544,BOLIVAR,CARTAGENA,74300,13884,1
74040135,2026-05-12,ENTREGADO,ENVIA,240051560135,HUILA,NEIVA,74600,23652,1
74042335,2026-05-04,EN REEXPEDICION,ENVIA,240051562335,CUNDINAMARCA,BOGOTA,68200,34096,3
74041698,2026-05-08,ENTREGADO,SERVIENTREGA,240051561698,VALLE DEL CAUCA,CALI,97900,14460,1
74041893,2026-05-12,DEVOLUCION,TCC,240051561893,CUNDINAMARCA,BOGOTA,46200,12435,12
74041721,2026-05-11,ENTREGADO,COORDINADORA,240051561721,TOLIMA,IBAGUE,93800,21193,0
74041330,2026-04-30,ENTREGADO,COORDINADORA,240051561330,NARIÑO,PASTO,52800,21628,2
74040714,2026-05-08,ENTREGADO,COORDINADORA,240051560714,RISARALDA,PEREIRA,58200,17868,2
74042062,2026-05-11,EN REEXPEDICION,TCC,240051562062,ANTIOQUIA,MEDELLIN,64000,40631,1
74040112,2026-05-05,ENTREGADO,ENVIA,240051560112,ANTIOQUIA,MEDELLIN,47800,11360,1
74041594,2026-05-05,ENTREGADO,TCC,240051561594,CALDAS,MANIZALES,93800,13130,2
74041353,2026-05-10,ENTREGADO,SERVIENTREGA,240051561353,RISARALDA,PEREIRA,76200,23703,0
74041586,2026-05-02,ENTREGADO,TCC,240051561586,VALLE DEL CAUCA,CALI,71800,10103,0
74041310,2026-05-11,ENTREGADO,INTERRAPIDISIMO,240051561310,CORDOBA,MONTERIA,59200,16782,1
74041924,2026-05-07,DEVOLUCION,ENVIA,240051561924,VALLE DEL CAUCA,CALI,49100,17877,5
74042059,2026-05-06,DESPACHADA,TCC,240051562059,HUILA,NEIVA,52200,17855,3
74040355,2026-05-09,ENTREGADO,COORDINADORA,240051560355,HUILA,NEIVA,52900,21633,0
74041550,2026-04-29,ENTREGADO,COORDINADORA,240051561550,ATLANTICO,BARRANQUILLA,95000,22394,0
74040227,2026-05-04,ENTREGADO,SERVIENTREGA,240051560227,VALLE DEL CAUCA,CALI,61300,21490,1
74042220,2026-05-12,EN BODEGA DESTINO,SERVIENTREGA,240051562220,CORDOBA,MONTERIA,77500,11899,3
74040438,2026-05-01,ENTREGADO,TCC,240051560438,CUNDINAMARCA,BOGOTA,79900,13676,0
74041923,2026-05-05,DEVOLUCION,INTERRAPIDISIMO,240051561923,ATLANTICO,BARRANQUILLA,63300,18821,11
74041662,2026-05-09,ENTREGADO,TCC,240051561662,ATLANTICO,BARRANQUILLA,93200,17634,1
74040642,2026-05-05,ENTREGADO,COORDINADORA,240051560642,BOLIVAR,CARTAGENA,84100,19126,1
74040420,2026-05-08,ENTREGADO,SERVIENTREGA,240051560420,MAGDALENA,SANTA MARTA,66100,10548,0
74041235,2026-05-02,ENTREGADO,ENVIA,240051561235,MAGDALENA,SANTA MARTA,91500,19582,2
74041616,2026-05-03,ENTREGADO,COORDINADORA,240051561616,MAGDALENA,SANTA MARTA,87700,19975,2
74041129,2026-05-01,ENTREGADO,SERVIENTREGA,240051561129,RISARALDA,PEREIRA,88500,11337,2
74041436,2026-05-04,ENTREGADO,ENVIA,240051561436,META,VILLAVICENCIO,55100,13143,2
74041369,2026-05-12,ENTREGADO,SERVIENTREGA,240051561369,CUNDINAMARCA,BOGOTA,79000,20168,1
74041543,2026-05-03,ENTREGADO,TCC,240051561543,VALLE DEL CAUCA,CALI,56700,21405,1
74042293,2026-05-06,EN BODEGA TRANSPORTADORA,INTERRAPIDISIMO,240051562293,CUNDINAMARCA,BOGOTA,92500,11601,1
74040513,2026-05-02,ENTREGADO,ENVIA,240051560513,RISARALDA,PEREIRA,79100,18126,2
74040713,2026-05-03,ENTREGADO,COORDINADORA,240051560713,NARIÑO,PASTO,85900,18289,1
74042217,2026-05-10,DESPACHADA,INTERRAPIDISIMO,240051562217,SANTANDER,BUCARAMANGA,75700,16260,1
74041985,2026-05-07,EN ESPERA DE RX,TCC,240051561985,VALLE DEL CAUCA,CALI,74600,23233,2
74040801,2026-05-10,ENTREGADO,ENVIA,240051560801,TOLIMA,IBAGUE,92700,11412,2
74041797,2026-05-07,DEVOLUCION,INTERRAPIDISIMO,240051561797,CUNDINAMARCA,BOGOTA,73800,12914,6
74041942,2026-05-05,DEVOLUCION,TCC,240051561942,ATLANTICO,BARRANQUILLA,94400,19654,5
74042284,2026-05-04,DESPACHADA,ENVIA,240051562284,TOLIMA,IBAGUE,76100,13048,3
74042270,2026-05-07,TELEMERCADEO,SERVIENTREGA,240051562270,CALDAS,MANIZALES,57800,21951,3
74041462,2026-05-02,ENTREGADO,ENVIA,240051561462,TOLIMA,IBAGUE,79300,13326,0
74040813,2026-05-07,ENTREGADO,ENVIA,240051560813,MAGDALENA,SANTA MARTA,98100,11281,1
74040487,2026-05-04,ENTREGADO,INTERRAPIDISIMO,240051560487,ATLANTICO,BARRANQUILLA,62300,19654,2
74041518,2026-05-03,ENTREGADO,SERVIENTREGA,240051561518,CALDAS,MANIZALES,93300,17747,1
74042066,2026-05-06,TELEMERCADEO,ENVIA,240051562066,NARIÑO,PASTO,82400,13375,2
74041722,2026-05-10,ENTREGADO,COORDINADORA,240051561722,ANTIOQUIA,MEDELLIN,54800,19125,1
74040117,2026-05-09,ENTREGADO,COORDINADORA,240051560117,CORDOBA,MONTERIA,69100,12764,2
74040202,2026-05-03,ENTREGADO,TCC,240051560202,VALLE DEL CAUCA,CALI,65300,16197,2
74040812,2026-05-06,ENTREGADO,TCC,240051560812,META,VILLAVICENCIO,80500,12520,1
74041688,2026-05-11,ENTREGADO,ENVIA,240051561688,SANTANDER,BUCARAMANGA,69400,18875,2
74040818,2026-05-02,ENTREGADO,ENVIA,240051560818,SANTANDER,BUCARAMANGA,87700,14205,1
74040441,2026-05-12,ENTREGADO,INTERRAPIDISIMO,240051560441,ANTIOQUIA,MEDELLIN,48100,13412,1
74042036,2026-05-06,RECLAME EN OFICINA,ENVIA,240051562036,ANTIOQUIA,MEDELLIN,46500,23459,13
74040016,2026-05-05,ENTREGADO,SERVIENTREGA,240051560016,VALLE DEL CAUCA,CALI,84100,19986,0
74040707,2026-05-10,ENTREGADO,SERVIENTREGA,240051560707,BOLIVAR,CARTAGENA,98700,16189,1
74041262,2026-05-08,ENTREGADO,SERVIENTREGA,240051561262,ANTIOQUIA,MEDELLIN,89600,12977,0
74041887,2026-05-14,DEVOLUCION,SERVIENTREGA,240051561887,NARIÑO,PASTO,87800,23402,12
74041280,2026-05-09,ENTREGADO,SERVIENTREGA,240051561280,BOLIVAR,CARTAGENA,93900,20706,1
74041316,2026-05-03,ENTREGADO,TCC,240051561316,CORDOBA,MONTERIA,60800,14150,1
74040038,2026-05-06,ENTREGADO,COORDINADORA,240051560038,META,VILLAVICENCIO,68800,21958,0
74041001,2026-05-09,ENTREGADO,INTERRAPIDISIMO,240051561001,NARIÑO,PASTO,51200,23099,0
74040248,2026-04-29,ENTREGADO,COORDINADORA,240051560248,CALDAS,MANIZALES,48700,20470,1
74040958,2026-05-03,ENTREGADO,ENVIA,240051560958,RISARALDA,PEREIRA,78200,10028,1
74040004,2026-04-29,ENTREGADO,SERVIENTREGA,240051560004,MAGDALENA,SANTA MARTA,97700,20086,0
74041398,2026-05-03,ENTREGADO,SERVIENTREGA,240051561398,VALLE DEL CAUCA,CALI,58300,16717,2
74040047,2026-05-09,ENTREGADO,SERVIENTREGA,240051560047,MAGDALENA,SANTA MARTA,98700,20837,0
74041200,2026-05-09,ENTREGADO,COORDINADORA,240051561200,TOLIMA,IBAGUE,73000,14425,0
74041161,2026-05-12,ENTREGADO,ENVIA,240051561161,CORDOBA,MONTERIA,84100,18359,2
74041076,2026-05-07,ENTREGADO,TCC,240051561076,BOLIVAR,CARTAGENA,52200,21558,0
74041285,2026-05-05,ENTREGADO,INTERRAPIDISIMO,240051561285,NARIÑO,PASTO,96900,14839,1
74040102,2026-05-10,ENTREGADO,INTERRAPIDISIMO,240051560102,META,VILLAVICENCIO,64800,17283,0
74041093,2026-05-10,ENTREGADO,INTERRAPIDISIMO,240051561093,ANTIOQUIA,MEDELLIN,65900,12303,0
74040974,2026-05-03,ENTREGADO,COORDINADORA,240051560974,BOLIVAR,CARTAGENA,45700,12828,0
74040392,2026-05-10,ENTREGADO,ENVIA,240051560392,SANTANDER,BUCARAMANGA,58700,16529,2
74042195,2026-05-12,DESPACHADA,COORDINADORA,240051562195,NARIÑO,PASTO,47400,11099,2
74042159,2026-05-05,CITA PROGRAMADA,SERVIENTREGA,240051562159,ANTIOQUIA,MEDELLIN,98400,43076,1
74040357,2026-05-05,ENTREGADO,SERVIENTREGA,240051560357,BOLIVAR,CARTAGENA,83700,19969,1
74040147,2026-04-30,ENTREGADO,COORDINADORA,240051560147,TOLIMA,IBAGUE,95200,22778,2
74040049,2026-04-28,ENTREGADO,ENVIA,240051560049,RISARALDA,PEREIRA,89100,14842,0
74040689,2026-05-06,ENTREGADO,COORDINADORA,240051560689,META,VILLAVICENCIO,63500,11191,0
74040497,2026-05-09,ENTREGADO,SERVIENTREGA,240051560497,VALLE DEL CAUCA,CALI,93200,18960,2
74040315,2026-05-06,ENTREGADO,ENVIA,240051560315,CALDAS,MANIZALES,87700,23353,1
74041392,2026-05-04,ENTREGADO,TCC,240051561392,HUILA,NEIVA,55800,12852,1
74040834,2026-05-08,ENTREGADO,INTERRAPIDISIMO,240051560834,CORDOBA,MONTERIA,51300,18574,1
74040436,2026-05-11,ENTREGADO,ENVIA,240051560436,SANTANDER,BUCARAMANGA,50000,17292,2
74041325,2026-05-08,ENTREGADO,TCC,240051561325,TOLIMA,IBAGUE,80100,10567,2
74041668,2026-05-02,ENTREGADO,ENVIA,240051561668,NARIÑO,PASTO,47200,20418,0
74041373,2026-05-06,ENTREGADO,COORDINADORA,240051561373,META,VILLAVICENCIO,66700,20639,1
74041345,2026-05-09,ENTREGADO,COORDINADORA,240051561345,RISARALDA,PEREIRA,96300,22065,1
74042341,2026-05-03,EN BODEGA TRANSPORTADORA,ENVIA,240051562341,CORDOBA,MONTERIA,66700,16187,2
74042090,2026-05-04,DESPACHADA,ENVIA,240051562090,ATLANTICO,BARRANQUILLA,51600,11105,2
74041394,2026-05-14,ENTREGADO,INTERRAPIDISIMO,240051561394,CALDAS,MANIZALES,54900,16043,1
74040764,2026-04-29,ENTREGADO,SERVIENTREGA,240051560764,RISARALDA,PEREIRA,86900,17643,0
74040675,2026-05-06,ENTREGADO,SERVIENTREGA,240051560675,VALLE DEL CAUCA,CALI,61500,12287,0
74041126,2026-05-07,ENTREGADO,INTERRAPIDISIMO,240051561126,SANTANDER,BUCARAMANGA,73500,13222,2