ID,FECHA,ESTATUS,TRANSPORTADORA,NÚMERO GUIA,DEPARTAMENTO DESTINO,CIUDAD DESTINO,VALOR DE COMPRA EN PRODUCTOS,GANANCIA,TOTAL EN PRECIOS DE PROVEEDOR,PRECIO FLETE,COSTO DEVOLUCION FLETE,FECHA DE ÚLTIMO MOVIMIENTO,NOVEDAD,CATEGORÍAS
5015789,20-12-2025,ENTREGADO,STARKEN,260504297,VALPARAISO,SAN FELIPE,29900,15774,7700,6426,0,22-12-2025,RECHAZADO POR CLIENTE,"Cocina, Hogar, Camping"
5015708,20-12-2025,CANCELADO,BLUE,,BIO - BIO,HUALPEN,31485,,7500,8049.65,0,20-12-2025,,"Belleza, Bienestar"
5015609,20-12-2025,CANCELADO,BLUE,,COQUIMBO,LA SERENA,24900,,6300,8049.65,0,22-12-2025,,Salud
5015534,20-12-2025,CANCELADO,BLUE,,MAULE,TALCA,24900,,6300,7530.14,0,22-12-2025,,Salud
5015148,20-12-2025,GUIA_GENERADA,STARKEN,260567877,METROPOLITANA DE SANTIAGO,LA FLORIDA,28900,,9750,5474,0,22-12-2025,,Belleza
5014901,20-12-2025,EN REPARTO A DOMICILIO,STARKEN,260526092,LIBERTADOR GENERAL BERNARDO O`HIGGINS,RANCAGUA,43350,,15980,6426,0,23-12-2025,,"Moda, Belleza, Otro"
5014872,20-12-2025,EN DESTINO,STARKEN,260506029,MAULE,PARRAL,26990,,7200,7592.2,0,22-12-2025,,Salud
5014802,20-12-2025,ENTREGADO,STARKEN,260500659,VALPARAISO,VALPARAISO,29990,14564,9000,6426,0,23-12-2025,,Hogar
5014598,20-12-2025,ENTREGADO,STARKEN,260540098,VALPARAISO,CATEMU,26900,11817.6,7990,7092.4,0,23-12-2025,,Belleza
5014518,20-12-2025,NOVEDAD SOLUCIONADA,STARKEN,260491649,COQUIMBO,OVALLE,31485,,7500,6783,0,22-12-2025,RECHAZADO POR CLIENTE,"Belleza, Bienestar"
5014311,20-12-2025,CANCELADO,BLUE,,BIO - BIO,CURANILAHUE,24900,,6300,10510.81,0,21-12-2025,,Salud
5014280,20-12-2025,NADIE EN CASA,BLUE,2181210113,ATACAMA,EL SALVADOR,43350,,15980,10391.91,0,23-12-2025,,"Moda, Belleza, Otro"
5014161,20-12-2025,ENTREGADO,STARKEN,260474503,MAULE,PARRAL,20990,8397.8,5000,7592.2,0,22-12-2025,,"Cocina, Hogar"
5014133,20-12-2025,NOVEDAD SOLUCIONADA,BLUE,2180846404,BIO - BIO,ALTO BIOBIO,20990,,5000,10027.77,0,22-12-2025,DIRECCION INUBICABLE,"Cocina, Hogar"
5013923,20-12-2025,EN REPARTO A DOMICILIO,STARKEN,260629535,LOS RIOS,VALDIVIA,31485,,7500,6842.5,0,24-12-2025,,"Belleza, Bienestar"
5013592,20-12-2025,ENTREGADO,STARKEN,260501972,METROPOLITANA DE SANTIAGO,LAMPA,29900,16250,7700,5950,0,22-12-2025,,"Cocina, Hogar, Camping"
5013519,20-12-2025,NOVEDAD SOLUCIONADA,STARKEN,260595018,ARAUCANIA,TEMUCO,39990,,19990,6842.5,0,23-12-2025,RECHAZADO POR CLIENTE,"Tecnología, Hogar, Ferreteria"
5013431,20-12-2025,ADMITIDA EN SUCURSAL,BLUE,2181310961,BIO - BIO,CANETE,26900,,7990,10027.77,0,26-12-2025,,Belleza
5013216,20-12-2025,CANCELADO,STARKEN,,ÑUBLE,CHILLAN,40485,,14400,6842.5,0,22-12-2025,,Salud
5013113,20-12-2025,ENTREGADO,STARKEN,260474520,LIBERTADOR GENERAL BERNARDO O`HIGGINS,RANCAGUA,20990,9564,5000,6426,0,22-12-2025,,"Cocina, Hogar"
5012595,20-12-2025,EN TRANSITO,STARKEN,260491785,METROPOLITANA DE SANTIAGO,SANTIAGO,20990,,3750,5474,0,22-12-2025,,"Belleza, Bienestar"
5012256,20-12-2025,ENTREGADO,STARKEN,260504983,VALPARAISO,PANQUEHUE,29990,13897.6,9000,7092.4,0,23-12-2025,,Hogar
5012255,20-12-2025,ENTREGADO,STARKEN,260491884,MAULE,CURICO,20990,10397.5,3750,6842.5,0,22-12-2025,,"Belleza, Bienestar"
5012097,20-12-2025,ENTREGADO,STARKEN,260540278,BIO - BIO,CONCEPCION,28900,12307.5,9750,6842.5,0,23-12-2025,NO SE UBICA DESTINATARIO,Belleza
5011716,20-12-2025,NOVEDAD SOLUCIONADA,STARKEN,260474505,VALPARAISO,CARTAGENA,20990,,5000,7092.4,0,22-12-2025,RECHAZADO POR CLIENTE,"Cocina, Hogar"
5011661,20-12-2025,NOVEDAD SOLUCIONADA,STARKEN,260634544,METROPOLITANA DE SANTIAGO,SAN BERNARDO,28900,,7990,5474,0,23-12-2025,RECHAZADO POR CLIENTE,"Moda, Belleza, Otro"
5011218,20-12-2025,PENDIENTE CONFIRMACION,STARKEN,,COQUIMBO,LA SERENA,28900,,9750,6783,0,20-12-2025,,Belleza
5011011,20-12-2025,CANCELADO,STARKEN,,BIO - BIO,TALCAHUANO,40485,,14400,6842.5,0,20-12-2025,,Salud
5010958,20-12-2025,PENDIENTE CONFIRMACION,STARKEN,,VALPARAISO,PUTAENDO,29990,,9000,7092.4,0,20-12-2025,,Hogar
5010774,20-12-2025,NOVEDAD,STARKEN,260634554,METROPOLITANA DE SANTIAGO,SANTIAGO,28900,,7990,5474,0,23-12-2025,RECHAZADO POR CLIENTE,"Moda, Belleza, Otro"
5010760,20-12-2025,CANCELADO,STARKEN,,METROPOLITANA DE SANTIAGO,SANTIAGO,28900,,7990,5474,0,21-12-2025,,"Moda, Belleza, Otro"
5010748,20-12-2025,ENTREGADO,STARKEN,260467446,LOS LAGOS,PUERTO MONTT,39990,13157.5,19990,6842.5,0,22-12-2025,,"Tecnología, Hogar, Ferreteria"
5010693,20-12-2025,ENTREGADO,STARKEN,260606257,METROPOLITANA DE SANTIAGO,BUIN,20990,10040,5000,5950,0,24-12-2025,,"Cocina, Hogar"
5010392,20-12-2025,ENTREGADO,STARKEN,260492016,ÑUBLE,PEMUCO,31485,15262.3,7500,8722.7,0,22-12-2025,,"Belleza, Bienestar"
5010185,20-12-2025,INGRESO CAMION,BLUE,2180980071,BIO - BIO,SAN PEDRO DE LA PAZ,20990,,3750,7727.62,0,22-12-2025,,"Belleza, Bienestar"
5010023,20-12-2025,EN REPARTO A DOMICILIO,STARKEN,260468357,ANTOFAGASTA,ANTOFAGASTA,59985,,39980,7259,0,22-12-2025,,"Tecnología, Hogar, Ferreteria"
5009906,20-12-2025,ENTREGADO,STARKEN,260558450,METROPOLITANA DE SANTIAGO,LA FLORIDA,29990,15516,9000,5474,0,23-12-2025,,Hogar
5009807,20-12-2025,ENTREGADO,STARKEN,260474528,COQUIMBO,COQUIMBO,104950,73167,25000,6783,0,23-12-2025,,"Cocina, Hogar"
5009795,20-12-2025,EN DESTINO,STARKEN,260500853,MAULE,TALCA,20990,,3750,6842.5,0,22-12-2025,,"Belleza, Bienestar"
5009765,20-12-2025,EN DESTINO,STARKEN,260468387,ANTOFAGASTA,CALAMA,39990,,19990,7259,0,22-12-2025,,"Tecnología, Hogar, Ferreteria"
5009584,20-12-2025,EN TRANSITO,STARKEN,260474898,METROPOLITANA DE SANTIAGO,LA FLORIDA,20990,,5000,5474,0,22-12-2025,RECHAZADO POR CLIENTE,"Cocina, Hogar"
5009398,20-12-2025,ENTREGADO,STARKEN,260500995,METROPOLITANA DE SANTIAGO,LA CISTERNA,31485,18511,7500,5474,0,22-12-2025,,"Belleza, Bienestar"
5009311,20-12-2025,PENDIENTE CONFIRMACION,STARKEN,,ATACAMA,COPIAPO,26990,,7200,6783,0,20-12-2025,,Salud
5009305,20-12-2025,CANCELADO,STARKEN,,ANTOFAGASTA,TOCOPILLA,28900,,7990,9341.5,0,20-12-2025,,"Moda, Belleza, Otro"
5009091,20-12-2025,NOVEDAD,STARKEN,260629677,VALPARAISO,VALPARAISO,20990,,3750,6426,0,24-12-2025,RECHAZADO POR CLIENTE,"Belleza, Bienestar"
5009075,20-12-2025,NOVEDAD SOLUCIONADA,STARKEN,260526724,METROPOLITANA DE SANTIAGO,SANTIAGO,43350,,15980,5474,0,23-12-2025,RECHAZADO POR CLIENTE,"Moda, Belleza, Otro"
5008930,20-12-2025,ENTREGADO,STARKEN,260515267,VALPARAISO,CABILDO,26990,12697.6,7200,7092.4,0,22-12-2025,,Salud
5008851,20-12-2025,CANCELADO,STARKEN,,MAULE,CURICO,28900,,7990,6842.5,0,20-12-2025,,"Moda, Belleza, Otro"
5008787,20-12-2025,ENTREGADO,STARKEN,260526772,COQUIMBO,MONTE PATRIA,43350,19849.2,15980,7520.8,0,22-12-2025,,"Moda, Belleza, Otro"
5008781,20-12-2025,ENTREGADO,STARKEN,260526814,ARAUCANIA,TEMUCO,43350,20527.5,15980,6842.5,0,22-12-2025,,"Moda, Belleza, Otro"
5008438,20-12-2025,EN DESTINO,STARKEN,260501167,VALPARAISO,VALPARAISO,31485,,7500,6426,0,22-12-2025,RECHAZADO POR CLIENTE,"Belleza, Bienestar"
5008399,20-12-2025,NOVEDAD SOLUCIONADA,VELOCES,V4002023618,METROPOLITANA DE SANTIAGO,PUENTE ALTO,29900,,7700,5355,0,26-12-2025,El cliente no estaba en su domicilio,"Cocina, Hogar, Camping"
5008313,20-12-2025,NOVEDAD SOLUCIONADA,BLUE,2181215853,BIO - BIO,SAN PEDRO DE LA PAZ,43350,,15980,7727.62,0,23-12-2025,DESTINATARIO RECHAZA ENTREGA,"Moda, Belleza, Otro"
5008151,20-12-2025,ENTREGADO,STARKEN,260526991,ANTOFAGASTA,CALAMA,28900,13651,7990,7259,0,22-12-2025,,"Moda, Belleza, Otro"
5005787,19-12-2025,NOVEDAD,STARKEN,260370695,ANTOFAGASTA,CALAMA,26900,,7990,7259,0,22-12-2025,RECHAZADO POR CLIENTE,Belleza
5004670,19-12-2025,ENTREGADO,STARKEN,260527564,ATACAMA,COPIAPO,28900,14127,7990,6783,0,22-12-2025,,"Moda, Belleza, Otro"
5004605,19-12-2025,CANCELADO,STARKEN,,METROPOLITANA DE SANTIAGO,COLINA,28900,,7990,5950,0,21-12-2025,,"Moda, Belleza, Otro"
5003534,19-12-2025,ENTREGADO,STARKEN,260474613,METROPOLITANA DE SANTIAGO,SAN BERNARDO,20990,10516,5000,5474,0,22-12-2025,,"Cocina, Hogar"
5003305,19-12-2025,CANCELADO,STARKEN,,ARAUCANIA,TEMUCO,39990,,19990,6842.5,0,22-12-2025,,"Tecnología, Hogar, Ferreteria"
5003114,19-12-2025,ENTREGADO,STARKEN,260515353,VALPARAISO,QUILLOTA,29990,14564,9000,6426,0,23-12-2025,,Hogar
5002212,19-12-2025,ENTREGADO,STARKEN,260515407,VALPARAISO,LOS ANDES,29990,14564,9000,6426,0,23-12-2025,,Hogar
5002138,19-12-2025,ENTREGADO,STARKEN,260474629,BIO - BIO,TALCAHUANO,20990,9147.5,5000,6842.5,0,22-12-2025,,"Cocina, Hogar"
5002074,19-12-2025,ENTREGADO,STARKEN,260503118,VALPARAISO,LA LIGUA,20990,10814,3750,6426,0,22-12-2025,,"Belleza, Bienestar"
5001905,19-12-2025,CANCELADO,STARKEN,,ARAUCANIA,LONCOCHE,40485,,14400,7592.2,0,22-12-2025,,Salud
5001640,19-12-2025,ENTREGADO,STARKEN,260468442,ÑUBLE,SAN CARLOS,39990,13157.5,19990,6842.5,0,22-12-2025,,"Tecnología, Hogar, Ferreteria"
5001297,19-12-2025,INGRESO CAMION,BLUE,2180804382,LOS RIOS,VALDIVIA,24900,,6300,8179.52,0,23-12-2025,,Salud
5000920,19-12-2025,ENTREGADO,STARKEN,260620358,COQUIMBO,COQUIMBO,34900,14117,14000,6783,0,24-12-2025,,"Tecnología, Hogar, Ferreteria"
5000909,19-12-2025,CANCELADO,STARKEN,,COQUIMBO,COQUIMBO,34900,,14000,6783,0,21-12-2025,,"Tecnología, Hogar, Ferreteria"
4999934,19-12-2025,CANCELADO,VELOCES,,METROPOLITANA DE SANTIAGO,PUENTE ALTO,29900,,7700,5355,0,22-12-2025,,"Cocina, Hogar, Camping"
4999131,19-12-2025,ENTREGADO,STARKEN,260503950,VALPARAISO,LLAILLAY,20990,10814,3750,6426,0,22-12-2025,,"Belleza, Bienestar"
4999122,19-12-2025,NOVEDAD SOLUCIONADA,STARKEN,260474631,ATACAMA,COPIAPO,20990,,5000,6783,0,23-12-2025,RECHAZADO POR CLIENTE,"Cocina, Hogar"
4998001,19-12-2025,CANCELADO,STARKEN,,ANTOFAGASTA,CALAMA,26900,,7990,7259,0,19-12-2025,,Belleza
4997711,19-12-2025,EN REPARTO A DOMICILIO,STARKEN,260474658,LOS LAGOS,ANCUD,20990,,5000,6842.5,0,22-12-2025,,"Cocina, Hogar"
4997192,19-12-2025,ENTREGADO,STARKEN,260528622,BIO - BIO,LOS ANGELES,28900,14067.5,7990,6842.5,0,22-12-2025,,"Moda, Belleza, Otro"
4996995,19-12-2025,ENTREGADO,STARKEN,260396017,VALPARAISO,SAN FELIPE,29990,14564,9000,6426,0,23-12-2025,,Hogar
4996562,19-12-2025,ENTREGADO,STARKEN,260396272,METROPOLITANA DE SANTIAGO,VITACURA,35880,18856,11550,5474,0,22-12-2025,,"Cocina, Hogar, Camping"
4995916,18-12-2025,CANCELADO,BLUE,,MAULE,TALCA,37350,,12600,7530.14,0,19-12-2025,,Salud
4995641,18-12-2025,CANCELADO,STARKEN,,ANTOFAGASTA,ANTOFAGASTA,20990,,5000,7259,0,19-12-2025,,"Cocina, Hogar"
4995399,18-12-2025,CANCELADO,STARKEN,,LOS LAGOS,CASTRO,20990,,5000,6842.5,0,22-12-2025,,"Cocina, Hogar"
4995350,18-12-2025,EN REPARTO A DOMICILIO,STARKEN,260595430,VALPARAISO,VILLA ALEMANA,39990,,19990,6426,0,23-12-2025,,"Tecnología, Hogar, Ferreteria"
4995144,18-12-2025,ENTREGADO,STARKEN,260528635,ANTOFAGASTA,CALAMA,28900,13651,7990,7259,0,22-12-2025,,"Moda, Belleza, Otro"
4994900,18-12-2025,CANCELADO,STARKEN,,VALPARAISO,VINA DEL MAR,20990,,3750,6426,0,21-12-2025,,"Belleza, Bienestar"
4994815,18-12-2025,ENTREGADO,STARKEN,260395019,COQUIMBO,COQUIMBO,26990,13007,7200,6783,0,22-12-2025,,Salud
4994339,18-12-2025,CANCELADO,STARKEN,,METROPOLITANA DE SANTIAGO,MACUL,29900,,7700,5474,0,18-12-2025,,"Cocina, Hogar, Camping"
4994123,18-12-2025,ENTREGADO,STARKEN,260396573,MAULE,PARRAL,29990,13397.8,9000,7592.2,0,23-12-2025,,Hogar
4993921,18-12-2025,INGRESO CAMION,BLUE,2180394952,LOS LAGOS,OSORNO,24900,,6300,8179.52,0,22-12-2025,DESTINATARIO RECHAZA ENTREGA,Salud
4993750,18-12-2025,NOVEDAD,BLUE,2180394963,LIBERTADOR GENERAL BERNARDO O`HIGGINS,MACHALI,37350,,12600,7838.33,0,22-12-2025,,Salud
4993689,18-12-2025,INGRESO CAMION,BLUE,2180394974,ATACAMA,VALLENAR,24900,,6300,8049.65,0,22-12-2025,,Salud
4993529,18-12-2025,EN DESTINO,STARKEN,260551278,LOS LAGOS,MAULLIN,29990,,9000,8722.7,0,23-12-2025,,Hogar
4993514,18-12-2025,ENTREGADO,STARKEN,260396632,METROPOLITANA DE SANTIAGO,PIRQUE,29990,15040,9000,5950,0,23-12-2025,,Hogar
4993342,18-12-2025,EN DESTINO,STARKEN,260396216,ANTOFAGASTA,ANTOFAGASTA,26990,,7200,7259,0,22-12-2025,,Salud
4993317,18-12-2025,ENTREGADO,STARKEN,260528677,METROPOLITANA DE SANTIAGO,ESTACION CENTRAL,28900,15436,7990,5474,0,22-12-2025,RECHAZADO POR CLIENTE,"Moda, Belleza, Otro"
4993125,18-12-2025,EN DESTINO,STARKEN,260528707,LOS LAGOS,LOS MUERMOS,28900,,7990,8722.7,0,22-12-2025,,"Moda, Belleza, Otro"
4992948,18-12-2025,ENTREGADO,STARKEN,260396734,VALPARAISO,PUCHUNCAVI,29900,15107.6,7700,7092.4,0,22-12-2025,,"Cocina, Hogar, Camping"
4992891,18-12-2025,EN DESTINO,STARKEN,260540643,LIBERTADOR GENERAL BERNARDO O`HIGGINS,PEUMO,26900,,7990,8092,0,23-12-2025,,Belleza
4992651,18-12-2025,CANCELADO,STARKEN,,METROPOLITANA DE SANTIAGO,PROVIDENCIA,20990,,5000,5474,0,22-12-2025,,"Cocina, Hogar"
4992491,18-12-2025,EN DESTINO,STARKEN,260396516,LIBERTADOR GENERAL BERNARDO O`HIGGINS,PEUMO,40485,,14400,8092,0,22-12-2025,,Salud
4992070,18-12-2025,NOVEDAD SOLUCIONADA,STARKEN,260468452,ARAUCANIA,CUNCO,39990,,19990,8722.7,0,22-12-2025,DIRECCION INCORRECTA,"Tecnología, Hogar, Ferreteria"
4991967,18-12-2025,NOVEDAD SOLUCIONADA,VELOCES,V4002028457,METROPOLITANA DE SANTIAGO,PUENTE ALTO,28900,,7990,5355,0,27-12-2025,Reprogramar entrega,"Moda, Belleza, Otro"
4991778,18-12-2025,DEVOLUCION A REMITENTE,BLUE,2180394996,MAULE,LINARES,24900,,6300,7838.33,0,22-12-2025,DESTINATARIO RECHAZA ENTREGA,Salud
4990528,18-12-2025,CANCELADO,STARKEN,,ATACAMA,VALLENAR,28900,,7990,7520.8,0,21-12-2025,,"Moda, Belleza, Otro"
4989823,18-12-2025,CANCELADO,BLUE,,ANTOFAGASTA,ANTOFAGASTA,24900,,6300,8828.91,0,22-12-2025,,Salud
4989512,18-12-2025,ENTREGADO,STARKEN,260528752,METROPOLITANA DE SANTIAGO,LA PINTANA,28900,15436,7990,5474,0,22-12-2025,,"Moda, Belleza, Otro"
4989407,18-12-2025,ENTREGADO,BLUE,2181101996,BIO - BIO,HUALPEN,20990,9190.35,3750,8049.65,0,22-12-2025,,"Belleza, Bienestar"
4988737,18-12-2025,NOVEDAD,STARKEN,260553249,METROPOLITANA DE SANTIAGO,EL BOSQUE,26900,,7990,5474,0,23-12-2025,RECHAZADO POR CLIENTE,Belleza
4988720,18-12-2025,CANCELADO,STARKEN,,METROPOLITANA DE SANTIAGO,EL BOSQUE,26900,,7990,5474,0,22-12-2025,,Belleza
4988668,18-12-2025,EN TRANSITO,STARKEN,260528788,METROPOLITANA DE SANTIAGO,INDEPENDENCIA,28900,,7990,5474,0,22-12-2025,RECHAZADO POR CLIENTE,"Moda, Belleza, Otro"
4988457,18-12-2025,ENTREGADO,STARKEN,260398838,LOS LAGOS,PUERTO VARAS,39990,13157.5,19990,6842.5,0,22-12-2025,,"Tecnología, Hogar, Ferreteria"
4988273,18-12-2025,CANCELADO,STARKEN,,BIO - BIO,ARAUCO,20990,,3750,6842.5,0,21-12-2025,,"Belleza, Bienestar"
4988007,18-12-2025,NOVEDAD SOLUCIONADA,STARKEN,260398236,LOS RIOS,LANCO,26990,,7200,6842.5,0,22-12-2025,RECHAZADO POR CLIENTE,Salud
4987966,18-12-2025,ENTREGADO,VELOCES,V4002020388,METROPOLITANA DE SANTIAGO,PUENTE ALTO,39990,14645,19990,5355,0,23-12-2025,,"Tecnología, Hogar, Ferreteria"
4987882,18-12-2025,EN DESTINO,STARKEN,260510212,ARAUCANIA,VICTORIA,20990,,3750,6842.5,0,22-12-2025,,"Belleza, Bienestar"
4987856,18-12-2025,CANCELADO,STARKEN,,METROPOLITANA DE SANTIAGO,SANTIAGO,28900,,7990,5474,0,20-12-2025,,"Moda, Belleza, Otro"
4987806,18-12-2025,CANCELADO,STARKEN,,METROPOLITANA DE SANTIAGO,SANTIAGO,43350,,15980,5474,0,20-12-2025,,"Moda, Belleza, Otro"
4987229,18-12-2025,NOVEDAD SOLUCIONADA,STARKEN,260285038,ANTOFAGASTA,ANTOFAGASTA,20990,,5000,7259,0,19-12-2025,RECHAZADO POR CLIENTE,"Cocina, Hogar"
4986747,18-12-2025,ENTREGADO,BLUE,2179041336,ARAUCANIA,PUCON,24900,10066.83,6300,8533.17,0,19-12-2025,,Salud
4986614,18-12-2025,ENTREGADO,STARKEN,260294443,LIBERTADOR GENERAL BERNARDO O`HIGGINS,PICHILEMU,40485,17993,14400,8092,0,19-12-2025,,Salud
4986431,18-12-2025,NOVEDAD SOLUCIONADA,STARKEN,260298737,VALPARAISO,VINA DEL MAR,28900,,7990,6426,0,22-12-2025,NO SE UBICA DESTINATARIO,"Moda, Belleza, Otro"
4986192,18-12-2025,CANCELADO,STARKEN,,VALPARAISO,VINA DEL MAR,26900,,7990,6426,0,22-12-2025,,Belleza
4985844,18-12-2025,ENTREGADO,STARKEN,260294056,METROPOLITANA DE SANTIAGO,LA REINA,20990,11766,3750,5474,0,19-12-2025,,"Belleza, Bienestar"
4985819,18-12-2025,EN DESTINO,STARKEN,260259403,BIO - BIO,LOS ANGELES,39990,,19990,6842.5,0,19-12-2025,RECHAZADO POR CLIENTE,"Tecnología, Hogar, Ferreteria"
4985769,18-12-2025,EN TRANSITO,STARKEN,260402133,METROPOLITANA DE SANTIAGO,LA FLORIDA,28900,,9750,5474,0,22-12-2025,RECHAZADO POR CLIENTE,Belleza
4985576,18-12-2025,CANCELADO,STARKEN,,METROPOLITANA DE SANTIAGO,ESTACION CENTRAL,28900,,7990,5474,0,18-12-2025,,"Moda, Belleza, Otro"
4985492,18-12-2025,EN TRANSITO,STARKEN,260298773,METROPOLITANA DE SANTIAGO,CONCHALI,28900,,7990,5474,0,22-12-2025,RECHAZADO POR CLIENTE,"Moda, Belleza, Otro"
4985453,18-12-2025,NOVEDAD SOLUCIONADA,BLUE,2179041874,METROPOLITANA DE SANTIAGO,HUECHURABA,24900,,6300,5971.62,0,19-12-2025,DIRECCIÓN INCORRECTA (FALTAN DATOS),Salud
4984879,17-12-2025,ENTREGADO,STARKEN,260298794,LIBERTADOR GENERAL BERNARDO O`HIGGINS,PICHILEMU,28900,12818,7990,8092,0,22-12-2025,,"Moda, Belleza, Otro"
4984822,17-12-2025,EN DESTINO,STARKEN,260298814,ANTOFAGASTA,CALAMA,43350,,15980,7259,0,23-12-2025,,"Moda, Belleza, Otro"
4984572,17-12-2025,CANCELADO,VELOCES,,METROPOLITANA DE SANTIAGO,PUENTE ALTO,26900,,7990,5355,0,21-12-2025,,Belleza
4984396,17-12-2025,ENTREGADO,STARKEN,260259481,VALPARAISO,SAN ANTONIO,39990,13574,19990,6426,0,19-12-2025,,"Tecnología, Hogar, Ferreteria"
4983888,17-12-2025,CANCELADO,STARKEN,,METROPOLITANA DE SANTIAGO,PUDAHUEL,28900,,7990,5474,0,20-12-2025,,"Moda, Belleza, Otro"
4983735,17-12-2025,NOVEDAD,STARKEN,260170176,METROPOLITANA DE SANTIAGO,EL BOSQUE,26900,,7990,5474,0,23-12-2025,RECHAZADO POR CLIENTE,Belleza
4983667,17-12-2025,ENTREGADO,STARKEN,260269363,COQUIMBO,MONTE PATRIA,26900,10879.2,8500,7520.8,0,19-12-2025,,"Moda, Belleza"
4983446,17-12-2025,ENTREGADO,STARKEN,260294597,ATACAMA,CALDERA,26990,13007,7200,6783,0,19-12-2025,DIRECCION INCORRECTA,Salud
4983445,17-12-2025,CANCELADO,STARKEN,,ATACAMA,CALDERA,26990,,7200,6783,0,18-12-2025,,Salud
4983009,17-12-2025,CANCELADO,STARKEN,,METROPOLITANA DE SANTIAGO,COLINA,43350,,15980,5950,0,17-12-2025,,"Moda, Belleza, Otro"
4982647,17-12-2025,ENTREGADO,STARKEN,260299240,METROPOLITANA DE SANTIAGO,LAMPA,28900,14960,7990,5950,0,22-12-2025,,"Moda, Belleza, Otro"
4982531,17-12-2025,CANCELADO,STARKEN,,METROPOLITANA DE SANTIAGO,PENALOLEN,26900,,7990,5474,0,18-12-2025,,Belleza
4981984,17-12-2025,INGRESO CAMION,BLUE,2179433093,ATACAMA,EL SALVADOR,24900,,6300,10900.44,0,20-12-2025,,Salud
4981936,17-12-2025,ENTREGADO,STARKEN,260294186,VALPARAISO,LIMACHE,31485,16892.6,7500,7092.4,0,19-12-2025,,"Belleza, Bienestar"
4981739,17-12-2025,NOVEDAD SOLUCIONADA,STARKEN,260298887,COQUIMBO,COQUIMBO,28900,,7990,6783,0,22-12-2025,NO SE UBICA DESTINATARIO,"Moda, Belleza, Otro"
4981611,17-12-2025,CANCELADO,STARKEN,,COQUIMBO,COQUIMBO,43350,,15980,6783,0,20-12-2025,,"Moda, Belleza, Otro"
4981522,17-12-2025,EN DESTINO,STARKEN,260294177,METROPOLITANA DE SANTIAGO,NUNOA,31485,,7500,5474,0,19-12-2025,RECHAZADO POR CLIENTE,"Belleza, Bienestar"
4981357,17-12-2025,CANCELADO,STARKEN,,COQUIMBO,COQUIMBO,28900,,7990,6783,0,20-12-2025,,"Moda, Belleza, Otro"
4981351,17-12-2025,EN TRANSITO,STARKEN,260298900,METROPOLITANA DE SANTIAGO,PENAFLOR,28900,,7990,5950,0,22-12-2025,RECHAZADO POR CLIENTE,"Moda, Belleza, Otro"
4981033,17-12-2025,ENTREGADO,STARKEN,260285049,ANTOFAGASTA,SAN PEDRO DE ATACAMA,20990,6648.5,5000,9341.5,0,19-12-2025,,"Cocina, Hogar"
4981016,17-12-2025,NOVEDAD SOLUCIONADA,STARKEN,260286959,MAULE,PARRAL,29990,,9000,7592.2,0,20-12-2025,NO SE UBICA DESTINATARIO,Hogar
4980919,17-12-2025,CANCELADO,STARKEN,,MAULE,LINARES,29900,,7700,7592.2,0,18-12-2025,,"Cocina, Hogar, Camping"
4980628,17-12-2025,CANCELADO,BLUE,,COQUIMBO,ILLAPEL,24900,,6300,7838.33,0,20-12-2025,,Salud
4979965,17-12-2025,ENTREGADO,STARKEN,260298941,ATACAMA,CALDERA,28900,14127,7990,6783,0,22-12-2025,,"Moda, Belleza, Otro"
4979403,17-12-2025,EN DESTINO,STARKEN,260311932,METROPOLITANA DE SANTIAGO,TALAGANTE,28900,,9750,5950,0,19-12-2025,RECHAZADO POR CLIENTE,Belleza
4979087,17-12-2025,CANCELADO,STARKEN,,COQUIMBO,MONTE PATRIA,26900,,8500,7520.8,0,17-12-2025,,"Moda, Belleza"
4978828,17-12-2025,EN REPARTO A DOMICILIO,STARKEN,260402185,LOS LAGOS,ANCUD,28900,,9750,6842.5,0,22-12-2025,,Belleza
4978763,17-12-2025,EN DESTINO,STARKEN,260287014,METROPOLITANA DE SANTIAGO,LAMPA,29900,,3850,5950,0,19-12-2025,RECHAZADO POR CLIENTE,"Cocina, Hogar, Camping"
4978611,17-12-2025,ENTREGADO,STARKEN,260299262,ANTOFAGASTA,CALAMA,28900,13651,7990,7259,0,22-12-2025,,"Moda, Belleza, Otro"
4978566,17-12-2025,ENTREGADO,STARKEN,260308097,ANTOFAGASTA,TOCOPILLA,20990,6648.5,5000,9341.5,0,20-12-2025,,"Cocina, Hogar"
4978452,17-12-2025,CANCELADO,STARKEN,,METROPOLITANA DE SANTIAGO,CONCHALI,26990,,7200,5474,0,20-12-2025,,Salud
4978380,17-12-2025,ENTREGADO,STARKEN,260285054,LOS LAGOS,OSORNO,20990,9147.5,5000,6842.5,0,19-12-2025,,"Cocina, Hogar"
4978177,17-12-2025,EN DESTINO,STARKEN,260540725,ANTOFAGASTA,ANTOFAGASTA,26900,,7990,7259,0,23-12-2025,,Belleza
4977881,17-12-2025,CANCELADO,STARKEN,,LIBERTADOR GENERAL BERNARDO O`HIGGINS,LAS CABRAS,20990,,5000,8092,0,21-12-2025,,"Cocina, Hogar"
4976993,17-12-2025,CANCELADO,STARKEN,,METROPOLITANA DE SANTIAGO,BUIN,20990,,3750,5950,0,17-12-2025,,"Belleza, Bienestar"
4976957,17-12-2025,ENTREGADO,STARKEN,260294421,VALPARAISO,QUINTERO,20990,10147.6,3750,7092.4,0,19-12-2025,,"Belleza, Bienestar"
4975608,17-12-2025,CANCELADO,BLUE,,METROPOLITANA DE SANTIAGO,PUENTE ALTO,26990,,7200,5785.54,0,17-12-2025,,Salud
4975552,17-12-2025,EN TRANSITO,STARKEN,260185388,METROPOLITANA DE SANTIAGO,LO BARNECHEA,43350,,15980,5474,0,22-12-2025,RECHAZADO POR CLIENTE,"Moda, Belleza, Otro"
4974499,17-12-2025,CANCELADO,STARKEN,,BIO - BIO,TALCAHUANO,26990,,7200,6842.5,0,20-12-2025,,Salud
4974423,17-12-2025,ENTREGADO,STARKEN,260185436,METROPOLITANA DE SANTIAGO,SAN BERNARDO,43350,21896,15980,5474,0,22-12-2025,,"Moda, Belleza, Otro"
4974226,17-12-2025,CANCELADO,STARKEN,,VALPARAISO,SAN ANTONIO,26900,,7990,6426,0,18-12-2025,,Belleza
4974214,17-12-2025,ENTREGADO,STARKEN,260295447,BIO - BIO,TALCAHUANO,26990,12947.5,7200,6842.5,0,19-12-2025,,Salud
4974091,17-12-2025,ENTREGADO,STARKEN,260185461,ANTOFAGASTA,CALAMA,28900,13651,7990,7259,0,22-12-2025,,"Moda, Belleza, Otro"
4973781,17-12-2025,CANCELADO,STARKEN,,ANTOFAGASTA,CALAMA,26900,,7990,7259,0,17-12-2025,,Belleza
4973370,16-12-2025,CANCELADO,STARKEN,,METROPOLITANA DE SANTIAGO,SANTIAGO,43350,,15980,5474,0,20-12-2025,,"Moda, Belleza, Otro"
4973159,16-12-2025,CANCELADO,BLUE,,ARAUCANIA,TEODORO SCHMIDT,37350,,12600,8533.17,0,17-12-2025,,Salud
4972289,16-12-2025,ENTREGADO,STARKEN,260540707,COQUIMBO,COQUIMBO,26900,12127,7990,6783,0,23-12-2025,,Belleza
4971835,16-12-2025,CANCELADO,STARKEN,,METROPOLITANA DE SANTIAGO,TILTIL,28900,,7990,6664,0,20-12-2025,,"Moda, Belleza, Otro"
4971745,16-12-2025,ENTREGADO,STARKEN,260170255,VALPARAISO,PETORCA,28900,11058,9750,8092,0,19-12-2025,,Belleza
4971720,16-12-2025,ENTREGADO,STARKEN,260187694,LOS RIOS,LOS LAGOS,26990,12947.5,7200,6842.5,0,18-12-2025,,Salud
4971381,16-12-2025,ENTREGADO,STARKEN,260187768,LIBERTADOR GENERAL BERNARDO O`HIGGINS,SANTA CRUZ,40485,18992.6,14400,7092.4,0,18-12-2025,,Salud
4971152,16-12-2025,ENTREGADO,STARKEN,260185545,METROPOLITANA DE SANTIAGO,MAIPU,28900,15436,7990,5474,0,22-12-2025,,"Moda, Belleza, Otro"
4971013,16-12-2025,ENTREGADO,STARKEN,260079554,METROPOLITANA DE SANTIAGO,LO BARNECHEA,20990,11766,3750,5474,0,17-12-2025,,"Belleza, Bienestar"
4970796,16-12-2025,ENTREGADO,STARKEN,260087504,ANTOFAGASTA,ANTOFAGASTA,28900,13651,7990,7259,0,17-12-2025,,"Moda, Belleza, Otro"
4970775,16-12-2025,ENTREGADO,STARKEN,260185554,METROPOLITANA DE SANTIAGO,NUNOA,43350,21896,15980,5474,0,22-12-2025,,"Moda, Belleza, Otro"
4970759,16-12-2025,EN DESTINO,STARKEN,260269538,VALPARAISO,VILLA ALEMANA,26900,,8500,6426,0,19-12-2025,,"Moda, Belleza"
4970695,16-12-2025,CANCELADO,STARKEN,,ANTOFAGASTA,ANTOFAGASTA,28900,,7990,7259,0,16-12-2025,,Belleza
4970598,16-12-2025,CANCELADO,BLUE,,METROPOLITANA DE SANTIAGO,ISLA DE MAIPO,28900,,7990,5971.62,0,17-12-2025,,"Moda, Belleza, Otro"
4969990,16-12-2025,CANCELADO,BLUE,,METROPOLITANA DE SANTIAGO,ISLA DE MAIPO,28900,,7990,5971.62,0,17-12-2025,,"Moda, Belleza, Otro"
4969636,16-12-2025,ENTREGADO,BLUE,2178581930,BIO - BIO,SAN PEDRO DE LA PAZ,28900,13182.38,7990,7727.62,0,23-12-2025,,"Moda, Belleza, Otro"
4969474,16-12-2025,NOVEDAD SOLUCIONADA,STARKEN,260182198,MAULE,VILLA ALEGRE,20990,,5000,7592.2,0,18-12-2025,RECHAZADO POR CLIENTE,"Cocina, Hogar"
4969192,16-12-2025,EN TRANSITO,STARKEN,260540743,METROPOLITANA DE SANTIAGO,CONCHALI,26900,,7990,5474,0,23-12-2025,RECHAZADO POR CLIENTE,Belleza
4967328,16-12-2025,EN DESTINO,STARKEN,260188046,METROPOLITANA DE SANTIAGO,CONCHALI,26990,,7200,5474,0,18-12-2025,RECHAZADO POR CLIENTE,Salud
4967227,16-12-2025,EN DESTINO,STARKEN,260188065,METROPOLITANA DE SANTIAGO,SANTIAGO,26990,,7200,5474,0,18-12-2025,NO SE UBICA DESTINATARIO,Salud
4967194,16-12-2025,CANCELADO,VELOCES,,METROPOLITANA DE SANTIAGO,PUENTE ALTO,29900,,7700,5355,0,17-12-2025,,"Cocina, Hogar, Camping"
4966820,16-12-2025,ENTREGADO,STARKEN,260540757,METROPOLITANA DE SANTIAGO,COLINA,26900,12960,7990,5950,0,23-12-2025,,Belleza
4966350,16-12-2025,ENTREGADO,BLUE,2177383062,ANTOFAGASTA,CALAMA,24900,9771.09,6300,8828.91,0,17-12-2025,,Salud
4966236,16-12-2025,NOVEDAD SOLUCIONADA,STARKEN,260510407,METROPOLITANA DE SANTIAGO,MACUL,20990,,3750,5474,0,26-12-2025,RECHAZADO POR CLIENTE,"Belleza, Bienestar"
4966052,16-12-2025,ENTREGADO,STARKEN,260080178,BIO - BIO,CORONEL,29990,14147.5,9000,6842.5,0,17-12-2025,,Hogar
4965315,16-12-2025,ENTREGADO,STARKEN,260080174,METROPOLITANA DE SANTIAGO,LAMPA,29900,16250,7700,5950,0,17-12-2025,,"Cocina, Hogar, Camping"
4965237,16-12-2025,ENTREGADO,STARKEN,260038423,ARAUCANIA,TEMUCO,28900,12307.5,9750,6842.5,0,17-12-2025,RECHAZADO POR CLIENTE,Belleza
4964606,16-12-2025,CANCELADO,STARKEN,,BIO - BIO,TOME,26900,,7990,7592.2,0,16-12-2025,,Belleza
4964401,16-12-2025,CANCELADO,STARKEN,,COQUIMBO,MONTE PATRIA,43350,,15980,7520.8,0,20-12-2025,,"Moda, Belleza, Otro"
4963641,16-12-2025,NOVEDAD SOLUCIONADA,STARKEN,260092665,BIO - BIO,TALCAHUANO,26990,,7200,6842.5,0,17-12-2025,NO SE UBICA DESTINATARIO,Salud
4963317,16-12-2025,ENTREGADO,STARKEN,260001282,LOS RIOS,VALDIVIA,20990,9147.5,5000,6842.5,0,17-12-2025,,"Cocina, Hogar"
4963184,16-12-2025,NOVEDAD SOLUCIONADA,STARKEN,260088152,METROPOLITANA DE SANTIAGO,SAN BERNARDO,28900,,7990,5474,0,17-12-2025,RECHAZADO POR CLIENTE,"Moda, Belleza, Otro"
4963080,16-12-2025,NOVEDAD SOLUCIONADA,STARKEN,260540772,LIBERTADOR GENERAL BERNARDO O`HIGGINS,RANCAGUA,26900,,7990,6426,0,23-12-2025,RECHAZADO POR CLIENTE,Belleza
4962958,16-12-2025,CANCELADO,STARKEN,,COQUIMBO,MONTE PATRIA,26900,,7990,7520.8,0,17-12-2025,,Belleza
4962798,16-12-2025,EN REPARTO A DOMICILIO,STARKEN,260088169,ANTOFAGASTA,CALAMA,28900,,7990,7259,0,17-12-2025,,"Moda, Belleza, Otro"
4962126,15-12-2025,EN DESTINO,STARKEN,260061658,LOS LAGOS,PUERTO MONTT,28900,,9750,6842.5,0,18-12-2025,DIRECCION INCORRECTA,Belleza
4962060,15-12-2025,ENTREGADO,STARKEN,260088267,ANTOFAGASTA,MARIA ELENA,28900,11568.5,7990,9341.5,0,17-12-2025,,"Moda, Belleza, Otro"
4962038,15-12-2025,CANCELADO,STARKEN,,MAULE,TALCA,26900,,7990,6842.5,0,20-12-2025,,Belleza
4962034,15-12-2025,CANCELADO,STARKEN,,MAULE,MOLINA,26900,,7990,7592.2,0,15-12-2025,,Belleza
4961827,15-12-2025,CERRADO CON PROBLEMA CONTACTAR CON EJECUTIVO,STARKEN,260093484,ANTOFAGASTA,CALAMA,53980,,21600,7259,0,17-12-2025,,Salud
4961581,15-12-2025,ENTREGADO,STARKEN,260088289,COQUIMBO,COQUIMBO,43350,20587,15980,6783,0,17-12-2025,,"Moda, Belleza, Otro"
4961544,15-12-2025,ENTREGADO,STARKEN,260079983,VALPARAISO,QUILPUE,20990,10814,3750,6426,0,17-12-2025,,"Belleza, Bienestar"
4961302,15-12-2025,CANCELADO,STARKEN,,ANTOFAGASTA,ANTOFAGASTA,43350,,15980,7259,0,15-12-2025,,"Moda, Belleza, Otro"
4961190,15-12-2025,ENTREGADO,BLUE,2177384414,ANTOFAGASTA,ANTOFAGASTA,24900,9771.09,6300,8828.91,0,17-12-2025,,Salud
4961150,15-12-2025,ENTREGADO,STARKEN,260080743,BIO - BIO,LOTA,20990,9147.5,5000,6842.5,0,18-12-2025,DIRECCION INCORRECTA,"Cocina, Hogar"
4961074,15-12-2025,GUIA_ANULADA,STARKEN,260540812,ATACAMA,VALLENAR,26900,,7990,7520.8,0,24-12-2025,,Belleza
4960805,15-12-2025,EN DESTINO,STARKEN,260093587,METROPOLITANA DE SANTIAGO,MAIPU,26990,,7200,5474,0,17-12-2025,RECHAZADO POR CLIENTE,Salud
4960766,15-12-2025,CANCELADO,STARKEN,,METROPOLITANA DE SANTIAGO,MAIPU,40485,,14400,5474,0,15-12-2025,,Salud
4960759,15-12-2025,EN DESTINO,STARKEN,260188331,METROPOLITANA DE SANTIAGO,TILTIL,40485,,14400,6664,0,18-12-2025,RECHAZADO POR CLIENTE,Salud
4960732,15-12-2025,CANCELADO,STARKEN,,ANTOFAGASTA,ANTOFAGASTA,26990,,7200,7259,0,16-12-2025,,Salud
4960075,15-12-2025,EN DESTINO,STARKEN,259994455,METROPOLITANA DE SANTIAGO,EL BOSQUE,26990,,7200,5474,0,16-12-2025,RECHAZADO POR CLIENTE,Salud
4959406,15-12-2025,ENTREGADO,STARKEN,259994478,METROPOLITANA DE SANTIAGO,LO BARNECHEA,26990,14316,7200,5474,0,16-12-2025,,Salud
4959213,15-12-2025,CANCELADO,STARKEN,,BIO - BIO,CORONEL,26900,,7990,6842.5,0,17-12-2025,,Belleza
4958978,15-12-2025,CANCELADO,STARKEN,,ARAUCANIA,VICTORIA,26900,,7990,6842.5,0,15-12-2025,,Belleza
4958941,15-12-2025,CANCELADO,STARKEN,,MAULE,CURICO,29900,,7700,6842.5,0,17-12-2025,,"Cocina, Hogar, Camping"
4958600,15-12-2025,ENTREGADO,STARKEN,260080034,METROPOLITANA DE SANTIAGO,LAS CONDES,20990,11766,3750,5474,0,17-12-2025,,"Belleza, Bienestar"
4958132,15-12-2025,CANCELADO,STARKEN,,ARAUCANIA,VICTORIA,26900,,7990,6842.5,0,16-12-2025,,Belleza
4957278,15-12-2025,EN DESTINO,STARKEN,259993654,COQUIMBO,SALAMANCA,53980,,21600,7520.8,0,16-12-2025,,Salud
4957211,15-12-2025,ENTREGADO,STARKEN,260001292,ARAUCANIA,LONCOCHE,20990,8397.8,5000,7592.2,0,17-12-2025,,"Cocina, Hogar"
4957082,15-12-2025,ENTREGADO,STARKEN,260080053,ARAUCANIA,VILLARRICA,20990,10397.5,3750,6842.5,0,17-12-2025,,"Belleza, Bienestar"
4956910,15-12-2025,ENTREGADO,STARKEN,260001297,ARAUCANIA,LONCOCHE,20990,8397.8,5000,7592.2,0,17-12-2025,,"Cocina, Hogar"
4956621,15-12-2025,ENTREGADO,STARKEN,260080080,METROPOLITANA DE SANTIAGO,VITACURA,20990,11766,3750,5474,0,17-12-2025,,"Belleza, Bienestar"
4956588,15-12-2025,CANCELADO,STARKEN,,METROPOLITANA DE SANTIAGO,VITACURA,20990,,3750,5474,0,15-12-2025,,"Belleza, Bienestar"
4956563,15-12-2025,ENTREGADO,STARKEN,260001344,METROPOLITANA DE SANTIAGO,COLINA,20990,10040,5000,5950,0,16-12-2025,,"Cocina, Hogar"
4956361,15-12-2025,GUIA_ANULADA,STARKEN,260540919,LOS LAGOS,PUERTO MONTT,26900,,7990,6842.5,0,24-12-2025,,Belleza
4955637,15-12-2025,INGRESO CAMION,BLUE,2178622386,LIBERTADOR GENERAL BERNARDO O`HIGGINS,PEUMO,24900,,6300,7838.33,0,18-12-2025,DIRECCION INUBICABLE,Salud
4955627,15-12-2025,NOVEDAD SOLUCIONADA,STARKEN,260005854,ANTOFAGASTA,ANTOFAGASTA,26900,,7000,7259,0,17-12-2025,RECHAZADO POR CLIENTE,"Belleza, Hogar, Otro"
4955511,15-12-2025,ENTREGADO,STARKEN,260080062,ARAUCANIA,VILLARRICA,20990,10397.5,3750,6842.5,0,17-12-2025,,"Belleza, Bienestar"
4955331,15-12-2025,NOVEDAD SOLUCIONADA,STARKEN,260061762,MAULE,PARRAL,28900,,9750,7592.2,0,18-12-2025,RECHAZADO POR CLIENTE,Belleza
4954978,15-12-2025,EN DESTINO,STARKEN,259993662,VALPARAISO,VILLA ALEMANA,40485,,14400,6426,0,16-12-2025,RECHAZADO POR CLIENTE,Salud
4954597,15-12-2025,ENTREGADO,STARKEN,259993688,ATACAMA,COPIAPO,26990,13007,7200,6783,0,16-12-2025,,Salud
4953887,15-12-2025,ENTREGADO,STARKEN,260132291,VALPARAISO,LIMACHE,29900,15107.6,7700,7092.4,0,19-12-2025,,"Cocina, Hogar, Camping"
4953758,15-12-2025,ENTREGADO,STARKEN,260088401,VALPARAISO,OLMUE,43350,20277.6,15980,7092.4,0,17-12-2025,,"Moda, Belleza, Otro"
4953487,15-12-2025,ENTREGADO,STARKEN,260042835,VALPARAISO,QUILPUE,29900,15774,7700,6426,0,17-12-2025,,"Cocina, Hogar, Camping"
4952904,15-12-2025,GUIA_ANULADA,STARKEN,260540929,LOS LAGOS,PUERTO MONTT,26900,,7990,6842.5,0,24-12-2025,,Belleza
4952861,15-12-2025,CANCELADO,STARKEN,,LOS LAGOS,PUERTO MONTT,26900,,7990,6842.5,0,16-12-2025,,Belleza
4952713,15-12-2025,ENTREGADO,STARKEN,260001355,ARAUCANIA,PUCON,20990,8397.8,5000,7592.2,0,17-12-2025,,"Cocina, Hogar"
4952264,15-12-2025,CANCELADO,STARKEN,,VALPARAISO,QUILPUE,20990,,3750,6426,0,15-12-2025,,"Belleza, Bienestar"
4951459,15-12-2025,CANCELADO,STARKEN,,ANTOFAGASTA,MARIA ELENA,26900,,7990,9341.5,0,16-12-2025,,Belleza
4951392,15-12-2025,CANCELADO,STARKEN,,METROPOLITANA DE SANTIAGO,EL BOSQUE,26900,,7990,5474,0,17-12-2025,,Belleza
4950987,15-12-2025,GUIA_ANULADA,STARKEN,260540946,METROPOLITANA DE SANTIAGO,COLINA,26900,,7990,5950,0,24-12-2025,,Belleza
4950781,15-12-2025,NOVEDAD SOLUCIONADA,VELOCES,V4002000460,METROPOLITANA DE SANTIAGO,PUENTE ALTO,28900,,7990,5355,0,26-12-2025,Pedido cancelado por  el cliente,"Moda, Belleza, Otro"
4950748,15-12-2025,CANCELADO,STARKEN,,MAULE,CURICO,28900,,7990,6842.5,0,15-12-2025,,"Moda, Belleza, Otro"
4950627,15-12-2025,GUIA_ANULADA,STARKEN,260543529,ÑUBLE,CHILLAN,26900,,7990,6842.5,0,24-12-2025,,Belleza
4950093,15-12-2025,CANCELADO,STARKEN,,VALPARAISO,VINA DEL MAR,28900,,9750,6426,0,16-12-2025,,Belleza
4949753,15-12-2025,NOVEDAD SOLUCIONADA,STARKEN,260088424,VALPARAISO,QUILLOTA,28900,,7990,6426,0,17-12-2025,DIRECCION INCORRECTA,"Moda, Belleza, Otro"
4949266,14-12-2025,EN DESTINO,STARKEN,259992009,METROPOLITANA DE SANTIAGO,SAN MIGUEL,26990,,7200,5474,0,16-12-2025,RECHAZADO POR CLIENTE,Salud
4949080,14-12-2025,INGRESO CAMION,BLUE,2177771094,BIO - BIO,SAN PEDRO DE LA PAZ,43350,,15980,7727.62,0,17-12-2025,DESTINATARIO RECHAZA ENTREGA,"Moda, Belleza, Otro"
4949010,14-12-2025,ENTREGADO,STARKEN,260079010,LIBERTADOR GENERAL BERNARDO O`HIGGINS,QUINTA DE TILCOCO,29900,14108,7700,8092,0,17-12-2025,,"Cocina, Hogar, Camping"
4948721,14-12-2025,CANCELADO,STARKEN,,METROPOLITANA DE SANTIAGO,SAN PEDRO,28900,,7990,5474,0,17-12-2025,,"Moda, Belleza, Otro"
4948613,14-12-2025,CANCELADO,STARKEN,,METROPOLITANA DE SANTIAGO,LO BARNECHEA,31485,,7500,5474,0,16-12-2025,,"Belleza, Bienestar"
4947846,14-12-2025,ENTREGADO,STARKEN,260001384,ARAUCANIA,ANGOL,20990,9147.5,5000,6842.5,0,17-12-2025,,"Cocina, Hogar"
4947538,14-12-2025,NOVEDAD SOLUCIONADA,STARKEN,260080143,ARAUCANIA,TEMUCO,20990,,3750,6842.5,0,17-12-2025,RECHAZADO POR CLIENTE,"Belleza, Bienestar"
4947508,14-12-2025,NOVEDAD SOLUCIONADA,BLUE,2177384565,COQUIMBO,LOS VILOS,24900,,6300,7838.33,0,17-12-2025,DESTINATARIO RECHAZA ENTREGA,Salud
4946675,14-12-2025,ENTREGADO,STARKEN,259989303,ANTOFAGASTA,CALAMA,40485,18826,14400,7259,0,16-12-2025,,Salud
4946620,14-12-2025,ENTREGADO,STARKEN,259989330,ANTOFAGASTA,CALAMA,40485,18826,14400,7259,0,16-12-2025,,Salud
4946251,14-12-2025,CANCELADO,STARKEN,,LOS LAGOS,FRESIA,40485,,14400,6842.5,0,16-12-2025,,Salud
4946201,14-12-2025,NOVEDAD SOLUCIONADA,STARKEN,259989350,ANTOFAGASTA,ANTOFAGASTA,26990,,7200,7259,0,16-12-2025,RECHAZADO POR CLIENTE,Salud
4946167,14-12-2025,CANCELADO,STARKEN,,ANTOFAGASTA,ANTOFAGASTA,26990,,7200,7259,0,16-12-2025,,Salud
4945986,14-12-2025,GUIA_ANULADA,STARKEN,260541084,METROPOLITANA DE SANTIAGO,SANTIAGO,26900,,7990,5474,0,24-12-2025,,Belleza
4945885,14-12-2025,ENTREGADO,STARKEN,260080133,VALPARAISO,VALPARAISO,20990,10814,3750,6426,0,17-12-2025,,"Belleza, Bienestar"
4945131,14-12-2025,ENTREGADO,STARKEN,259988163,VALPARAISO,SAN ANTONIO,26900,13474,7000,6426,0,17-12-2025,,"Belleza, Hogar, Otro"
4944898,14-12-2025,CANCELADO,STARKEN,,LOS LAGOS,CASTRO,28900,,9750,6842.5,0,14-12-2025,,Belleza
4944512,14-12-2025,ENTREGADO,STARKEN,260061780,ANTOFAGASTA,ANTOFAGASTA,28900,11891,9750,7259,0,18-12-2025,,Belleza
4944503,14-12-2025,ENTREGADO,STARKEN,260039155,LIBERTADOR GENERAL BERNARDO O`HIGGINS,RANCAGUA,29900,15774,7700,6426,0,17-12-2025,,"Cocina, Hogar, Camping"
4944330,14-12-2025,GUIA_ANULADA,STARKEN,260541128,ATACAMA,COPIAPO,26900,,7990,6783,0,24-12-2025,,Belleza
4944164,14-12-2025,NOVEDAD SOLUCIONADA,STARKEN,260088463,METROPOLITANA DE SANTIAGO,LA PINTANA,28900,,7990,5474,0,17-12-2025,RECHAZADO POR CLIENTE,"Moda, Belleza, Otro"
4943946,14-12-2025,NOVEDAD SOLUCIONADA,STARKEN,259986531,VALPARAISO,LOS ANDES,31485,,7500,6426,0,17-12-2025,RECHAZADO POR CLIENTE,"Belleza, Bienestar"
4943435,14-12-2025,CANCELADO,STARKEN,,MAULE,CURICO,20990,,5000,6842.5,0,17-12-2025,,"Cocina, Hogar"
4943412,14-12-2025,ENTREGADO,STARKEN,259986556,METROPOLITANA DE SANTIAGO,SAN JOAQUIN,20990,11766,3750,5474,0,18-12-2025,,"Belleza, Bienestar"
4943203,14-12-2025,CANCELADO,BLUE,,LIBERTADOR GENERAL BERNARDO O`HIGGINS,CHIMBARONGO,24900,,6300,9731.55,0,14-12-2025,,Salud
4943131,14-12-2025,CANCELADO,BLUE,,ANTOFAGASTA,ANTOFAGASTA,37350,,12600,8828.91,0,17-12-2025,,Salud
4942780,14-12-2025,ENTREGADO,STARKEN,259985686,ATACAMA,COPIAPO,20990,9207,5000,6783,0,17-12-2025,,"Cocina, Hogar"
4942705,14-12-2025,ENTREGADO,STARKEN,259986193,LOS LAGOS,CASTRO,40485,19242.5,14400,6842.5,0,16-12-2025,,Salud
4942436,14-12-2025,GUIA_ANULADA,STARKEN,260541138,ANTOFAGASTA,ANTOFAGASTA,26900,,7990,7259,0,24-12-2025,,Belleza
4942401,14-12-2025,ENTREGADO,STARKEN,260088480,METROPOLITANA DE SANTIAGO,SAN MIGUEL,43350,21896,15980,5474,0,17-12-2025,,"Moda, Belleza, Otro"
4942141,14-12-2025,ENTREGADO,STARKEN,259986231,ARAUCANIA,VILLARRICA,26990,12947.5,7200,6842.5,0,16-12-2025,,Salud
4941761,14-12-2025,CANCELADO,STARKEN,,BIO - BIO,LOS ANGELES,20990,,5000,6842.5,0,16-12-2025,,"Cocina, Hogar"
4941725,14-12-2025,ENTREGADO,STARKEN,260094481,METROPOLITANA DE SANTIAGO,MELIPILLA,40485,19421,14400,6664,0,17-12-2025,,Salud
4941635,14-12-2025,CANCELADO,STARKEN,,LOS LAGOS,PUERTO MONTT,26900,,7990,6842.5,0,17-12-2025,,Belleza
4941530,14-12-2025,ENTREGADO,STARKEN,259986247,ANTOFAGASTA,ANTOFAGASTA,40485,18826,14400,7259,0,16-12-2025,,Salud
4941500,14-12-2025,ENTREGADO,STARKEN,259985694,METROPOLITANA DE SANTIAGO,COLINA,20990,10040,5000,5950,0,16-12-2025,,"Cocina, Hogar"
4941333,14-12-2025,ENTREGADO,STARKEN,260088485,LOS RIOS,LANCO,28900,14067.5,7990,6842.5,0,17-12-2025,,"Moda, Belleza, Otro"
4941276,14-12-2025,CANCELADO,STARKEN,,METROPOLITANA DE SANTIAGO,MAIPU,28900,,7990,5474,0,14-12-2025,,"Moda, Belleza, Otro"
4940935,14-12-2025,EN DESTINO,STARKEN,260061788,METROPOLITANA DE SANTIAGO,SAN MIGUEL,28900,,9750,5474,0,18-12-2025,RECHAZADO POR CLIENTE,Belleza
4939970,14-12-2025,ENTREGADO,BLUE,2176831171,COQUIMBO,LA SERENA,24900,10550.35,6300,8049.65,0,17-12-2025,,Salud
4939885,14-12-2025,EN TRANSITO,STARKEN,260061794,BIO - BIO,PENCO,28900,,9750,6842.5,0,18-12-2025,,Belleza
4939596,14-12-2025,ENTREGADO,STARKEN,259984383,BIO - BIO,LOS ANGELES,31485,17142.5,7500,6842.5,0,16-12-2025,,"Belleza, Bienestar"
4939432,14-12-2025,DEVOLUCION,BLUE,2176831182,LIBERTADOR GENERAL BERNARDO O`HIGGINS,RANCAGUA,37350,,12600,7530.14,7530.14,17-12-2025,DESTINATARIO RECHAZA ENTREGA,Salud
4939345,14-12-2025,ENTREGADO,STARKEN,260094477,BIO - BIO,TOME,26990,12197.8,7200,7592.2,0,17-12-2025,,Salud
4939304,14-12-2025,ENTREGADO,STARKEN,260061798,VALPARAISO,VINA DEL MAR,28900,12724,9750,6426,0,19-12-2025,,Belleza
4938987,14-12-2025,GUIA_ANULADA,STARKEN,260541116,ARAUCANIA,TEMUCO,26900,,7990,6842.5,0,24-12-2025,,Belleza
4938586,14-12-2025,CANCELADO,STARKEN,,METROPOLITANA DE SANTIAGO,CERRILLOS,31485,,7500,5474,0,14-12-2025,,"Belleza, Bienestar"
4938273,14-12-2025,CANCELADO,BLUE,,ANTOFAGASTA,MEJILLONES,24900,,6300,11679.7,0,19-12-2025,,Salud
4938225,14-12-2025,CANCELADO,STARKEN,,MAULE,ROMERAL,26900,,7990,7592.2,0,14-12-2025,,Belleza
4938196,14-12-2025,CANCELADO,STARKEN,,MAULE,ROMERAL,26900,,7990,7592.2,0,14-12-2025,,Belleza
4938170,14-12-2025,ENTREGADO,BLUE,2179050064,VALPARAISO,VILLA ALEMANA,35880,17904,11550,6426,0,19-12-2025,,"Cocina, Hogar, Camping"
4938163,14-12-2025,ENTREGADO,STARKEN,259986320,LIBERTADOR GENERAL BERNARDO O`HIGGINS,PICHILEMU,26990,11698,7200,8092,0,16-12-2025,,Salud
4938108,14-12-2025,ENTREGADO,STARKEN,259985721,COQUIMBO,COQUIMBO,20990,9207,5000,6783,0,17-12-2025,,"Cocina, Hogar"
4938089,14-12-2025,ENTREGADO,STARKEN,259985726,METROPOLITANA DE SANTIAGO,RENCA,20990,10516,5000,5474,0,16-12-2025,,"Cocina, Hogar"
4938040,14-12-2025,CANCELADO,STARKEN,,MAULE,MOLINA,28900,,7990,7592.2,0,16-12-2025,,"Moda, Belleza, Otro"
4937713,14-12-2025,GUIA_ANULADA,STARKEN,260541169,ANTOFAGASTA,CALAMA,26900,,7990,7259,0,24-12-2025,,Belleza
4937664,14-12-2025,CANCELADO,STARKEN,,METROPOLITANA DE SANTIAGO,RENCA,28900,,9750,5474,0,17-12-2025,,Belleza
4937477,14-12-2025,EN DESTINO,STARKEN,259983028,VALPARAISO,VALPARAISO,43350,,15980,6426,0,17-12-2025,RECHAZADO POR CLIENTE,"Moda, Belleza, Otro"
4937408,14-12-2025,GUIA_ANULADA,STARKEN,260541181,MAULE,CONSTITUCION,26900,,7990,7592.2,0,24-12-2025,,Belleza
4937207,14-12-2025,ENTREGADO,STARKEN,259983032,ANTOFAGASTA,CALAMA,43350,20111,15980,7259,0,17-12-2025,,"Moda, Belleza, Otro"
4937154,14-12-2025,GUIA_ANULADA,STARKEN,260541187,ANTOFAGASTA,CALAMA,26900,,7990,7259,0,24-12-2025,,Belleza
4937144,14-12-2025,CANCELADO,STARKEN,,ANTOFAGASTA,CALAMA,26900,,7990,7259,0,16-12-2025,,Belleza
4937126,14-12-2025,ENTREGADO,STARKEN,259985745,VALPARAISO,QUILPUE,20990,9564,5000,6426,0,17-12-2025,,"Cocina, Hogar"
4937043,14-12-2025,ENTREGADO,STARKEN,259982267,VALPARAISO,QUILPUE,28900,14484,7990,6426,0,17-12-2025,,"Moda, Belleza, Otro"
4937009,14-12-2025,CANCELADO,STARKEN,,METROPOLITANA DE SANTIAGO,SAN MIGUEL,40485,,14400,5474,0,16-12-2025,,Salud
4936231,13-12-2025,CANCELADO,STARKEN,,LOS RIOS,VALDIVIA,26900,,7990,6842.5,0,13-12-2025,,Belleza
4935956,13-12-2025,CANCELADO,STARKEN,,VALPARAISO,EL QUISCO,28900,,7990,7092.4,0,13-12-2025,,"Moda, Belleza, Otro"
4935814,13-12-2025,GUIA_ANULADA,BLUE,2181317880,BIO - BIO,HUALPEN,26900,,7990,8049.65,0,24-12-2025,,Belleza
4935687,13-12-2025,GUIA_ANULADA,STARKEN,260541197,ARAUCANIA,PUCON,26900,,7990,7592.2,0,24-12-2025,,Belleza
4935678,13-12-2025,GUIA_ANULADA,STARKEN,260541244,METROPOLITANA DE SANTIAGO,PROVIDENCIA,26900,,7990,5474,0,24-12-2025,,Belleza
4935643,13-12-2025,CANCELADO,STARKEN,,METROPOLITANA DE SANTIAGO,PROVIDENCIA,26900,,7990,5474,0,13-12-2025,,Belleza
4935604,13-12-2025,NOVEDAD SOLUCIONADA,BLUE,2176831322,ATACAMA,COPIAPO,37350,,12600,8309.4,0,17-12-2025,DIRECCION INUBICABLE,Salud
4935366,13-12-2025,GUIA_ANULADA,STARKEN,260541231,METROPOLITANA DE SANTIAGO,SAN MIGUEL,26900,,7990,5474,0,24-12-2025,,Belleza
4935351,13-12-2025,CANCELADO,STARKEN,,METROPOLITANA DE SANTIAGO,SAN MIGUEL,26900,,7990,5474,0,13-12-2025,,Belleza
4935314,13-12-2025,ENTREGADO,STARKEN,259984373,ANTOFAGASTA,TOCOPILLA,31485,14643.5,7500,9341.5,0,16-12-2025,,"Belleza, Bienestar"
4935209,13-12-2025,CANCELADO,BLUE,,METROPOLITANA DE SANTIAGO,NUNOA,24900,,6300,5971.62,0,16-12-2025,,Salud
4935163,13-12-2025,CANCELADO,STARKEN,,ARAUCANIA,TEMUCO,28900,,9750,6842.5,0,13-12-2025,,Belleza
4933583,13-12-2025,ENTREGADO,STARKEN,259887678,BIO - BIO,LOS ANGELES,26900,12067.5,7990,6842.5,0,16-12-2025,,Belleza
4930251,13-12-2025,ENTREGADO,BLUE,2176831440,ARAUCANIA,TEMUCO,24900,10420.48,6300,8179.52,0,17-12-2025,,Salud
4930145,13-12-2025,ENTREGADO,STARKEN,259865777,VALPARAISO,QUINTERO,28900,13817.6,7990,7092.4,0,16-12-2025,,"Moda, Belleza, Otro"
4930112,13-12-2025,ENTREGADO,STARKEN,259988180,COQUIMBO,LA SERENA,26900,13117,7000,6783,0,16-12-2025,,"Belleza, Hogar, Otro"
4930071,13-12-2025,ENTREGADO,STARKEN,259984539,VALPARAISO,VALPARAISO,20990,10814,3750,6426,0,16-12-2025,,"Belleza, Bienestar"
4929949,13-12-2025,ENTREGADO,BLUE,2176831462,ÑUBLE,YUNGAY,24900,8089.19,6300,10510.81,0,17-12-2025,,Salud
4929807,13-12-2025,EN DESTINO,STARKEN,259982346,METROPOLITANA DE SANTIAGO,LA PINTANA,43350,,15980,5474,0,16-12-2025,RECHAZADO POR CLIENTE,"Moda, Belleza, Otro"
4929801,13-12-2025,ENTREGADO,STARKEN,259984535,ANTOFAGASTA,CALAMA,20990,9981,3750,7259,0,16-12-2025,,"Belleza, Bienestar"
4929416,13-12-2025,CANCELADO,STARKEN,,METROPOLITANA DE SANTIAGO,MAIPU,28900,,7990,5474,0,16-12-2025,,"Moda, Belleza, Otro"
4929325,13-12-2025,ENTREGADO,BLUE,2177384646,ANTOFAGASTA,SAN PEDRO DE ATACAMA,24900,6920.3,6300,11679.7,0,17-12-2025,,Salud
4929288,13-12-2025,CANCELADO,STARKEN,,VALPARAISO,VINA DEL MAR,26900,,7990,6426,0,16-12-2025,,Belleza
4928917,13-12-2025,CANCELADO,STARKEN,,METROPOLITANA DE SANTIAGO,MAIPU,28900,,7990,5474,0,16-12-2025,,"Moda, Belleza, Otro"
4928660,13-12-2025,ENTREGADO,STARKEN,259982351,MAULE,CURICO,28900,14067.5,7990,6842.5,0,16-12-2025,,"Moda, Belleza, Otro"
4928436,13-12-2025,EN DESTINO,STARKEN,259982379,METROPOLITANA DE SANTIAGO,PENALOLEN,28900,,7990,5474,0,16-12-2025,RECHAZADO POR CLIENTE,"Moda, Belleza, Otro"
4927817,13-12-2025,ENTREGADO,STARKEN,259983076,METROPOLITANA DE SANTIAGO,MELIPILLA,28900,14246,7990,6664,0,16-12-2025,,"Moda, Belleza, Otro"
4927592,13-12-2025,ENTREGADO,STARKEN,259989551,ANTOFAGASTA,ANTOFAGASTA,40485,18826,14400,7259,0,16-12-2025,,Salud
4927478,13-12-2025,ENTREGADO,STARKEN,259985762,ATACAMA,VALLENAR,20990,8469.2,5000,7520.8,0,17-12-2025,,"Cocina, Hogar"
4927293,13-12-2025,ENTREGADO,STARKEN,259886539,ANTOFAGASTA,ANTOFAGASTA,26990,12531,7200,7259,0,15-12-2025,,Salud
4926935,13-12-2025,ENTREGADO,BLUE,2175987575,LIBERTADOR GENERAL BERNARDO O`HIGGINS,MOSTAZAL,26900,11379.86,7990,7530.14,0,16-12-2025,,Belleza
4926282,13-12-2025,ENTREGADO,BLUE,2175820824,BIO - BIO,HUALPEN,26990,11740.35,7200,8049.65,0,15-12-2025,,Salud
4925741,13-12-2025,EN DESTINO,STARKEN,259888044,METROPOLITANA DE SANTIAGO,TALAGANTE,28900,,9750,5950,0,16-12-2025,DIRECCION INCORRECTA,Belleza
4925622,13-12-2025,NOVEDAD SOLUCIONADA,VELOCES,V4001982788,METROPOLITANA DE SANTIAGO,PUENTE ALTO,28900,,7990,5355,0,23-12-2025,Mercancia no solicitada,"Moda, Belleza, Otro"
4925285,13-12-2025,EN REPARTO A DOMICILIO,STARKEN,259866210,ANTOFAGASTA,ANTOFAGASTA,28900,,7990,7259,0,16-12-2025,,"Moda, Belleza, Otro"
4925212,13-12-2025,ENTREGADO,STARKEN,259833280,VALPARAISO,EL TABO,20990,8897.6,5000,7092.4,0,15-12-2025,,"Cocina, Hogar"
4925177,13-12-2025,EN TRANSITO,STARKEN,259862180,ANTOFAGASTA,CALAMA,26900,,7000,7259,0,17-12-2025,RECHAZADO POR CLIENTE,"Belleza, Hogar, Otro"
4924716,13-12-2025,ENTREGADO,STARKEN,259990424,MAULE,LINARES,40485,18492.8,14400,7592.2,0,16-12-2025,,Salud
4924614,13-12-2025,EN PROCESO DE RECEPCION,STARKEN,259866260,BIO - BIO,LOS ANGELES,28900,,7990,6842.5,0,16-12-2025,RECHAZADO POR CLIENTE,"Moda, Belleza, Otro"
4924571,13-12-2025,NOVEDAD SOLUCIONADA,VELOCES,V4001982803,METROPOLITANA DE SANTIAGO,PUENTE ALTO,43350,,15980,5355,0,23-12-2025,Reprogramar entrega,"Moda, Belleza, Otro"
4924452,12-12-2025,NOVEDAD SOLUCIONADA,STARKEN,259834412,VALPARAISO,EL TABO,20990,,5000,7092.4,0,16-12-2025,RECHAZADO POR CLIENTE,"Cocina, Hogar"
4924342,12-12-2025,ENTREGADO,STARKEN,259866323,LOS LAGOS,PUERTO VARAS,28900,14067.5,7990,6842.5,0,16-12-2025,,"Moda, Belleza, Otro"
4924014,12-12-2025,NOVEDAD SOLUCIONADA,STARKEN,259990836,BIO - BIO,CONCEPCION,26990,,7200,6842.5,0,16-12-2025,RECHAZADO POR CLIENTE,Salud
4923964,12-12-2025,NOVEDAD SOLUCIONADA,STARKEN,259888113,MAULE,CURICO,28900,,9750,6842.5,0,19-12-2025,RECHAZADO POR CLIENTE,Belleza
4923912,12-12-2025,DEVOLUCION EN BODEGA,VELOCES,V4001982817,METROPOLITANA DE SANTIAGO,PUENTE ALTO,43350,,15980,5355,0,26-12-2025,El cliente no estaba en su domicilio,"Moda, Belleza, Otro"
4923892,12-12-2025,EN DESTINO,STARKEN,259888137,ÑUBLE,CHILLAN,26900,,7990,6842.5,0,16-12-2025,RECHAZADO POR CLIENTE,Belleza
4923888,12-12-2025,ENTREGADO,STARKEN,259888169,BIO - BIO,CONCEPCION,26900,12067.5,7990,6842.5,0,16-12-2025,,Belleza
4923616,12-12-2025,ENTREGADO,STARKEN,259870223,METROPOLITANA DE SANTIAGO,LO BARNECHEA,28900,15436,7990,5474,0,16-12-2025,,"Moda, Belleza, Otro"
4923598,12-12-2025,CANCELADO,STARKEN,,METROPOLITANA DE SANTIAGO,LO BARNECHEA,43350,,15980,5474,0,13-12-2025,,"Moda, Belleza, Otro"
4923281,12-12-2025,ENTREGADO,STARKEN,259888187,VALPARAISO,VALPARAISO,26900,12484,7990,6426,0,16-12-2025,,Belleza
4922858,12-12-2025,NOVEDAD SOLUCIONADA,STARKEN,259763637,ANTOFAGASTA,ANTOFAGASTA,28900,,7990,7259,0,16-12-2025,RECHAZADO POR CLIENTE,"Moda, Belleza, Otro"
4922816,12-12-2025,EN DESTINO,STARKEN,259866371,BIO - BIO,CONCEPCION,28900,,7990,6842.5,0,16-12-2025,RECHAZADO POR CLIENTE,"Moda, Belleza, Otro"
4922795,12-12-2025,CANCELADO,STARKEN,,ANTOFAGASTA,ANTOFAGASTA,26900,,7990,7259,0,12-12-2025,,"Moda, Belleza, Otro"
4922775,12-12-2025,ENTREGADO,BLUE,2175123473,VALPARAISO,QUILPUE,24900,11039.61,6300,7560.39,0,15-12-2025,,Salud
4922671,12-12-2025,CANCELADO,STARKEN,,VALPARAISO,QUINTERO,28900,,9750,7092.4,0,13-12-2025,,Belleza
4922661,12-12-2025,CANCELADO,STARKEN,,VALPARAISO,QUINTERO,28900,,9750,7092.4,0,13-12-2025,,Belleza
4922532,12-12-2025,ENTREGADO,STARKEN,259833236,METROPOLITANA DE SANTIAGO,RECOLETA,20990,10516,5000,5474,0,15-12-2025,,"Cocina, Hogar"
4922250,12-12-2025,ENTREGADO,BLUE,2175123543,ATACAMA,COPIAPO,37350,16440.6,12600,8309.4,0,15-12-2025,,Salud
4921114,12-12-2025,NOVEDAD SOLUCIONADA,BLUE,2175123720,MAULE,CAUQUENES,24900,,6300,9731.55,0,15-12-2025,DESTINATARIO RECHAZA ENTREGA,Salud
4921010,12-12-2025,ENTREGADO,BLUE,2175123731,ANTOFAGASTA,CALAMA,24900,9771.09,6300,8828.91,0,15-12-2025,,Salud
4919796,12-12-2025,EN DESTINO,STARKEN,259866433,METROPOLITANA DE SANTIAGO,SANTIAGO,28900,,7990,5474,0,16-12-2025,RECHAZADO POR CLIENTE,"Moda, Belleza, Otro"
4919495,12-12-2025,EN DESTINO,STARKEN,259866458,ATACAMA,COPIAPO,28900,,7990,6783,0,16-12-2025,RECHAZADO POR CLIENTE,"Moda, Belleza, Otro"
4919370,12-12-2025,ENTREGADO,STARKEN,259833348,BIO - BIO,LOS ALAMOS,20990,8397.8,5000,7592.2,0,15-12-2025,,"Cocina, Hogar"
4919223,12-12-2025,EN DESTINO,STARKEN,259866468,METROPOLITANA DE SANTIAGO,INDEPENDENCIA,28900,,7990,5474,0,16-12-2025,RECHAZADO POR CLIENTE,"Moda, Belleza, Otro"
4919056,12-12-2025,CANCELADO,STARKEN,,METROPOLITANA DE SANTIAGO,PROVIDENCIA,20990,,5000,5474,0,16-12-2025,,"Cocina, Hogar"
4918906,12-12-2025,ENTREGADO,STARKEN,259759798,METROPOLITANA DE SANTIAGO,MAIPU,26990,14316,7200,5474,0,15-12-2025,,Salud
4918555,12-12-2025,ENTREGADO,STARKEN,259738980,ANTOFAGASTA,ANTOFAGASTA,26900,11651,7990,7259,0,15-12-2025,,Belleza
4918180,12-12-2025,ENTREGADO,STARKEN,259760016,LOS LAGOS,OSORNO,53980,25537.5,21600,6842.5,0,15-12-2025,,Salud
4918096,12-12-2025,ENTREGADO,STARKEN,259738990,VALPARAISO,QUILPUE,26900,12484,7990,6426,0,15-12-2025,,Belleza
4917810,12-12-2025,CANCELADO,STARKEN,,ATACAMA,VALLENAR,28900,,7990,7520.8,0,12-12-2025,,"Moda, Belleza, Otro"
4917646,12-12-2025,ENTREGADO,STARKEN,259763920,VALPARAISO,NOGALES,28900,14484,7990,6426,0,16-12-2025,,"Moda, Belleza, Otro"
4917486,12-12-2025,ENTREGADO,STARKEN,259834519,LOS LAGOS,OSORNO,20990,9147.5,5000,6842.5,0,15-12-2025,,"Cocina, Hogar"
4916493,12-12-2025,CANCELADO,STARKEN,,MAULE,TALCA,20990,,5000,6842.5,0,12-12-2025,,"Cocina, Hogar"
4916203,12-12-2025,CANCELADO,VELOCES,,METROPOLITANA DE SANTIAGO,PUENTE ALTO,28900,,7990,5355,0,12-12-2025,,"Moda, Belleza, Otro"
4916113,12-12-2025,ENTREGADO,STARKEN,259824557,METROPOLITANA DE SANTIAGO,QUINTA NORMAL,20990,11766,3750,5474,0,15-12-2025,,"Belleza, Bienestar"
4916088,12-12-2025,CANCELADO,STARKEN,,METROPOLITANA DE SANTIAGO,LA FLORIDA,28900,,9750,5474,0,16-12-2025,,Belleza
4915732,12-12-2025,ENTREGADO,STARKEN,259833375,LIBERTADOR GENERAL BERNARDO O`HIGGINS,RANCAGUA,20990,9564,5000,6426,0,15-12-2025,,"Cocina, Hogar"
4915407,12-12-2025,ENTREGADO,STARKEN,259833384,ANTOFAGASTA,ANTOFAGASTA,20990,8731,5000,7259,0,15-12-2025,,"Cocina, Hogar"
4915295,12-12-2025,ENTREGADO,STARKEN,259824561,VALPARAISO,VINA DEL MAR,20990,10814,3750,6426,0,15-12-2025,,"Belleza, Bienestar"
4915273,12-12-2025,ENTREGADO,STARKEN,259755324,LIBERTADOR GENERAL BERNARDO O`HIGGINS,MACHALI,26900,12807.6,7000,7092.4,0,15-12-2025,,"Belleza, Hogar, Otro"
4915261,12-12-2025,ENTREGADO,STARKEN,259833333,ÑUBLE,CHILLAN,20990,9147.5,5000,6842.5,0,15-12-2025,,"Cocina, Hogar"
4914331,12-12-2025,ENTREGADO,STARKEN,259761325,COQUIMBO,ANDACOLLO,26990,12269.2,7200,7520.8,0,15-12-2025,,Salud
4914273,12-12-2025,ENTREGADO,STARKEN,259833335,LOS RIOS,VALDIVIA,20990,9147.5,5000,6842.5,0,15-12-2025,,"Cocina, Hogar"
4914132,12-12-2025,CANCELADO,STARKEN,,METROPOLITANA DE SANTIAGO,CERRILLOS,20990,,3750,5474,0,16-12-2025,,"Belleza, Bienestar"
4913682,12-12-2025,CANCELADO,STARKEN,,ANTOFAGASTA,ANTOFAGASTA,43350,,15980,7259,0,12-12-2025,,"Moda, Belleza, Otro"
4913631,12-12-2025,CANCELADO,STARKEN,,METROPOLITANA DE SANTIAGO,ESTACION CENTRAL,28900,,7990,5474,0,12-12-2025,,"Moda, Belleza, Otro"
4913597,12-12-2025,ENTREGADO,STARKEN,259738991,METROPOLITANA DE SANTIAGO,PENALOLEN,26900,13436,7990,5474,0,15-12-2025,,Belleza
4908557,11-12-2025,EN DESTINO,STARKEN,259764480,METROPOLITANA DE SANTIAGO,RECOLETA,28900,,7990,5474,0,16-12-2025,RECHAZADO POR CLIENTE,"Moda, Belleza, Otro"
4908416,11-12-2025,ENTREGADO,STARKEN,259833409,VALPARAISO,ALGARROBO,20990,8897.6,5000,7092.4,0,15-12-2025,,"Cocina, Hogar"
4908116,11-12-2025,ENTREGADO,STARKEN,259824574,VALPARAISO,SAN FELIPE,20990,10814,3750,6426,0,15-12-2025,,"Belleza, Bienestar"
4908115,11-12-2025,ENTREGADO,STARKEN,259764484,COQUIMBO,COQUIMBO,28900,14127,7990,6783,0,16-12-2025,,"Moda, Belleza, Otro"
4907503,11-12-2025,NOVEDAD SOLUCIONADA,STARKEN,259764522,ANTOFAGASTA,ANTOFAGASTA,28900,,7990,7259,0,16-12-2025,NO SE UBICA DESTINATARIO,"Moda, Belleza, Otro"
4907456,11-12-2025,ENTREGADO,STARKEN,259763142,LOS RIOS,VALDIVIA,26990,12947.5,7200,6842.5,0,15-12-2025,,Salud
4906855,11-12-2025,ENTREGADO,STARKEN,259764506,MAULE,PARRAL,43350,19777.8,15980,7592.2,0,16-12-2025,,"Moda, Belleza, Otro"
4906795,11-12-2025,ENTREGADO,STARKEN,259738999,BIO - BIO,LOTA,26900,12067.5,7990,6842.5,0,15-12-2025,,Belleza
4906064,11-12-2025,ENTREGADO,BLUE,2173822405,METROPOLITANA DE SANTIAGO,ISLA DE MAIPO,20990,10018.38,5000,5971.62,0,12-12-2025,,"Cocina, Hogar"
4906004,11-12-2025,ENTREGADO,BLUE,2173638740,VALPARAISO,VILLA ALEMANA,37350,17189.6,12600,7560.39,0,12-12-2025,,Salud
4905227,11-12-2025,NOVEDAD SOLUCIONADA,STARKEN,259676936,LIBERTADOR GENERAL BERNARDO O`HIGGINS,QUINTA DE TILCOCO,26900,,7990,8092,0,16-12-2025,RECHAZADO POR CLIENTE,Belleza
4905189,11-12-2025,ENTREGADO,STARKEN,259670234,LOS LAGOS,PUERTO MONTT,28900,14067.5,7990,6842.5,0,12-12-2025,,"Moda, Belleza, Otro"
4905140,11-12-2025,ENTREGADO,STARKEN,259662655,LOS LAGOS,PUERTO MONTT,26900,16557.5,3500,6842.5,0,12-12-2025,,"Belleza, Hogar, Otro"
4905072,11-12-2025,CANCELADO,STARKEN,,LOS LAGOS,PUERTO MONTT,26900,,7000,6842.5,0,11-12-2025,,"Belleza, Hogar, Otro"
4904745,11-12-2025,CANCELADO,STARKEN,,COQUIMBO,ANDACOLLO,26900,,7000,7520.8,0,11-12-2025,,"Belleza, Hogar, Otro"
4904365,11-12-2025,ENTREGADO,STARKEN,259858907,ATACAMA,CALDERA,35880,17547,11550,6783,0,16-12-2025,,"Cocina, Hogar, Camping"
4904145,11-12-2025,ENTREGADO,STARKEN,259646813,VALPARAISO,VALPARAISO,20990,10814,3750,6426,0,15-12-2025,,"Belleza, Bienestar"
4903422,11-12-2025,CANCELADO,STARKEN,,LOS LAGOS,PUERTO MONTT,40485,,14400,6842.5,0,16-12-2025,,Salud
4903347,11-12-2025,ENTREGADO,STARKEN,259670934,VALPARAISO,CABILDO,40485,18992.6,14400,7092.4,0,12-12-2025,,Salud
4903202,11-12-2025,ENTREGADO,STARKEN,259645883,VALPARAISO,VILLA ALEMANA,20990,9564,5000,6426,0,12-12-2025,,"Cocina, Hogar"
4902457,11-12-2025,NOVEDAD SOLUCIONADA,STARKEN,259676966,ARAUCANIA,TEMUCO,26900,,7990,6842.5,0,16-12-2025,RECHAZADO POR CLIENTE,Belleza
4902348,11-12-2025,ENTREGADO,STARKEN,259676976,LOS LAGOS,CASTRO,26900,12067.5,7990,6842.5,0,16-12-2025,,Belleza
4902045,11-12-2025,ENTREGADO,STARKEN,259677018,ANTOFAGASTA,ANTOFAGASTA,26900,11651,7990,7259,0,16-12-2025,,Belleza
4901312,11-12-2025,NOVEDAD SOLUCIONADA,STARKEN,259662697,ANTOFAGASTA,ANTOFAGASTA,26900,,7000,7259,0,12-12-2025,RECHAZADO POR CLIENTE,"Belleza, Hogar, Otro"
4901225,11-12-2025,ENTREGADO,BLUE,2173639322,BIO - BIO,LOS ANGELES,37350,16700.36,12600,8049.65,0,12-12-2025,,Salud
4901217,11-12-2025,EN DESTINO,STARKEN,259670493,METROPOLITANA DE SANTIAGO,MAIPU,28900,,7990,5474,0,12-12-2025,RECHAZADO POR CLIENTE,"Moda, Belleza, Otro"
4901161,11-12-2025,ENTREGADO,STARKEN,259645857,METROPOLITANA DE SANTIAGO,MAIPU,20990,10516,5000,5474,0,12-12-2025,,"Cocina, Hogar"
4900952,11-12-2025,CANCELADO,STARKEN,,BIO - BIO,LOS ANGELES,26900,,7990,6842.5,0,13-12-2025,,Belleza
4900611,11-12-2025,CANCELADO,STARKEN,,MAULE,LONGAVI,26900,,7990,7592.2,0,12-12-2025,,Belleza
4900530,11-12-2025,EN DESTINO,STARKEN,259670525,LOS LAGOS,CASTRO,28900,,7990,6842.5,0,12-12-2025,RECHAZADO POR CLIENTE,"Moda, Belleza, Otro"
4900133,10-12-2025,ENTREGADO,STARKEN,259670536,LIBERTADOR GENERAL BERNARDO O`HIGGINS,RENGO,28900,14484,7990,6426,0,12-12-2025,,"Moda, Belleza, Otro"
4900044,10-12-2025,ENTREGADO,STARKEN,259888260,ÑUBLE,CHILLAN,26900,12067.5,7990,6842.5,0,16-12-2025,RECHAZADO POR CLIENTE,Belleza
4899886,10-12-2025,NOVEDAD SOLUCIONADA,STARKEN,259670590,LIBERTADOR GENERAL BERNARDO O`HIGGINS,RENGO,28900,,7990,6426,0,12-12-2025,RECHAZADO POR CLIENTE,"Moda, Belleza, Otro"
4899561,10-12-2025,EN DESTINO,STARKEN,259670618,BIO - BIO,CORONEL,43350,,15980,6842.5,0,12-12-2025,RECHAZADO POR CLIENTE,"Moda, Belleza, Otro"
4899478,10-12-2025,CANCELADO,STARKEN,,LOS LAGOS,CASTRO,40485,,14400,6842.5,0,11-12-2025,,Salud
4899376,10-12-2025,NOVEDAD SOLUCIONADA,STARKEN,259670632,COQUIMBO,LA SERENA,28900,,7990,6783,0,12-12-2025,NO SE UBICA DESTINATARIO,"Moda, Belleza, Otro"
4899371,10-12-2025,ENTREGADO,STARKEN,259888268,LOS RIOS,VALDIVIA,26900,12067.5,7990,6842.5,0,16-12-2025,,Belleza
4899351,10-12-2025,ENTREGADO,STARKEN,259677024,LOS LAGOS,CHONCHI,26900,10187.3,7990,8722.7,0,15-12-2025,,Belleza
4899327,10-12-2025,EN DESTINO,STARKEN,259861009,VALPARAISO,VALPARAISO,29900,,7700,6426,0,17-12-2025,RECHAZADO POR CLIENTE,"Cocina, Hogar, Camping"
4899321,10-12-2025,ENTREGADO,BLUE,2174038134,METROPOLITANA DE SANTIAGO,PUENTE ALTO,26990,14004.46,7200,5785.54,0,12-12-2025,,Salud
4899310,10-12-2025,EN DESTINO,STARKEN,259670659,METROPOLITANA DE SANTIAGO,MAIPU,43350,,15980,5474,0,12-12-2025,RECHAZADO POR CLIENTE,"Moda, Belleza, Otro"
4899275,10-12-2025,CANCELADO,STARKEN,,ARAUCANIA,TEMUCO,26900,,7990,6842.5,0,10-12-2025,,Belleza
4899268,10-12-2025,ENTREGADO,BLUE,2174109814,VALPARAISO,CALERA,28900,11907.9,9750,7242.1,0,13-12-2025,,Belleza
4899207,10-12-2025,CANCELADO,BLUE,,VALPARAISO,CALERA,28900,,7990,7242.1,0,10-12-2025,,"Moda, Belleza, Otro"
4899077,10-12-2025,ENTREGADO,STARKEN,259670664,BIO - BIO,CORONEL,28900,14067.5,7990,6842.5,0,12-12-2025,,"Moda, Belleza, Otro"
4899049,10-12-2025,ENTREGADO,STARKEN,259680206,BIO - BIO,SAN ROSENDO,40900,10177.3,22000,8722.7,0,15-12-2025,DIRECCION INCORRECTA,Otro
4898972,10-12-2025,DEVOLUCION,STARKEN,259670669,LOS LAGOS,PUERTO MONTT,28900,,7990,6842.5,6842.5,12-12-2025,RECHAZADO POR CLIENTE,"Moda, Belleza, Otro"
4898964,10-12-2025,CANCELADO,STARKEN,,LIBERTADOR GENERAL BERNARDO O`HIGGINS,DONIHUE,26990,,7200,7092.4,0,10-12-2025,,Salud
4898752,10-12-2025,ENTREGADO,STARKEN,259645919,VALPARAISO,SANTA MARIA,20990,8897.6,5000,7092.4,0,12-12-2025,,"Cocina, Hogar"
4898715,10-12-2025,EN DESTINO,STARKEN,259670723,METROPOLITANA DE SANTIAGO,INDEPENDENCIA,28900,,7990,5474,0,12-12-2025,RECHAZADO POR CLIENTE,"Moda, Belleza, Otro"
4898703,10-12-2025,EN REPARTO A DOMICILIO,STARKEN,259670765,ANTOFAGASTA,ANTOFAGASTA,28900,,7990,7259,0,12-12-2025,,"Moda, Belleza, Otro"
4897774,10-12-2025,NOVEDAD SOLUCIONADA,STARKEN,259646868,MAULE,CURICO,31485,,7500,6842.5,0,15-12-2025,RECHAZADO POR CLIENTE,"Belleza, Bienestar"
4897719,10-12-2025,CANCELADO,STARKEN,,BIO - BIO,CONCEPCION,26900,,7990,6842.5,0,13-12-2025,,Belleza
4897673,10-12-2025,NOVEDAD SOLUCIONADA,STARKEN,259677039,ARAUCANIA,TEMUCO,26900,,7990,6842.5,0,16-12-2025,DIRECCION INCORRECTA,Belleza
4897606,10-12-2025,ENTREGADO,BLUE,2175124070,MAULE,VILLA ALEGRE,24900,10761.67,6300,7838.33,0,15-12-2025,,Salud
4897591,10-12-2025,CANCELADO,BLUE,,MAULE,VILLA ALEGRE,37350,,12600,7838.33,0,10-12-2025,,Salud
4897468,10-12-2025,ENTREGADO,STARKEN,259888275,LIBERTADOR GENERAL BERNARDO O`HIGGINS,SANTA CRUZ,26900,11817.6,7990,7092.4,0,16-12-2025,,Belleza
4897245,10-12-2025,NOVEDAD SOLUCIONADA,STARKEN,259888290,ANTOFAGASTA,ANTOFAGASTA,26900,,7990,7259,0,16-12-2025,RECHAZADO POR CLIENTE,Belleza
4896979,10-12-2025,CANCELADO,STARKEN,,METROPOLITANA DE SANTIAGO,LA FLORIDA,26900,,7990,5474,0,11-12-2025,,Belleza
4896563,10-12-2025,CANCELADO,BLUE,,ANTOFAGASTA,CALAMA,30000,,6300,8828.91,0,10-12-2025,,Salud
4895967,10-12-2025,ENTREGADO,BLUE,2174048833,COQUIMBO,LA SERENA,24900,10550.35,6300,8049.65,0,12-12-2025,,Salud
4895884,10-12-2025,ENTREGADO,STARKEN,259824583,ANTOFAGASTA,TOCOPILLA,20990,7898.5,3750,9341.5,0,15-12-2025,,"Belleza, Bienestar"
4895609,10-12-2025,ENTREGADO,BLUE,2175124092,BIO - BIO,TALCAHUANO,24900,10550.35,6300,8049.65,0,15-12-2025,,Salud
4895459,10-12-2025,PICK UP HUB,BLUE,2174048866,ÑUBLE,CHILLAN,24900,,6300,8049.65,0,12-12-2025,NADIE EN CASA REITERADO,Salud
4893856,10-12-2025,ENTREGADO,STARKEN,259671082,LIBERTADOR GENERAL BERNARDO O`HIGGINS,DONIHUE,26990,12697.6,7200,7092.4,0,12-12-2025,,Salud
4890747,10-12-2025,ENTREGADO,STARKEN,259677046,VALPARAISO,QUINTERO,26900,11817.6,7990,7092.4,0,17-12-2025,,Belleza
4890663,10-12-2025,CANCELADO,STARKEN,,BIO - BIO,CORONEL,26900,,7990,6842.5,0,13-12-2025,,Belleza
4889949,10-12-2025,ENTREGADO,STARKEN,259645924,BIO - BIO,CONCEPCION,20990,9147.5,5000,6842.5,0,12-12-2025,,"Cocina, Hogar"
4889356,10-12-2025,ENTREGADO,STARKEN,259677051,METROPOLITANA DE SANTIAGO,TALAGANTE,26900,12960,7990,5950,0,17-12-2025,,Belleza
4889112,09-12-2025,DEVOLUCION,BLUE,2172135766,COQUIMBO,COQUIMBO,24900,,6300,8049.65,8049.65,10-12-2025,,Salud
4888936,09-12-2025,ENTREGADO,STARKEN,259442485,BIO - BIO,CONCEPCION,26900,12067.5,7990,6842.5,0,11-12-2025,,Belleza
4888738,09-12-2025,ENTREGADO,STARKEN,259470019,MAULE,TALCA,20990,10397.5,3750,6842.5,0,11-12-2025,,"Belleza, Bienestar"
4888494,09-12-2025,EN DESTINO,STARKEN,259470081,LIBERTADOR GENERAL BERNARDO O`HIGGINS,PICHILEMU,20990,,3750,8092,0,11-12-2025,RECHAZADO POR CLIENTE,"Belleza, Bienestar"
4888479,09-12-2025,CANCELADO,STARKEN,,LIBERTADOR GENERAL BERNARDO O`HIGGINS,PICHILEMU,31485,,7500,8092,0,09-12-2025,,"Belleza, Bienestar"
4888270,09-12-2025,DEVOLUCION,STARKEN,259439783,VALPARAISO,VALPARAISO,20990,,5000,6426,6426,10-12-2025,RECHAZADO POR CLIENTE,"Cocina, Hogar"
4887981,09-12-2025,EN DESTINO,STARKEN,259465453,VALPARAISO,VILLA ALEMANA,28900,,7990,6426,0,10-12-2025,NO SE UBICA DESTINATARIO,"Moda, Belleza, Otro"
4887865,09-12-2025,ENTREGADO,STARKEN,259460624,VALPARAISO,LA CRUZ,26900,13474,7000,6426,0,11-12-2025,,"Belleza, Hogar, Otro"
4887781,09-12-2025,PICK UP HUB,BLUE,2172136061,METROPOLITANA DE SANTIAGO,LA FLORIDA,37350,,12600,5971.62,0,10-12-2025,,Salud
4887626,09-12-2025,ENTREGADO,BLUE,2172062185,LIBERTADOR GENERAL BERNARDO O`HIGGINS,SAN VICENTE,26900,12369.86,7000,7530.14,0,10-12-2025,,"Belleza, Hogar, Otro"
4887044,09-12-2025,DEVOLUCION,STARKEN,259470169,LOS LAGOS,PUERTO MONTT,20990,,3750,6842.5,6842.5,11-12-2025,RECHAZADO POR CLIENTE,"Belleza, Bienestar"
4886878,09-12-2025,ENTREGADO,STARKEN,259496105,LIBERTADOR GENERAL BERNARDO O`HIGGINS,REQUINOA,40485,18393,14000,8092,0,10-12-2025,,"Salud, Bienestar"
4886146,09-12-2025,ENTREGADO,STARKEN,259442497,METROPOLITANA DE SANTIAGO,QUILICURA,28900,13676,9750,5474,0,12-12-2025,,Belleza
4886112,09-12-2025,EN DESTINO,STARKEN,259483166,METROPOLITANA DE SANTIAGO,QUILICURA,29900,,3850,5474,0,11-12-2025,RECHAZADO POR CLIENTE,"Cocina, Hogar, Camping"
4885422,09-12-2025,ENTREGADO,BLUE,2172096883,VALPARAISO,CALERA,43350,20127.9,15980,7242.1,0,12-12-2025,,"Moda, Belleza, Otro"
4885322,09-12-2025,ENTREGADO,STARKEN,259465602,ATACAMA,VALLENAR,28900,13389.2,7990,7520.8,0,10-12-2025,,"Moda, Belleza, Otro"
4885158,09-12-2025,ENTREGADO,STARKEN,259460443,ANTOFAGASTA,SAN PEDRO DE ATACAMA,20990,6648.5,5000,9341.5,0,11-12-2025,,"Cocina, Hogar"
4884747,09-12-2025,ENTREGADO,STARKEN,259465744,METROPOLITANA DE SANTIAGO,PAINE,28900,14960,7990,5950,0,10-12-2025,,"Moda, Belleza, Otro"
4883959,09-12-2025,ENTREGADO,STARKEN,259442507,VALPARAISO,HIJUELAS,26900,12484,7990,6426,0,11-12-2025,,Belleza
4883712,09-12-2025,EN DESTINO,STARKEN,259442508,METROPOLITANA DE SANTIAGO,QUINTA NORMAL,57800,,29250,5474,0,12-12-2025,RECHAZADO POR CLIENTE,Belleza
4883116,09-12-2025,ENTREGADO,STARKEN,259460459,METROPOLITANA DE SANTIAGO,BUIN,20990,10040,5000,5950,0,10-12-2025,,"Cocina, Hogar"
4882673,09-12-2025,ENTREGADO,STARKEN,259442477,METROPOLITANA DE SANTIAGO,SAN BERNARDO,28900,13676,9750,5474,0,12-12-2025,,Belleza
4882554,09-12-2025,ENTREGADO,BLUE,2172137155,BIO - BIO,ARAUCO,24900,10205.8,6300,8394.2,0,10-12-2025,,Salud
4882481,09-12-2025,PICK UP HUB,BLUE,2172137170,ÑUBLE,CHILLAN,24900,,6300,8049.65,0,10-12-2025,DIRECCIÓN INCORRECTA,Salud
4881786,09-12-2025,PENDIENTE CONFIRMACION,STARKEN,,COQUIMBO,LA SERENA,26900,,7990,6783,0,09-12-2025,,Belleza
4881511,09-12-2025,ENTREGADO,STARKEN,259474373,ARAUCANIA,LONCOCHE,20990,8397.8,5000,7592.2,0,10-12-2025,NO SE UBICA DESTINATARIO,"Cocina, Hogar"
4880939,09-12-2025,ENTREGADO,BLUE,2172365381,BIO - BIO,CANETE,26990,9962.23,7000,10027.77,0,10-12-2025,,"Salud, Bienestar"
4879664,09-12-2025,ENTREGADO,BLUE,2172137225,COQUIMBO,OVALLE,24900,10550.35,6300,8049.65,0,10-12-2025,,Salud
4879332,09-12-2025,NOVEDAD SOLUCIONADA,STARKEN,259442520,ANTOFAGASTA,ANTOFAGASTA,28900,,9750,7259,0,11-12-2025,DIRECCION INCORRECTA,Belleza
4878666,09-12-2025,NOVEDAD SOLUCIONADA,STARKEN,259470390,METROPOLITANA DE SANTIAGO,SANTIAGO,20990,,3750,5474,0,11-12-2025,RECHAZADO POR CLIENTE,"Belleza, Bienestar"
4878338,09-12-2025,PENDIENTE CONFIRMACION,STARKEN,,LIBERTADOR GENERAL BERNARDO O`HIGGINS,REQUINOA,28900,,7990,8092,0,09-12-2025,,"Moda, Belleza, Otro"
4877574,09-12-2025,ENTREGADO,STARKEN,259345296,METROPOLITANA DE SANTIAGO,QUINTA NORMAL,28900,15436,7990,5474,0,10-12-2025,,"Moda, Belleza, Otro"
4877537,09-12-2025,PENDIENTE CONFIRMACION,BLUE,,METROPOLITANA DE SANTIAGO,PUENTE ALTO,24900,,6300,5971.62,0,09-12-2025,,Salud
4877473,09-12-2025,ENTREGADO,STARKEN,259336939,BIO - BIO,CONCEPCION,26900,12067.5,7990,6842.5,0,10-12-2025,,Belleza
4877347,09-12-2025,ENTREGADO,STARKEN,259336965,ANTOFAGASTA,CALAMA,26900,11651,7990,7259,0,10-12-2025,,Belleza
4876784,08-12-2025,EN DESTINO,STARKEN,259336985,METROPOLITANA DE SANTIAGO,TALAGANTE,26900,,7990,5950,0,11-12-2025,RECHAZADO POR CLIENTE,Belleza
4876740,08-12-2025,ENTREGADO,STARKEN,259365401,METROPOLITANA DE SANTIAGO,PENAFLOR,28900,13200,9750,5950,0,11-12-2025,,Belleza
4876526,08-12-2025,EN DESTINO,STARKEN,259340980,COQUIMBO,ILLAPEL,26900,,7000,7520.8,0,09-12-2025,,"Belleza, Hogar, Otro"
4876464,08-12-2025,ENTREGADO,STARKEN,259337007,VALPARAISO,VINA DEL MAR,26900,12484,7990,6426,0,12-12-2025,,Belleza
4875590,08-12-2025,ENTREGADO,STARKEN,259337039,VALPARAISO,CONCON,26900,12484,7990,6426,0,12-12-2025,,Belleza
4875034,08-12-2025,PENDIENTE CONFIRMACION,STARKEN,,ANTOFAGASTA,CALAMA,26990,,7000,7259,0,08-12-2025,,"Salud, Bienestar"
4874822,08-12-2025,ENTREGADO,STARKEN,259345371,LOS LAGOS,PUERTO MONTT,28900,14067.5,7990,6842.5,0,10-12-2025,,"Moda, Belleza, Otro"
4874342,08-12-2025,ENTREGADO,STARKEN,259337054,BIO - BIO,TOME,26900,11317.8,7990,7592.2,0,12-12-2025,,Belleza
4872814,08-12-2025,ENTREGADO,STARKEN,259345670,METROPOLITANA DE SANTIAGO,MELIPILLA,28900,14246,7990,6664,0,10-12-2025,,"Moda, Belleza, Otro"
4872682,08-12-2025,NOVEDAD SOLUCIONADA,STARKEN,259319822,ARAUCANIA,TOLTEN,26990,,7000,8722.7,0,10-12-2025,RECHAZADO POR CLIENTE,"Salud, Bienestar"
4872507,08-12-2025,ENTREGADO,STARKEN,259319823,LIBERTADOR GENERAL BERNARDO O`HIGGINS,PEUMO,40485,18393,14000,8092,0,10-12-2025,,"Salud, Bienestar"
4872402,08-12-2025,ENTREGADO,STARKEN,259337097,VALPARAISO,VALPARAISO,26900,12484,7990,6426,0,10-12-2025,,Belleza
4872221,08-12-2025,ENTREGADO,STARKEN,259337110,LOS LAGOS,CALBUCO,28900,12307.5,9750,6842.5,0,12-12-2025,,Belleza
4871678,08-12-2025,ENTREGADO,STARKEN,259338009,LOS LAGOS,PUERTO MONTT,20990,9147.5,5000,6842.5,0,10-12-2025,,"Cocina, Hogar"
4871305,08-12-2025,ENTREGADO,STARKEN,259365414,BIO - BIO,LOS ALAMOS,26900,11317.8,7990,7592.2,0,10-12-2025,,Belleza
4871184,08-12-2025,PENDIENTE CONFIRMACION,STARKEN,,LIBERTADOR GENERAL BERNARDO O`HIGGINS,RANCAGUA,43350,,15980,6426,0,08-12-2025,,"Moda, Belleza, Otro"
4871098,08-12-2025,DEVOLUCION,STARKEN,259377538,VALPARAISO,VALPARAISO,28900,,7990,6426,6426,10-12-2025,RECHAZADO POR CLIENTE,"Moda, Belleza, Otro"
4871027,08-12-2025,ENTREGADO,STARKEN,259337164,BIO - BIO,MULCHEN,26900,11317.8,7990,7592.2,0,10-12-2025,,Belleza
4870791,08-12-2025,ENTREGADO,BLUE,2171081242,ARAUCANIA,LAUTARO,24900,10066.83,6300,8533.17,0,10-12-2025,,Salud
4870564,08-12-2025,ENTREGADO,STARKEN,259345960,ANTOFAGASTA,TOCOPILLA,28900,11568.5,7990,9341.5,0,10-12-2025,,"Moda, Belleza, Otro"
4870387,08-12-2025,NOVEDAD SOLUCIONADA,STARKEN,259345967,LIBERTADOR GENERAL BERNARDO O`HIGGINS,MACHALI,43350,,15980,7092.4,0,10-12-2025,RECHAZADO POR CLIENTE,"Moda, Belleza, Otro"
4870261,08-12-2025,NOVEDAD SOLUCIONADA,STARKEN,259337180,ATACAMA,COPIAPO,28900,,9750,6783,0,10-12-2025,RECHAZADO POR CLIENTE,Belleza
4869896,08-12-2025,ENTREGADO,STARKEN,259338035,VALPARAISO,VALPARAISO,20990,9564,5000,6426,0,10-12-2025,,"Cocina, Hogar"
4869735,08-12-2025,ENTREGADO,STARKEN,259364807,ATACAMA,COPIAPO,20990,9207,5000,6783,0,10-12-2025,,"Cocina, Hogar"
4869168,08-12-2025,ENTREGADO,STARKEN,259338055,BIO - BIO,CORONEL,20990,9147.5,5000,6842.5,0,10-12-2025,,"Cocina, Hogar"
4868632,08-12-2025,PENDIENTE CONFIRMACION,STARKEN,,ÑUBLE,NIQUEN,26990,,7000,8722.7,0,08-12-2025,,"Salud, Bienestar"
4867900,08-12-2025,ENTREGADO,STARKEN,259337241,METROPOLITANA DE SANTIAGO,LAMPA,26900,12960,7990,5950,0,10-12-2025,,Belleza
4867629,08-12-2025,ENTREGADO,STARKEN,259338093,LOS LAGOS,LLANQUIHUE,20990,7267.3,5000,8722.7,0,10-12-2025,,"Cocina, Hogar"
4867109,08-12-2025,NOVEDAD SOLUCIONADA,STARKEN,259346754,ANTOFAGASTA,ANTOFAGASTA,28900,,7990,7259,0,10-12-2025,NO SE UBICA DESTINATARIO,"Moda, Belleza, Otro"
4866611,08-12-2025,ENTREGADO,STARKEN,259337273,BIO - BIO,CONCEPCION,28900,12307.5,9750,6842.5,0,10-12-2025,,Belleza
4866189,08-12-2025,ENTREGADO,STARKEN,259337299,ANTOFAGASTA,ANTOFAGASTA,26900,11651,7990,7259,0,13-12-2025,NO SE UBICA DESTINATARIO,Belleza
4865735,08-12-2025,DEVOLUCION A REMITENTE,BLUE,2170909285,LOS RIOS,MARIQUINA,20990,,3750,8179.52,0,10-12-2025,DESTINATARIO RECHAZA ENTREGA,"Belleza, Bienestar"
4865226,08-12-2025,DEVOLUCION,BLUE,2171081334,LIBERTADOR GENERAL BERNARDO O`HIGGINS,SAN VICENTE,24900,,6300,7838.33,7838.33,10-12-2025,NADIE EN CASA REITERADO,Salud
4864210,08-12-2025,ENTREGADO,STARKEN,259338125,METROPOLITANA DE SANTIAGO,CERRILLOS,20990,10516,5000,5474,0,09-12-2025,,"Cocina, Hogar"
4864127,08-12-2025,ENTREGADO,STARKEN,259319845,LOS LAGOS,CALBUCO,26990,13147.5,7000,6842.5,0,10-12-2025,,"Salud, Bienestar"
4863647,08-12-2025,NOVEDAD SOLUCIONADA,STARKEN,259346852,METROPOLITANA DE SANTIAGO,TALAGANTE,28900,,7990,5950,0,10-12-2025,DIRECCION INCORRECTA,"Moda, Belleza, Otro"
4863274,07-12-2025,DEVOLUCION,STARKEN,259346870,VALPARAISO,QUILLOTA,28900,,7990,6426,6426,10-12-2025,RECHAZADO POR CLIENTE,"Moda, Belleza, Otro"
4863110,07-12-2025,PENDIENTE CONFIRMACION,STARKEN,,BIO - BIO,CONCEPCION,31485,,7500,6842.5,0,07-12-2025,,"Belleza, Bienestar"
4863002,07-12-2025,NOVEDAD SOLUCIONADA,STARKEN,259338160,METROPOLITANA DE SANTIAGO,RECOLETA,20990,,5000,5474,0,09-12-2025,DIRECCION INCORRECTA,"Cocina, Hogar"
4862914,07-12-2025,EN DESTINO,STARKEN,259337294,METROPOLITANA DE SANTIAGO,PADRE HURTADO,26900,,7990,5950,0,10-12-2025,RECHAZADO POR CLIENTE,Belleza
4862626,07-12-2025,EN DESTINO,STARKEN,259346922,METROPOLITANA DE SANTIAGO,LA PINTANA,28900,,7990,5474,0,10-12-2025,RECHAZADO POR CLIENTE,"Moda, Belleza, Otro"
4862494,07-12-2025,NOVEDAD SOLUCIONADA,STARKEN,259319846,METROPOLITANA DE SANTIAGO,CERRILLOS,40485,,14000,5474,0,10-12-2025,RECHAZADO POR CLIENTE,"Salud, Bienestar"
4862385,07-12-2025,EN DESTINO,STARKEN,259319852,METROPOLITANA DE SANTIAGO,CERRILLOS,40485,,14000,5474,0,10-12-2025,RECHAZADO POR CLIENTE,"Salud, Bienestar"
4861779,07-12-2025,ENTREGADO,STARKEN,259346943,METROPOLITANA DE SANTIAGO,CERRO NAVIA,28900,15436,7990,5474,0,10-12-2025,,"Moda, Belleza, Otro"
4861104,07-12-2025,EN DESTINO,STARKEN,259346954,METROPOLITANA DE SANTIAGO,MAIPU,28900,,7990,5474,0,10-12-2025,,"Moda, Belleza, Otro"
4860968,07-12-2025,DEVOLUCION,STARKEN,259337326,BIO - BIO,CABRERO,26900,,7990,6842.5,6842.5,10-12-2025,RECHAZADO POR CLIENTE,Belleza
4859963,07-12-2025,EN DESTINO,STARKEN,259337358,METROPOLITANA DE SANTIAGO,ESTACION CENTRAL,28900,,9750,5474,0,10-12-2025,RECHAZADO POR CLIENTE,Belleza
4859692,07-12-2025,ENTREGADO,STARKEN,259337378,METROPOLITANA DE SANTIAGO,RENCA,26900,13436,7990,5474,0,10-12-2025,,Belleza
4859633,07-12-2025,ENTREGADO,STARKEN,259337390,ARAUCANIA,ANGOL,26900,12067.5,7990,6842.5,0,10-12-2025,,Belleza
4858948,07-12-2025,ENTREGADO,STARKEN,259337414,ANTOFAGASTA,ANTOFAGASTA,26900,11651,7990,7259,0,10-12-2025,,Belleza
4858716,07-12-2025,ENTREGADO,STARKEN,259337447,LOS LAGOS,PUERTO MONTT,28900,12307.5,9750,6842.5,0,12-12-2025,,Belleza
4858685,07-12-2025,DEVOLUCION,STARKEN,259346997,BIO - BIO,YUMBEL,43350,,15980,7592.2,7592.2,10-12-2025,RECHAZADO POR CLIENTE,"Moda, Belleza, Otro"
4858605,07-12-2025,EN DESTINO,STARKEN,259330493,ATACAMA,VALLENAR,20990,,3750,7520.8,0,10-12-2025,,"Belleza, Bienestar"
4858280,07-12-2025,ENTREGADO,STARKEN,259319865,VALPARAISO,VALPARAISO,40485,20059,14000,6426,0,10-12-2025,,"Salud, Bienestar"
4857357,07-12-2025,ENTREGADO,BLUE,2171081345,VALPARAISO,VINA DEL MAR,24900,11329.61,6300,7270.39,0,10-12-2025,,Salud
4857338,07-12-2025,ENTREGADO,STARKEN,259338171,MAULE,CURICO,20990,9147.5,5000,6842.5,0,11-12-2025,,"Cocina, Hogar"
4857158,07-12-2025,ENTREGADO,STARKEN,259338202,COQUIMBO,LA SERENA,20990,9207,5000,6783,0,10-12-2025,,"Cocina, Hogar"
4857122,07-12-2025,ENTREGADO,BLUE,2171081500,COQUIMBO,LA SERENA,37350,16700.36,12600,8049.65,0,10-12-2025,,Salud
4856654,07-12-2025,PENDIENTE CONFIRMACION,STARKEN,,ÑUBLE,CHILLAN,26900,,7990,6842.5,0,07-12-2025,,Belleza
4856466,07-12-2025,EN DESTINO,STARKEN,259347729,METROPOLITANA DE SANTIAGO,LA GRANJA,28900,,7990,5474,0,10-12-2025,RECHAZADO POR CLIENTE,"Moda, Belleza, Otro"
4855859,07-12-2025,ENTREGADO,STARKEN,259347068,COQUIMBO,VICUNA,28900,14127,7990,6783,0,10-12-2025,,"Moda, Belleza, Otro"
4854593,07-12-2025,EN DESTINO,STARKEN,259347092,METROPOLITANA DE SANTIAGO,INDEPENDENCIA,28900,,7990,5474,0,10-12-2025,RECHAZADO POR CLIENTE,"Moda, Belleza, Otro"
4854571,07-12-2025,CANCELADO,STARKEN,,METROPOLITANA DE SANTIAGO,INDEPENDENCIA,43350,,15980,5474,0,07-12-2025,,"Moda, Belleza, Otro"
4854202,07-12-2025,DEVOLUCION,STARKEN,259338190,ARAUCANIA,LAUTARO,20990,,5000,6842.5,6842.5,11-12-2025,RECHAZADO POR CLIENTE,"Cocina, Hogar"
4854128,07-12-2025,NOVEDAD SOLUCIONADA,STARKEN,259337474,BIO - BIO,TALCAHUANO,26900,,7990,6842.5,0,10-12-2025,DIRECCION INCORRECTA,Belleza
4854108,07-12-2025,NOVEDAD SOLUCIONADA,STARKEN,259337513,ANTOFAGASTA,ANTOFAGASTA,26900,,7990,7259,0,11-12-2025,RECHAZADO POR CLIENTE,Belleza
4853547,07-12-2025,ENTREGADO,STARKEN,259337528,LOS LAGOS,PUERTO MONTT,26900,12067.5,7990,6842.5,0,10-12-2025,,Belleza
4853110,07-12-2025,ENTREGADO,STARKEN,259337555,BIO - BIO,CONCEPCION,26900,12067.5,7990,6842.5,0,10-12-2025,,Belleza
4852769,07-12-2025,EN DESTINO,STARKEN,259347105,METROPOLITANA DE SANTIAGO,SAN MIGUEL,43350,,15980,5474,0,10-12-2025,RECHAZADO POR CLIENTE,"Moda, Belleza, Otro"
4852492,07-12-2025,EN DESTINO,STARKEN,259347110,METROPOLITANA DE SANTIAGO,LA FLORIDA,28900,,7990,5474,0,10-12-2025,DIRECCION INCORRECTA,"Moda, Belleza, Otro"
4852371,07-12-2025,ENTREGADO,STARKEN,259365463,MAULE,MAULE,26900,11317.8,7990,7592.2,0,10-12-2025,,Belleza
4852140,07-12-2025,ENTREGADO,STARKEN,259377536,METROPOLITANA DE SANTIAGO,RECOLETA,43350,21896,15980,5474,0,10-12-2025,,"Moda, Belleza, Otro"
4852139,07-12-2025,ENTREGADO,BLUE,2171081533,VALPARAISO,VINA DEL MAR,24900,11329.61,6300,7270.39,0,10-12-2025,,Salud
4851948,07-12-2025,ENTREGADO,STARKEN,259337584,ÑUBLE,SAN CARLOS,26900,12067.5,7990,6842.5,0,12-12-2025,,Belleza
4851884,07-12-2025,ENTREGADO,STARKEN,259347142,METROPOLITANA DE SANTIAGO,LAS CONDES,28900,15436,7990,5474,0,10-12-2025,,"Moda, Belleza, Otro"
4851738,07-12-2025,ENTREGADO,STARKEN,259337602,VALPARAISO,VINA DEL MAR,26900,12484,7990,6426,0,10-12-2025,,Belleza
4851509,07-12-2025,CANCELADO,STARKEN,,COQUIMBO,LA SERENA,26900,,7990,6783,0,09-12-2025,,Belleza
4851483,07-12-2025,DEVOLUCION,STARKEN,259337609,COQUIMBO,LA SERENA,26900,,7990,6783,6783,12-12-2025,RECHAZADO POR CLIENTE,Belleza
4851411,07-12-2025,DEVOLUCION,STARKEN,259330534,LIBERTADOR GENERAL BERNARDO O`HIGGINS,SANTA CRUZ,52475,,11250,7092.4,7092.4,10-12-2025,RECHAZADO POR CLIENTE,"Belleza, Bienestar"
4851384,07-12-2025,ENTREGADO,BLUE,2170992983,ATACAMA,EL SALVADOR,26900,9508.09,7000,10391.91,0,09-12-2025,,"Belleza, Hogar, Otro"
4851345,07-12-2025,ENTREGADO,STARKEN,259347179,ANTOFAGASTA,CALAMA,43350,20111,15980,7259,0,10-12-2025,,"Moda, Belleza, Otro"
4851338,07-12-2025,EN DESTINO,STARKEN,259330560,LIBERTADOR GENERAL BERNARDO O`HIGGINS,SANTA CRUZ,31485,,7500,7092.4,0,10-12-2025,RECHAZADO POR CLIENTE,"Belleza, Bienestar"
4850961,06-12-2025,PENDIENTE CONFIRMACION,STARKEN,,LIBERTADOR GENERAL BERNARDO O`HIGGINS,RANCAGUA,20990,,5000,6426,0,06-12-2025,,"Cocina, Hogar"
4850951,06-12-2025,NOVEDAD SOLUCIONADA,STARKEN,259319901,MAULE,MAULE,26990,,7000,7592.2,0,10-12-2025,RECHAZADO POR CLIENTE,"Salud, Bienestar"
4850923,06-12-2025,ENTREGADO,STARKEN,259337631,ÑUBLE,SAN IGNACIO,26900,10187.3,7990,8722.7,0,11-12-2025,,Belleza
4850507,06-12-2025,PENDIENTE CONFIRMACION,STARKEN,,LOS LAGOS,PUERTO MONTT,26900,,7990,6842.5,0,06-12-2025,,Belleza
4850425,06-12-2025,ENTREGADO,BLUE,2171081592,COQUIMBO,LA SERENA,24900,10550.35,6300,8049.65,0,10-12-2025,,Salud
4850416,06-12-2025,EN REPARTO A DOMICILIO,STARKEN,259319903,ANTOFAGASTA,TOCOPILLA,40485,,14000,9341.5,0,10-12-2025,,"Salud, Bienestar"
4850406,06-12-2025,ENTREGADO,STARKEN,259319889,LOS LAGOS,OSORNO,40485,19642.5,14000,6842.5,0,10-12-2025,,"Salud, Bienestar"
4850372,06-12-2025,ENTREGADO,BLUE,2171033060,METROPOLITANA DE SANTIAGO,ISLA DE MAIPO,28900,14938.38,7990,5971.62,0,12-12-2025,,"Moda, Belleza, Otro"
4850318,06-12-2025,ENTREGADO,BLUE,2170993016,VALPARAISO,CALERA,26900,12657.9,7000,7242.1,0,09-12-2025,,"Belleza, Hogar, Otro"
4849914,06-12-2025,DEVOLUCION,STARKEN,259330572,VALPARAISO,CABILDO,20990,,3750,7092.4,7092.4,10-12-2025,RECHAZADO POR CLIENTE,"Belleza, Bienestar"
4849748,06-12-2025,ENTREGADO,STARKEN,259337678,ANTOFAGASTA,ANTOFAGASTA,26900,11651,7990,7259,0,10-12-2025,,Belleza
4848877,06-12-2025,ENTREGADO,STARKEN,259337703,METROPOLITANA DE SANTIAGO,SAN BERNARDO,26900,13436,7990,5474,0,10-12-2025,,Belleza
4848731,06-12-2025,DEVOLUCION,STARKEN,259365476,MAULE,TALCA,28900,,9750,6842.5,6842.5,10-12-2025,RECHAZADO POR CLIENTE,Belleza
4848182,06-12-2025,NOVEDAD SOLUCIONADA,STARKEN,259330549,COQUIMBO,OVALLE,31485,,7500,6783,0,10-12-2025,RECHAZADO POR CLIENTE,"Belleza, Bienestar"
4847765,06-12-2025,EN DESTINO,STARKEN,259347206,VALPARAISO,VINA DEL MAR,43350,,15980,6426,0,10-12-2025,RECHAZADO POR CLIENTE,"Moda, Belleza, Otro"
4847566,06-12-2025,ENTREGADO,BLUE,2171081614,MAULE,TALCA,37350,17219.86,12600,7530.14,0,10-12-2025,,Salud
4847118,06-12-2025,DEVOLUCION,STARKEN,259365451,COQUIMBO,COQUIMBO,26900,,7990,6783,6783,10-12-2025,RECHAZADO POR CLIENTE,Belleza
4847049,06-12-2025,ENTREGADO,BLUE,2171081640,VALPARAISO,SAN ANTONIO,37350,17189.6,12600,7560.39,0,10-12-2025,,Salud
4846789,06-12-2025,NOVEDAD SOLUCIONADA,STARKEN,259365493,LIBERTADOR GENERAL BERNARDO O`HIGGINS,GRANEROS,26900,,7990,7092.4,0,12-12-2025,RECHAZADO POR CLIENTE,Belleza
4846476,06-12-2025,EN REPARTO A DOMICILIO,STARKEN,259347282,ANTOFAGASTA,ANTOFAGASTA,28900,,7990,7259,0,10-12-2025,,"Moda, Belleza, Otro"
4846426,06-12-2025,ENTREGADO,STARKEN,259319892,METROPOLITANA DE SANTIAGO,COLINA,40485,20535,14000,5950,0,10-12-2025,,"Salud, Bienestar"
4846300,06-12-2025,ENTREGADO,STARKEN,259337749,METROPOLITANA DE SANTIAGO,SAN BERNARDO,26900,13436,7990,5474,0,10-12-2025,,Belleza
4845854,06-12-2025,ENTREGADO,STARKEN,259338238,METROPOLITANA DE SANTIAGO,BUIN,20990,10040,5000,5950,0,09-12-2025,,"Cocina, Hogar"
4845847,06-12-2025,NOVEDAD SOLUCIONADA,STARKEN,259319919,ANTOFAGASTA,ANTOFAGASTA,26990,,7000,7259,0,10-12-2025,RECHAZADO POR CLIENTE,"Salud, Bienestar"
4845790,06-12-2025,ENTREGADO,STARKEN,259365535,METROPOLITANA DE SANTIAGO,MAIPU,26900,13436,7990,5474,0,10-12-2025,,Belleza
4845632,06-12-2025,EN PROCESO DE RECEPCION,STARKEN,259330591,VALPARAISO,QUILLOTA,20990,,3750,6426,0,10-12-2025,RECHAZADO POR CLIENTE,"Belleza, Bienestar"
4845488,06-12-2025,ENTREGADO,STARKEN,259347764,LOS LAGOS,OSORNO,28900,14067.5,7990,6842.5,0,10-12-2025,,"Moda, Belleza, Otro"
4845222,06-12-2025,ENTREGADO,STARKEN,259338242,LIBERTADOR GENERAL BERNARDO O`HIGGINS,RANCAGUA,20990,9564,5000,6426,0,10-12-2025,,"Cocina, Hogar"
4845161,06-12-2025,EN DESTINO,STARKEN,259365541,METROPOLITANA DE SANTIAGO,HUECHURABA,26900,,7990,5474,0,10-12-2025,RECHAZADO POR CLIENTE,Belleza
4845156,06-12-2025,ENTREGADO,STARKEN,259337802,COQUIMBO,LA SERENA,28900,12367,9750,6783,0,10-12-2025,,Belleza
4844340,06-12-2025,EN DESTINO,STARKEN,259347303,METROPOLITANA DE SANTIAGO,QUILICURA,28900,,7990,5474,0,10-12-2025,RECHAZADO POR CLIENTE,"Moda, Belleza, Otro"
4844266,06-12-2025,EN DESTINO,STARKEN,259330602,ARAUCANIA,TEMUCO,20990,,3750,6842.5,0,10-12-2025,,"Belleza, Bienestar"
4844225,06-12-2025,NOVEDAD SOLUCIONADA,STARKEN,259330608,ARAUCANIA,TEMUCO,20990,,3750,6842.5,0,10-12-2025,RECHAZADO POR CLIENTE,"Belleza, Bienestar"
4843641,06-12-2025,NOVEDAD SOLUCIONADA,STARKEN,259338247,LOS RIOS,LANCO,20990,,5000,6842.5,0,10-12-2025,RECHAZADO POR CLIENTE,"Cocina, Hogar"
4843541,06-12-2025,NOVEDAD SOLUCIONADA,STARKEN,259347308,ARAUCANIA,TOLTEN,43350,,15980,8722.7,0,10-12-2025,RECHAZADO POR CLIENTE,"Moda, Belleza, Otro"
4843139,06-12-2025,ENTREGADO,STARKEN,259365549,VALPARAISO,ALGARROBO,26900,11817.6,7990,7092.4,0,10-12-2025,,Belleza
4841786,06-12-2025,PENDIENTE CONFIRMACION,BLUE,,METROPOLITANA DE SANTIAGO,COLINA,37350,,12600,6170.72,0,06-12-2025,,Salud
4841770,06-12-2025,ENTREGADO,BLUE,2170974610,LIBERTADOR GENERAL BERNARDO O`HIGGINS,PLACILLA,20990,8459.86,5000,7530.14,0,09-12-2025,,"Cocina, Hogar"
4841537,06-12-2025,ENTREGADO,STARKEN,259365583,LIBERTADOR GENERAL BERNARDO O`HIGGINS,PEUMO,26900,10818,7990,8092,0,12-12-2025,,Belleza
4841315,06-12-2025,PENDIENTE CONFIRMACION,STARKEN,,METROPOLITANA DE SANTIAGO,SAN BERNARDO,28900,,7990,5474,0,06-12-2025,,"Moda, Belleza, Otro"
4841210,06-12-2025,ENTREGADO,STARKEN,259365572,METROPOLITANA DE SANTIAGO,LA FLORIDA,28900,13676,9750,5474,0,10-12-2025,,Belleza
4840858,06-12-2025,ENTREGADO,STARKEN,259347369,METROPOLITANA DE SANTIAGO,SANTIAGO,28900,15436,7990,5474,0,10-12-2025,,"Moda, Belleza, Otro"
4840488,06-12-2025,NOVEDAD SOLUCIONADA,STARKEN,259341584,VALPARAISO,LOS ANDES,26900,,7000,6426,0,09-12-2025,RECHAZADO POR CLIENTE,"Belleza, Hogar, Otro"
4840319,05-12-2025,PENDIENTE CONFIRMACION,STARKEN,,METROPOLITANA DE SANTIAGO,LA FLORIDA,28900,,7990,5474,0,05-12-2025,,"Moda, Belleza, Otro"
4839995,05-12-2025,ENTREGADO,BLUE,2171081651,METROPOLITANA DE SANTIAGO,PENAFLOR,37350,18579.28,12600,6170.72,0,10-12-2025,,Salud
4839070,05-12-2025,DEVOLUCION A REMITENTE,BLUE,2171081662,ANTOFAGASTA,CALAMA,37350,,12600,8828.91,0,10-12-2025,,Salud
4839047,05-12-2025,EN REPARTO A DOMICILIO,STARKEN,259319896,COQUIMBO,OVALLE,40485,,14000,6783,0,10-12-2025,,"Salud, Bienestar"
4838114,05-12-2025,ENTREGADO,STARKEN,259347386,METROPOLITANA DE SANTIAGO,LAS CONDES,43350,21896,15980,5474,0,10-12-2025,,"Moda, Belleza, Otro"
4837842,05-12-2025,ENTREGADO,STARKEN,259338272,VALPARAISO,LIMACHE,20990,8897.6,5000,7092.4,0,10-12-2025,,"Cocina, Hogar"
4837717,05-12-2025,ENTREGADO,STARKEN,259338299,COQUIMBO,COQUIMBO,20990,9207,5000,6783,0,10-12-2025,,"Cocina, Hogar"
4837522,05-12-2025,ENTREGADO,STARKEN,259347392,ATACAMA,COPIAPO,28900,14127,7990,6783,0,10-12-2025,,"Moda, Belleza, Otro"
4837486,05-12-2025,EN DESTINO,STARKEN,259347772,METROPOLITANA DE SANTIAGO,CERRO NAVIA,28900,,7990,5474,0,10-12-2025,DIRECCION INCORRECTA,"Moda, Belleza, Otro"
4837415,05-12-2025,PENDIENTE CONFIRMACION,STARKEN,,ATACAMA,COPIAPO,26990,,7000,6783,0,05-12-2025,,"Salud, Bienestar"
4837250,05-12-2025,PENDIENTE CONFIRMACION,STARKEN,,ANTOFAGASTA,ANTOFAGASTA,28900,,7990,7259,0,05-12-2025,,"Moda, Belleza, Otro"
4837088,05-12-2025,CANCELADO,STARKEN,,LOS LAGOS,CASTRO,20990,,5000,6842.5,0,21-12-2025,,"Cocina, Hogar"
4836769,05-12-2025,DEVOLUCION,STARKEN,259347426,ÑUBLE,SAN CARLOS,28900,,7990,6842.5,6842.5,10-12-2025,RECHAZADO POR CLIENTE,"Moda, Belleza, Otro"
4836740,05-12-2025,CANCELADO,STARKEN,,ÑUBLE,SAN CARLOS,43350,,15980,6842.5,0,09-12-2025,,"Moda, Belleza, Otro"
4836688,05-12-2025,PENDIENTE CONFIRMACION,STARKEN,,VALPARAISO,SAN FELIPE,31485,,7500,6426,0,05-12-2025,,"Belleza, Bienestar"
4836612,05-12-2025,PENDIENTE CONFIRMACION,BLUE,,BIO - BIO,SAN PEDRO DE LA PAZ,57800,,23970,7727.62,0,05-12-2025,,"Moda, Belleza, Otro"
4836591,05-12-2025,REDESTINADA POR SOLICITUD DEL CLIENTE,STARKEN,259347443,METROPOLITANA DE SANTIAGO,QUINTA NORMAL,28900,,7990,5474,0,10-12-2025,RECHAZADO POR CLIENTE,"Moda, Belleza, Otro"
4836322,05-12-2025,ENTREGADO,STARKEN,259347464,MAULE,CONSTITUCION,28900,13317.8,7990,7592.2,0,10-12-2025,,"Moda, Belleza, Otro"
4836165,05-12-2025,DEVOLUCION,BLUE,2170797871,LOS RIOS,VALDIVIA,26990,,7000,7849,7849,09-12-2025,DESTINATARIO RECHAZA ENTREGA,"Salud, Bienestar"
4835879,05-12-2025,EN TRANSITO,STARKEN,259347456,ANTOFAGASTA,CALAMA,28900,,7990,7259,0,10-12-2025,RECHAZADO POR CLIENTE,"Moda, Belleza, Otro"
4835748,05-12-2025,NOVEDAD SOLUCIONADA,STARKEN,259319970,LIBERTADOR GENERAL BERNARDO O`HIGGINS,RENGO,26990,,7000,6426,0,10-12-2025,RECHAZADO POR CLIENTE,"Salud, Bienestar"
4835301,05-12-2025,PENDIENTE CONFIRMACION,STARKEN,,ANTOFAGASTA,ANTOFAGASTA,20990,,3750,7259,0,05-12-2025,,"Belleza, Bienestar"
4835126,05-12-2025,PENDIENTE CONFIRMACION,STARKEN,,LOS RIOS,MAFIL,20990,,5000,8722.7,0,05-12-2025,,"Cocina, Hogar"
4835053,05-12-2025,ENTREGADO,STARKEN,259347498,METROPOLITANA DE SANTIAGO,QUILICURA,28900,15436,7990,5474,0,10-12-2025,,"Moda, Belleza, Otro"
4834696,05-12-2025,ENTREGADO,BLUE,2171172953,ÑUBLE,CHILLAN,26900,11182.38,7990,7727.62,0,10-12-2025,,Belleza
4834511,05-12-2025,DEVOLUCION,BLUE,2171081732,VALPARAISO,QUILPUE,24900,,6300,7560.39,7560.39,10-12-2025,DESTINATARIO RECHAZA ENTREGA,Salud
4834263,05-12-2025,EN DESTINO,STARKEN,259338308,LIBERTADOR GENERAL BERNARDO O`HIGGINS,SAN FERNANDO,20990,,5000,6426,0,11-12-2025,RECHAZADO POR CLIENTE,"Cocina, Hogar"
4834099,05-12-2025,DEVOLUCION,STARKEN,259365667,MAULE,CAUQUENES,26900,,7990,6842.5,6842.5,10-12-2025,RECHAZADO POR CLIENTE,Belleza
4833285,05-12-2025,NOVEDAD SOLUCIONADA,STARKEN,259330610,BIO - BIO,LOTA,20990,,3750,6842.5,0,10-12-2025,RECHAZADO POR CLIENTE,"Belleza, Bienestar"
4832985,05-12-2025,DEVOLUCION,STARKEN,259338289,COQUIMBO,COQUIMBO,20990,,5000,6783,6783,10-12-2025,RECHAZADO POR CLIENTE,"Cocina, Hogar"
4832825,05-12-2025,ENTREGADO,STARKEN,259347491,VALPARAISO,QUILPUE,28900,14484,7990,6426,0,10-12-2025,,"Moda, Belleza, Otro"
4832734,05-12-2025,ENTREGADO,STARKEN,259347496,VALPARAISO,CABILDO,28900,13817.6,7990,7092.4,0,10-12-2025,,"Moda, Belleza, Otro"
4832558,05-12-2025,ENTREGADO,BLUE,2171081743,METROPOLITANA DE SANTIAGO,LA GRANJA,24900,12628.38,6300,5971.62,0,10-12-2025,,Salud
4832021,05-12-2025,DEVOLUCION,BLUE,2167921055,LOS RIOS,VALDIVIA,26990,,7000,7849,7849,05-12-2025,DESTINATARIO RECHAZA ENTREGA,"Salud, Bienestar"
4831602,05-12-2025,NOVEDAD SOLUCIONADA,STARKEN,259104969,ANTOFAGASTA,CALAMA,40485,,14000,7259,0,10-12-2025,NO SE UBICA DESTINATARIO,"Salud, Bienestar"
4831543,05-12-2025,ENTREGADO,BLUE,2167878112,LIBERTADOR GENERAL BERNARDO O`HIGGINS,QUINTA DE TILCOCO,26900,12369.86,7000,7530.14,0,05-12-2025,,"Belleza, Hogar, Otro"
4831397,05-12-2025,ENTREGADO,BLUE,2168150110,COQUIMBO,LA SERENA,26900,11182.38,7990,7727.62,0,06-12-2025,,Belleza
4831332,05-12-2025,ENTREGADO,STARKEN,259106592,METROPOLITANA DE SANTIAGO,LA FLORIDA,28900,15436,7990,5474,0,10-12-2025,RECHAZADO POR CLIENTE,"Moda, Belleza, Otro"
4831166,05-12-2025,CANCELADO,STARKEN,,LOS RIOS,VALDIVIA,40485,,14000,6842.5,0,05-12-2025,,"Salud, Bienestar"
4831148,05-12-2025,CANCELADO,STARKEN,,LOS RIOS,VALDIVIA,40485,,14000,6842.5,0,05-12-2025,,"Salud, Bienestar"
4830779,05-12-2025,ENTREGADO,STARKEN,259131055,COQUIMBO,OVALLE,26900,12127,7990,6783,0,09-12-2025,,Belleza
4830775,05-12-2025,DEVOLUCION,STARKEN,259104991,MAULE,CURICO,40485,,14000,6842.5,6842.5,05-12-2025,RECHAZADO POR CLIENTE,"Salud, Bienestar"
4830725,05-12-2025,EN DESTINO,STARKEN,259131097,MAULE,SAN CLEMENTE,26900,,7990,7592.2,0,10-12-2025,RECHAZADO POR CLIENTE,Belleza
4830375,05-12-2025,ENTREGADO,STARKEN,259106601,VALPARAISO,CONCON,28900,14484,7990,6426,0,10-12-2025,,"Moda, Belleza, Otro"
4830322,05-12-2025,EN DESTINO,STARKEN,259106608,METROPOLITANA DE SANTIAGO,NUNOA,28900,,7990,5474,0,10-12-2025,RECHAZADO POR CLIENTE,"Moda, Belleza, Otro"
4830084,05-12-2025,NOVEDAD SOLUCIONADA,STARKEN,259106611,ANTOFAGASTA,ANTOFAGASTA,28900,,7990,7259,0,10-12-2025,RECHAZADO POR CLIENTE,"Moda, Belleza, Otro"
4829977,05-12-2025,DEVOLUCION,STARKEN,259106672,LIBERTADOR GENERAL BERNARDO O`HIGGINS,SAN FERNANDO,28900,,7990,6426,6426,10-12-2025,RECHAZADO POR CLIENTE,"Moda, Belleza, Otro"
4829917,05-12-2025,DEVOLUCION,BLUE,2167955926,BIO - BIO,LOS ALAMOS,37350,,12600,10510.81,10510.81,05-12-2025,DIRECCION INUBICABLE,Salud
4829746,05-12-2025,ENTREGADO,STARKEN,259131113,MAULE,CURICO,26900,12067.5,7990,6842.5,0,09-12-2025,,Belleza
4829593,05-12-2025,DEVOLUCION,BLUE,2167956011,VALPARAISO,VALPARAISO,24900,,6300,7270.39,7270.39,05-12-2025,DESTINATARIO RECHAZA ENTREGA,Salud
4828796,04-12-2025,CANCELADO,STARKEN,,METROPOLITANA DE SANTIAGO,EL BOSQUE,43350,,15980,5474,0,05-12-2025,,"Moda, Belleza, Otro"
4828790,04-12-2025,ENTREGADO,STARKEN,259106791,LIBERTADOR GENERAL BERNARDO O`HIGGINS,SANTA CRUZ,28900,13817.6,7990,7092.4,0,10-12-2025,,"Moda, Belleza, Otro"
4828789,04-12-2025,EN DESTINO,STARKEN,259106809,METROPOLITANA DE SANTIAGO,CONCHALI,28900,,7990,5474,0,10-12-2025,NO SE UBICA DESTINATARIO,"Moda, Belleza, Otro"
4828787,04-12-2025,ENTREGADO,STARKEN,259106817,ANTOFAGASTA,ANTOFAGASTA,43350,20111,15980,7259,0,10-12-2025,,"Moda, Belleza, Otro"
4828785,04-12-2025,EN DESTINO,STARKEN,259106850,VALPARAISO,QUINTERO,28900,,7990,7092.4,0,10-12-2025,NO SE UBICA DESTINATARIO,"Moda, Belleza, Otro"
4828784,04-12-2025,EN DESTINO,STARKEN,259106885,METROPOLITANA DE SANTIAGO,MAIPU,43350,,15980,5474,0,10-12-2025,RECHAZADO POR CLIENTE,"Moda, Belleza, Otro"
4828783,04-12-2025,DEVOLUCION,STARKEN,259105036,LOS RIOS,VALDIVIA,26990,,7000,6842.5,6842.5,05-12-2025,RECHAZADO POR CLIENTE,"Salud, Bienestar"
4828782,04-12-2025,CANCELADO,STARKEN,,MAULE,TALCA,43350,,15980,6842.5,0,05-12-2025,,"Moda, Belleza, Otro"
4828780,04-12-2025,ENTREGADO,STARKEN,259105078,LOS LAGOS,OSORNO,26990,13147.5,7000,6842.5,0,05-12-2025,,"Salud, Bienestar"
4828779,04-12-2025,DEVOLUCION,BLUE,2167935512,VALPARAISO,CALERA,28900,,7990,7242.1,7242.1,05-12-2025,DESTINATARIO RECHAZA ENTREGA,"Moda, Belleza, Otro"
4828778,04-12-2025,ENTREGADO,BLUE,2168827835,BIO - BIO,HUALPEN,28900,12860.35,7990,8049.65,0,08-12-2025,,"Moda, Belleza, Otro"
4828757,04-12-2025,ENTREGADO,STARKEN,259106920,METROPOLITANA DE SANTIAGO,PEDRO AGUIRRE CERDA,28900,15436,7990,5474,0,10-12-2025,,"Moda, Belleza, Otro"
4828755,04-12-2025,ENTREGADO,STARKEN,259106925,ANTOFAGASTA,MEJILLONES,28900,11568.5,7990,9341.5,0,10-12-2025,,"Moda, Belleza, Otro"
4828754,04-12-2025,EN DESTINO,STARKEN,259106934,METROPOLITANA DE SANTIAGO,VITACURA,28900,,7990,5474,0,10-12-2025,RECHAZADO POR CLIENTE,"Moda, Belleza, Otro"
4828737,04-12-2025,EN DESTINO,STARKEN,259106945,METROPOLITANA DE SANTIAGO,COLINA,28900,,7990,5950,0,10-12-2025,RECHAZADO POR CLIENTE,"Moda, Belleza, Otro"
4828730,04-12-2025,ENTREGADO,STARKEN,259106965,ANTOFAGASTA,CALAMA,28900,13651,7990,7259,0,10-12-2025,,"Moda, Belleza, Otro"
4828729,04-12-2025,PENDIENTE CONFIRMACION,STARKEN,,ANTOFAGASTA,CALAMA,57800,,23970,7259,0,04-12-2025,,"Moda, Belleza, Otro"
4828718,04-12-2025,ENTREGADO,STARKEN,259106975,BIO - BIO,CONCEPCION,28900,14067.5,7990,6842.5,0,10-12-2025,,"Moda, Belleza, Otro"
4828707,04-12-2025,ENTREGADO,STARKEN,259106752,LIBERTADOR GENERAL BERNARDO O`HIGGINS,SAN FERNANDO,26900,13474,7000,6426,0,05-12-2025,,"Belleza, Hogar, Otro"
4828706,04-12-2025,DEVOLUCION,STARKEN,259106985,COQUIMBO,COQUIMBO,43350,,15980,6783,6783,10-12-2025,RECHAZADO POR CLIENTE,"Moda, Belleza, Otro"
4828704,04-12-2025,ENTREGADO,STARKEN,259106733,BIO - BIO,LOS ANGELES,26900,13057.5,7000,6842.5,0,05-12-2025,,"Belleza, Hogar, Otro"
4828695,04-12-2025,CANCELADO,STARKEN,,ANTOFAGASTA,CALAMA,43350,,15980,7259,0,04-12-2025,,"Moda, Belleza, Otro"
4828692,04-12-2025,CANCELADO,STARKEN,,VALPARAISO,CABILDO,43350,,15980,7092.4,0,04-12-2025,,"Moda, Belleza, Otro"
4828612,04-12-2025,CANCELADO,STARKEN,,ANTOFAGASTA,CALAMA,29900,,6490,7259,0,04-12-2025,,"Belleza, Deportes, Bienestar"
4828432,04-12-2025,ENTREGADO,STARKEN,259131144,METROPOLITANA DE SANTIAGO,MELIPILLA,26900,12246,7990,6664,0,09-12-2025,,Belleza
4828188,04-12-2025,PENDIENTE CONFIRMACION,STARKEN,,LIBERTADOR GENERAL BERNARDO O`HIGGINS,LAS CABRAS,28900,,9750,8092,0,04-12-2025,,Belleza
4828011,04-12-2025,ENTREGADO,STARKEN,259110748,METROPOLITANA DE SANTIAGO,MAIPU,20990,10516,5000,5474,0,05-12-2025,,"Cocina, Hogar"
4827684,04-12-2025,DEVOLUCION,STARKEN,259131151,BIO - BIO,CONCEPCION,26900,,7990,6842.5,6842.5,09-12-2025,RECHAZADO POR CLIENTE,Belleza
4826954,04-12-2025,DEVOLUCION,STARKEN,259364822,ÑUBLE,CHILLAN,20990,,5000,6842.5,6842.5,10-12-2025,RECHAZADO POR CLIENTE,"Cocina, Hogar"
4826558,04-12-2025,ENTREGADO,STARKEN,259131167,ANTOFAGASTA,ANTOFAGASTA,26900,11651,7990,7259,0,09-12-2025,NO SE UBICA DESTINATARIO,Belleza
4826191,04-12-2025,DEVOLUCION,STARKEN,259347551,VALPARAISO,VILLA ALEMANA,28900,,7990,6426,6426,10-12-2025,RECHAZADO POR CLIENTE,"Moda, Belleza, Otro"
4826081,04-12-2025,EN DESTINO,STARKEN,259320100,LIBERTADOR GENERAL BERNARDO O`HIGGINS,SANTA CRUZ,26990,,7000,7092.4,0,10-12-2025,,"Salud, Bienestar"
4826064,04-12-2025,EN DESTINO,STARKEN,259365706,METROPOLITANA DE SANTIAGO,EL MONTE,26900,,7990,5950,0,10-12-2025,DIRECCION INCORRECTA,Belleza
4825607,04-12-2025,NOVEDAD SOLUCIONADA,STARKEN,259347565,METROPOLITANA DE SANTIAGO,SANTIAGO,28900,,7990,5474,0,10-12-2025,RECHAZADO POR CLIENTE,"Moda, Belleza, Otro"
4825508,04-12-2025,ENTREGADO,STARKEN,259320085,METROPOLITANA DE SANTIAGO,COLINA,40485,20535,14000,5950,0,10-12-2025,,"Salud, Bienestar"
4825334,04-12-2025,DEVOLUCION,BLUE,2171081813,MAULE,MAULE,37350,,12600,7838.33,7838.33,10-12-2025,,Salud
4824333,04-12-2025,NOVEDAD,STARKEN,259365724,ANTOFAGASTA,MEJILLONES,28900,,9750,9341.5,0,12-12-2025,RECHAZADO POR CLIENTE,Belleza
4822763,04-12-2025,PENDIENTE CONFIRMACION,STARKEN,,METROPOLITANA DE SANTIAGO,PUDAHUEL,20990,,3750,5474,0,04-12-2025,,"Belleza, Bienestar"
4822453,04-12-2025,ENTREGADO,STARKEN,259365716,ARAUCANIA,CARAHUE,26900,12067.5,7990,6842.5,0,11-12-2025,,Belleza
4822392,04-12-2025,PENDIENTE CONFIRMACION,STARKEN,,ARAUCANIA,CARAHUE,26900,,7990,6842.5,0,04-12-2025,,Belleza
4820666,04-12-2025,ENTREGADO,STARKEN,259365736,MAULE,TALCA,26900,12067.5,7990,6842.5,0,11-12-2025,,Belleza
4820311,04-12-2025,ENTREGADO,STARKEN,259365764,LOS LAGOS,PUERTO MONTT,26900,12067.5,7990,6842.5,0,11-12-2025,,Belleza
4819581,04-12-2025,ENTREGADO,STARKEN,259364843,METROPOLITANA DE SANTIAGO,QUINTA NORMAL,20990,10516,5000,5474,0,09-12-2025,,"Cocina, Hogar"
4819368,04-12-2025,ENTREGADO,STARKEN,259341679,BIO - BIO,MULCHEN,26900,12307.8,7000,7592.2,0,09-12-2025,,"Belleza, Hogar, Otro"
4819290,04-12-2025,ENTREGADO,STARKEN,259365754,VALPARAISO,SAN ANTONIO,26900,12484,7990,6426,0,12-12-2025,,Belleza
4818915,04-12-2025,EN DESTINO,STARKEN,259365806,METROPOLITANA DE SANTIAGO,LA CISTERNA,26900,,7990,5474,0,11-12-2025,RECHAZADO POR CLIENTE,Belleza
4818562,04-12-2025,DEVOLUCION,STARKEN,259320108,VALPARAISO,NOGALES,26990,,7000,6426,6426,10-12-2025,RECHAZADO POR CLIENTE,"Salud, Bienestar"
4818326,04-12-2025,PENDIENTE CONFIRMACION,BLUE,,ANTOFAGASTA,CALAMA,24900,,6300,8828.91,0,04-12-2025,,Salud
4818316,04-12-2025,EN DESTINO,STARKEN,259365791,METROPOLITANA DE SANTIAGO,ESTACION CENTRAL,26900,,7990,5474,0,10-12-2025,RECHAZADO POR CLIENTE,Belleza
4818090,04-12-2025,EN TRANSITO,STARKEN,259131344,METROPOLITANA DE SANTIAGO,ESTACION CENTRAL,26900,,7990,5474,0,09-12-2025,DIRECCION INCORRECTA,Belleza
4817865,04-12-2025,ENTREGADO,BLUE,2167958041,ATACAMA,VALLENAR,37350,16700.36,12600,8049.65,0,05-12-2025,,Salud
4817373,03-12-2025,DEVOLUCION,STARKEN,259099199,LOS RIOS,VALDIVIA,20990,,5000,6842.5,6842.5,05-12-2025,RECHAZADO POR CLIENTE,"Cocina, Hogar"
4817106,03-12-2025,ENTREGADO,STARKEN,259131347,BIO - BIO,CORONEL,26900,12067.5,7990,6842.5,0,10-12-2025,,Belleza
4817025,03-12-2025,ENTREGADO,STARKEN,259131377,LOS LAGOS,FRUTILLAR,26900,12067.5,7990,6842.5,0,09-12-2025,,Belleza
4816825,03-12-2025,ENTREGADO,STARKEN,259108414,VALPARAISO,VINA DEL MAR,28900,14484,7990,6426,0,10-12-2025,,"Moda, Belleza, Otro"
4816795,03-12-2025,NOVEDAD SOLUCIONADA,STARKEN,259131391,VALPARAISO,EL QUISCO,26900,,7990,7092.4,0,10-12-2025,RECHAZADO POR CLIENTE,Belleza
4816708,03-12-2025,CANCELADO,STARKEN,,VALPARAISO,VINA DEL MAR,43350,,15980,6426,0,05-12-2025,,"Moda, Belleza, Otro"
4816622,03-12-2025,DEVOLUCION,STARKEN,259113286,ANTOFAGASTA,CALAMA,28900,,8990,7259,7259,05-12-2025,RECHAZADO POR CLIENTE,"Moda, Belleza"
4816456,03-12-2025,ENTREGADO,STARKEN,259131411,METROPOLITANA DE SANTIAGO,SAN JOAQUIN,26900,13436,7990,5474,0,09-12-2025,,Belleza
4816077,03-12-2025,ENTREGADO,STARKEN,259131423,ANTOFAGASTA,CALAMA,28900,11891,9750,7259,0,09-12-2025,,Belleza
4815918,03-12-2025,DEVOLUCION,STARKEN,259131425,VALPARAISO,QUILPUE,26900,,7990,6426,6426,10-12-2025,RECHAZADO POR CLIENTE,Belleza
4815828,03-12-2025,DEVOLUCION,BLUE,2167958085,COQUIMBO,COQUIMBO,24900,,6300,8049.65,8049.65,05-12-2025,DESTINATARIO RECHAZA ENTREGA,Salud
4815494,03-12-2025,ENTREGADO,STARKEN,259105897,BIO - BIO,CORONEL,40485,19642.5,14000,6842.5,0,10-12-2025,,"Salud, Bienestar"
4815355,03-12-2025,ENTREGADO,STARKEN,259110716,VALPARAISO,QUINTERO,20990,8897.6,5000,7092.4,0,05-12-2025,,"Cocina, Hogar"
4814940,03-12-2025,ENTREGADO,STARKEN,259105908,ANTOFAGASTA,ANTOFAGASTA,40485,19226,14000,7259,0,05-12-2025,,"Salud, Bienestar"
4814902,03-12-2025,ENTREGADO,STARKEN,259131430,ARAUCANIA,VICTORIA,26900,12067.5,7990,6842.5,0,09-12-2025,,Belleza
4814854,03-12-2025,ENTREGADO,STARKEN,259320091,VALPARAISO,SAN ANTONIO,26990,13564,7000,6426,0,10-12-2025,,"Salud, Bienestar"
4814550,03-12-2025,ENTREGADO,STARKEN,259131532,VALPARAISO,LLAILLAY,28900,12724,9750,6426,0,09-12-2025,,Belleza
4814038,03-12-2025,CANCELADO,STARKEN,,COQUIMBO,LA SERENA,28900,,9750,6783,0,03-12-2025,,Belleza
4813981,03-12-2025,ENTREGADO,STARKEN,258970342,VALPARAISO,SAN FELIPE,26900,13474,7000,6426,0,04-12-2025,,"Belleza, Hogar, Otro"
4813811,03-12-2025,ENTREGADO,STARKEN,258970359,LOS LAGOS,CASTRO,26900,13057.5,7000,6842.5,0,04-12-2025,,"Belleza, Hogar, Otro"
4813600,03-12-2025,EN DESTINO,STARKEN,259131572,METROPOLITANA DE SANTIAGO,PENALOLEN,26900,,7990,5474,0,09-12-2025,DIRECCION INCORRECTA,Belleza
4813561,03-12-2025,NOVEDAD SOLUCIONADA,STARKEN,259108136,METROPOLITANA DE SANTIAGO,LO ESPEJO,28900,,7990,5474,0,10-12-2025,RECHAZADO POR CLIENTE,"Moda, Belleza, Otro"
4813425,03-12-2025,ENTREGADO,STARKEN,259031031,ANTOFAGASTA,ANTOFAGASTA,26990,12731,7000,7259,0,04-12-2025,RECHAZADO POR CLIENTE,"Salud, Bienestar"
4812757,03-12-2025,EN DESTINO,STARKEN,258984286,ANTOFAGASTA,CALAMA,28900,,9750,7259,0,05-12-2025,,Belleza
4812554,03-12-2025,ENTREGADO,STARKEN,259099160,COQUIMBO,COQUIMBO,26900,13117,7000,6783,0,05-12-2025,,"Belleza, Hogar, Otro"
4812482,03-12-2025,ENTREGADO,STARKEN,259105998,ARAUCANIA,TEMUCO,26990,13147.5,7000,6842.5,0,05-12-2025,,"Salud, Bienestar"
4812080,03-12-2025,ENTREGADO,STARKEN,259112240,LIBERTADOR GENERAL BERNARDO O`HIGGINS,CHIMBARONGO,20990,10147.6,3750,7092.4,0,05-12-2025,,"Belleza, Bienestar"
4811691,03-12-2025,DEVOLUCION,BLUE,2167958096,LOS LAGOS,CASTRO,24900,,6300,8309.4,8309.4,05-12-2025,,Salud
4811527,03-12-2025,ENTREGADO,STARKEN,259131591,LOS LAGOS,PURRANQUE,26900,12067.5,7990,6842.5,0,09-12-2025,,Belleza
4811364,03-12-2025,ENTREGADO,STARKEN,259017145,VALPARAISO,VALPARAISO,28900,14484,7990,6426,0,05-12-2025,,"Moda, Belleza, Otro"
4810920,03-12-2025,ENTREGADO,STARKEN,258933359,BIO - BIO,ARAUCO,26900,12067.5,7990,6842.5,0,09-12-2025,,Belleza
4810702,03-12-2025,EN PROCESO DE RECEPCION,STARKEN,259020762,VALPARAISO,VALPARAISO,20990,,3750,6426,0,05-12-2025,RECHAZADO POR CLIENTE,"Belleza, Bienestar"
4810405,03-12-2025,EN DESTINO,STARKEN,259099216,ATACAMA,ALTO DEL CARMEN,20990,,5000,7520.8,0,05-12-2025,,"Cocina, Hogar"
4810230,03-12-2025,ENTREGADO,STARKEN,259099226,ARAUCANIA,TEMUCO,20990,9147.5,5000,6842.5,0,05-12-2025,RECHAZADO POR CLIENTE,"Cocina, Hogar"
4810019,03-12-2025,DEVOLUCION,BLUE,2165459796,MAULE,TALCA,20990,,5000,7242.1,7242.1,03-12-2025,DIRECCION INUBICABLE,"Cocina, Hogar"
4809141,03-12-2025,ENTREGADO,STARKEN,258939069,METROPOLITANA DE SANTIAGO,SAN JOAQUIN,20990,10516,5000,5474,0,03-12-2025,,"Cocina, Hogar"
4808604,03-12-2025,ENTREGADO,STARKEN,258923332,METROPOLITANA DE SANTIAGO,SAN BERNARDO,20990,11766,3750,5474,0,04-12-2025,,"Belleza, Bienestar"
4807903,03-12-2025,PENDIENTE CONFIRMACION,BLUE,,VALPARAISO,QUILLOTA,28900,,7990,7242.1,0,03-12-2025,,"Moda, Belleza, Otro"
4807814,03-12-2025,ENTREGADO,STARKEN,259131652,BIO - BIO,TALCAHUANO,26900,12067.5,7990,6842.5,0,09-12-2025,,Belleza
4807458,03-12-2025,PENDIENTE CONFIRMACION,STARKEN,,COQUIMBO,COQUIMBO,26900,,7990,6783,0,03-12-2025,,Belleza
4806653,03-12-2025,ENTREGADO,STARKEN,259099231,VALPARAISO,SAN ESTEBAN,20990,8897.6,5000,7092.4,0,08-12-2025,,"Cocina, Hogar"
4806499,03-12-2025,ENTREGADO,STARKEN,258933388,METROPOLITANA DE SANTIAGO,QUINTA NORMAL,57800,23076,29250,5474,0,05-12-2025,,Belleza
4806469,03-12-2025,ENTREGADO,STARKEN,258900453,ARAUCANIA,ANGOL,20990,9147.5,5000,6842.5,0,03-12-2025,NO SE UBICA DESTINATARIO,"Cocina, Hogar"
4806287,03-12-2025,ENTREGADO,BLUE,2164787026,METROPOLITANA DE SANTIAGO,PUENTE ALTO,28900,13364.46,9750,5785.54,0,04-12-2025,,Belleza
4806061,03-12-2025,CANCELADO,STARKEN,,LIBERTADOR GENERAL BERNARDO O`HIGGINS,QUINTA DE TILCOCO,26900,,7000,8092,0,05-12-2025,,"Belleza, Hogar, Otro"
4805889,03-12-2025,ENTREGADO,STARKEN,258912199,COQUIMBO,OVALLE,28900,14127,7990,6783,0,05-12-2025,,"Moda, Belleza, Otro"
4805608,02-12-2025,INGRESO CAMION,BLUE,2168154730,VALPARAISO,PAPUDO,26900,,7990,7530.14,0,06-12-2025,DIRECCION INUBICABLE,Belleza
4805508,02-12-2025,DEVOLUCION,BLUE,2165164153,LIBERTADOR GENERAL BERNARDO O`HIGGINS,RANCAGUA,37350,,12600,7530.14,7530.14,03-12-2025,,Salud
4805442,02-12-2025,EN DESTINO,STARKEN,258897500,VALPARAISO,SAN FELIPE,26900,,7000,6426,0,04-12-2025,RECHAZADO POR CLIENTE,"Belleza, Hogar, Otro"
4805210,02-12-2025,DEVOLUCION,STARKEN,258883596,VALPARAISO,VALPARAISO,26900,,7990,6426,6426,05-12-2025,RECHAZADO POR CLIENTE,Belleza
4805142,02-12-2025,ENTREGADO,STARKEN,258920991,BIO - BIO,LOS ANGELES,26990,13147.5,7000,6842.5,0,03-12-2025,,"Salud, Bienestar"
4804612,02-12-2025,EN DESTINO,STARKEN,258883572,LIBERTADOR GENERAL BERNARDO O`HIGGINS,PAREDONES,26900,,7990,8092,0,05-12-2025,RECHAZADO POR CLIENTE,Belleza
4804116,02-12-2025,ENTREGADO,STARKEN,259099235,ANTOFAGASTA,MARIA ELENA,20990,6648.5,5000,9341.5,0,05-12-2025,,"Cocina, Hogar"
4803986,02-12-2025,ENTREGADO,BLUE,2164787133,COQUIMBO,COQUIMBO,26900,11182.38,7990,7727.62,0,06-12-2025,,Belleza
4803295,02-12-2025,ENTREGADO,STARKEN,259108427,ANTOFAGASTA,ANTOFAGASTA,28900,13651,7990,7259,0,10-12-2025,,"Moda, Belleza, Otro"
4802296,02-12-2025,DEVOLUCION,BLUE,2165195082,LOS LAGOS,OSORNO,20990,,3750,7849,7849,03-12-2025,,"Belleza, Bienestar"
4801938,02-12-2025,ENTREGADO,STARKEN,258900475,LOS LAGOS,RIO NEGRO,20990,7267.3,5000,8722.7,0,03-12-2025,,"Cocina, Hogar"
4801887,02-12-2025,ENTREGADO,STARKEN,258912397,COQUIMBO,OVALLE,28900,14127,7990,6783,0,05-12-2025,,"Moda, Belleza, Otro"
4801793,02-12-2025,ENTREGADO,STARKEN,258883603,COQUIMBO,OVALLE,28900,12367,9750,6783,0,05-12-2025,,Belleza
4801646,02-12-2025,ENTREGADO,VELOCES,V4001918005,METROPOLITANA DE SANTIAGO,PEDRO AGUIRRE CERDA,28900,15555,7990,5355,0,03-12-2025,,"Moda, Belleza, Otro"
4801613,02-12-2025,CANCELADO,STARKEN,,METROPOLITANA DE SANTIAGO,PEDRO AGUIRRE CERDA,28900,,7990,5474,0,03-12-2025,,"Moda, Belleza, Otro"
4801453,02-12-2025,CANCELADO,STARKEN,,ANTOFAGASTA,TOCOPILLA,20990,,5000,9341.5,0,05-12-2025,,"Cocina, Hogar"
4801443,02-12-2025,NOVEDAD SOLUCIONADA,STARKEN,258912444,MAULE,VILLA ALEGRE,28900,,7990,7592.2,0,05-12-2025,RECHAZADO POR CLIENTE,"Moda, Belleza, Otro"
4801421,02-12-2025,ENTREGADO,STARKEN,259131701,METROPOLITANA DE SANTIAGO,QUILICURA,26900,13436,7990,5474,0,09-12-2025,,Belleza
4801408,02-12-2025,ENTREGADO,STARKEN,258921290,COQUIMBO,LA SERENA,26990,13207,7000,6783,0,03-12-2025,,"Salud, Bienestar"
4801399,02-12-2025,ENTREGADO,STARKEN,258912498,ARAUCANIA,ANGOL,28900,14067.5,7990,6842.5,0,05-12-2025,RECHAZADO POR CLIENTE,"Moda, Belleza, Otro"
4801368,02-12-2025,EN DESTINO,STARKEN,258866164,VALPARAISO,EL TABO,26900,,7000,7092.4,0,03-12-2025,,"Belleza, Hogar, Otro"
4801287,02-12-2025,REDESTINADA POR SOLICITUD DEL CLIENTE,STARKEN,258912523,METROPOLITANA DE SANTIAGO,SANTIAGO,28900,,7990,5474,0,05-12-2025,DIRECCION INCORRECTA,"Moda, Belleza, Otro"
4801271,02-12-2025,REDESTINADA POR SOLICITUD DEL CLIENTE,STARKEN,259108186,METROPOLITANA DE SANTIAGO,PEDRO AGUIRRE CERDA,28900,,7990,5474,0,10-12-2025,RECHAZADO POR CLIENTE,"Moda, Belleza, Otro"
4801211,02-12-2025,ENTREGADO,STARKEN,259099256,LOS RIOS,LOS LAGOS,20990,9147.5,5000,6842.5,0,08-12-2025,,"Cocina, Hogar"
4801125,02-12-2025,ENTREGADO,STARKEN,258900485,METROPOLITANA DE SANTIAGO,MAIPU,20990,10516,5000,5474,0,03-12-2025,,"Cocina, Hogar"
4801042,02-12-2025,ENTREGADO,BLUE,2168154870,METROPOLITANA DE SANTIAGO,MELIPILLA,26900,11910.66,7990,6999.34,0,06-12-2025,,Belleza
4800870,02-12-2025,ENTREGADO,BLUE,2165285220,ÑUBLE,CHILLAN VIEJO,26990,12262.38,7000,7727.62,0,03-12-2025,,"Salud, Bienestar"
4800753,02-12-2025,NOVEDAD SOLUCIONADA,BLUE,2165285242,LOS LAGOS,PUERTO MONTT,26990,,7000,7849,0,03-12-2025,PARA SOLUCION,"Salud, Bienestar"
4800631,02-12-2025,ENTREGADO,BLUE,2167882356,METROPOLITANA DE SANTIAGO,HUECHURABA,20990,10204.46,5000,5785.54,0,05-12-2025,,"Cocina, Hogar"
4799997,02-12-2025,ENTREGADO,STARKEN,258834300,METROPOLITANA DE SANTIAGO,PROVIDENCIA,20990,10516,5000,5474,0,02-12-2025,,"Cocina, Hogar"
4799955,02-12-2025,CANCELADO,STARKEN,,ANTOFAGASTA,TOCOPILLA,28900,,7990,9341.5,0,05-12-2025,,"Moda, Belleza, Otro"
4799894,02-12-2025,DEVOLUCION EN BODEGA,VELOCES,V4001930112,METROPOLITANA DE SANTIAGO,LAS CONDES,40485,,14000,5355,0,26-12-2025,Pedido cancelado por  el cliente,"Salud, Bienestar"
4799808,02-12-2025,ENTREGADO,STARKEN,258912629,VALPARAISO,LLAILLAY,28900,14484,7990,6426,0,05-12-2025,RECHAZADO POR CLIENTE,"Moda, Belleza, Otro"
4798857,02-12-2025,ENTREGADO,STARKEN,258883606,METROPOLITANA DE SANTIAGO,HUECHURABA,26900,13436,7990,5474,0,09-12-2025,,Belleza
4797088,02-12-2025,DEVOLUCION,BLUE,2164362826,ARAUCANIA,TEMUCO,24900,,6300,8179.52,8179.52,03-12-2025,,Salud
4795790,02-12-2025,ENTREGADO,STARKEN,258806147,COQUIMBO,LA SERENA,26990,13207,7000,6783,0,02-12-2025,,"Salud, Bienestar"
4795351,02-12-2025,DEVOLUCION,BLUE,2174254434,ANTOFAGASTA,ANTOFAGASTA,26990,,7000,7259,7259,12-12-2025,DESTINATARIO RECHAZA ENTREGA,"Salud, Bienestar"
4795071,02-12-2025,ENTREGADO,STARKEN,258806130,METROPOLITANA DE SANTIAGO,SAN MIGUEL,26990,14516,7000,5474,0,02-12-2025,,"Salud, Bienestar"
4795045,02-12-2025,CANCELADO,STARKEN,,LIBERTADOR GENERAL BERNARDO O`HIGGINS,RANCAGUA,43350,,15980,6426,0,02-12-2025,,"Moda, Belleza, Otro"
4795026,02-12-2025,CANCELADO,STARKEN,,LIBERTADOR GENERAL BERNARDO O`HIGGINS,RANCAGUA,43350,,15980,6426,0,02-12-2025,,"Moda, Belleza, Otro"
4794513,02-12-2025,ENTREGADO,STARKEN,258829728,ANTOFAGASTA,CALAMA,43350,20111,15980,7259,0,05-12-2025,,"Moda, Belleza, Otro"
4793973,02-12-2025,PENDIENTE CONFIRMACION,STARKEN,,METROPOLITANA DE SANTIAGO,ALHUE,28900,,9750,6664,0,02-12-2025,,Belleza
4793845,02-12-2025,EN DESTINO,STARKEN,258805072,METROPOLITANA DE SANTIAGO,PUDAHUEL,43350,,15980,5474,0,05-12-2025,RECHAZADO POR CLIENTE,"Moda, Belleza, Otro"
4793820,02-12-2025,CANCELADO,STARKEN,,VALPARAISO,ALGARROBO,31485,,7500,7092.4,0,05-12-2025,,"Belleza, Bienestar"
4793362,01-12-2025,CANCELADO,STARKEN,,ANTOFAGASTA,ANTOFAGASTA,26900,,7990,7259,0,02-12-2025,,Belleza
4793312,01-12-2025,NOVEDAD SOLUCIONADA,STARKEN,258883611,ANTOFAGASTA,ANTOFAGASTA,26900,,7990,7259,0,05-12-2025,NO SE UBICA DESTINATARIO,Belleza
4792178,01-12-2025,ENTREGADO,BLUE,2164787553,BIO - BIO,CANETE,26900,8882.23,7990,10027.77,0,04-12-2025,,Belleza
4791930,01-12-2025,ENTREGADO,STARKEN,258794510,VALPARAISO,NOGALES,20990,9564,5000,6426,0,02-12-2025,,"Cocina, Hogar"
4791925,01-12-2025,ENTREGADO,STARKEN,258805249,VALPARAISO,VILLA ALEMANA,28900,14484,7990,6426,0,05-12-2025,,"Moda, Belleza, Otro"
4790931,01-12-2025,ENTREGADO,STARKEN,258794536,BIO - BIO,CONCEPCION,20990,9147.5,5000,6842.5,0,02-12-2025,,"Cocina, Hogar"
4790860,01-12-2025,ENTREGADO,BLUE,2164497193,METROPOLITANA DE SANTIAGO,EL BOSQUE,26900,13124.46,7990,5785.54,0,03-12-2025,,Belleza
4790753,01-12-2025,ENTREGADO,STARKEN,258794550,METROPOLITANA DE SANTIAGO,QUILICURA,20990,10516,5000,5474,0,02-12-2025,,"Cocina, Hogar"
4790079,01-12-2025,ENTREGADO,STARKEN,258794579,VALPARAISO,ALGARROBO,20990,8897.6,5000,7092.4,0,02-12-2025,,"Cocina, Hogar"
4790016,01-12-2025,ENTREGADO,STARKEN,258794575,MAULE,SAN JAVIER,20990,8397.8,5000,7592.2,0,02-12-2025,,"Cocina, Hogar"
4789989,01-12-2025,ENTREGADO,STARKEN,258789677,VALPARAISO,LLAILLAY,26900,13474,7000,6426,0,02-12-2025,NO SE UBICA DESTINATARIO,"Belleza, Hogar, Otro"
4789206,01-12-2025,ENTREGADO,STARKEN,258870660,VALPARAISO,CASABLANCA,26900,11817.6,7990,7092.4,0,04-12-2025,,Belleza
4788176,01-12-2025,ENTREGADO,BLUE,2163723531,METROPOLITANA DE SANTIAGO,MAIPU,20990,10204.46,5000,5785.54,0,02-12-2025,,"Cocina, Hogar"
4787856,01-12-2025,RECHAZADO,VELOCES,V4001914858,METROPOLITANA DE SANTIAGO,PUENTE ALTO,28900,,9750,5355,0,04-12-2025,,Belleza
4787835,01-12-2025,ENTREGADO,STARKEN,258789760,METROPOLITANA DE SANTIAGO,TILTIL,26900,13236,7000,6664,0,02-12-2025,,"Belleza, Hogar, Otro"
4787209,01-12-2025,DEVOLUCION,BLUE,2163835855,LOS RIOS,VALDIVIA,28900,,7990,7849,7849,02-12-2025,DESTINATARIO RECHAZA ENTREGA,"Moda, Belleza, Otro"
4786246,01-12-2025,ENTREGADO,STARKEN,258690826,METROPOLITANA DE SANTIAGO,LA FLORIDA,20990,11766,3750,5474,0,02-12-2025,,"Belleza, Bienestar"
4786084,01-12-2025,ENTREGADO,STARKEN,258821116,METROPOLITANA DE SANTIAGO,MELIPILLA,26990,13326,7000,6664,0,02-12-2025,,"Salud, Bienestar"
4785963,01-12-2025,ENTREGADO,STARKEN,258690833,LIBERTADOR GENERAL BERNARDO O`HIGGINS,MACHALI,20990,10147.6,3750,7092.4,0,02-12-2025,,"Belleza, Bienestar"
4785535,01-12-2025,EN DESTINO,STARKEN,258912833,METROPOLITANA DE SANTIAGO,MAIPU,43350,,15980,5474,0,05-12-2025,RECHAZADO POR CLIENTE,"Moda, Belleza, Otro"
4785016,01-12-2025,PENDIENTE CONFIRMACION,STARKEN,,LIBERTADOR GENERAL BERNARDO O`HIGGINS,NANCAGUA,20990,,5000,7092.4,0,01-12-2025,,"Cocina, Hogar"
4784529,01-12-2025,ENTREGADO,STARKEN,258686035,LOS LAGOS,FRUTILLAR,26900,12567.5,7490,6842.5,0,02-12-2025,,Belleza
4783785,01-12-2025,ENTREGADO,STARKEN,258662146,METROPOLITANA DE SANTIAGO,PAINE,20990,10040,5000,5950,0,01-12-2025,,"Cocina, Hogar"
4783130,01-12-2025,ENTREGADO,STARKEN,258660571,ANTOFAGASTA,ANTOFAGASTA,26000,12841,5900,7259,0,01-12-2025,,"Salud, Deportes, Bienestar, Otro"
4782820,01-12-2025,ENTREGADO,STARKEN,258805870,BIO - BIO,LOS ANGELES,28900,14067.5,7990,6842.5,0,03-12-2025,,"Moda, Belleza, Otro"
4782804,01-12-2025,NOVEDAD SOLUCIONADA,STARKEN,258662267,VALPARAISO,EL QUISCO,20990,,5000,7092.4,0,01-12-2025,NO SE UBICA DESTINATARIO,"Cocina, Hogar"
4782706,01-12-2025,ENTREGADO,STARKEN,258670306,VALPARAISO,VALPARAISO,28900,14484,7990,6426,0,05-12-2025,,"Moda, Belleza, Otro"
4500705,31-10-2025,ENTREGADO,STARKEN,256444442,METROPOLITANA DE SANTIAGO,PENAFLOR,22990,11940,5100,5950,0,03-11-2025,,Bienestar
4500431,31-10-2025,DEVOLUCION,STARKEN,256458259,VALPARAISO,VALPARAISO,28900,,7990,6426,6426,03-11-2025,RECHAZADO POR CLIENTE,"Moda, Belleza, Otro"
4500420,31-10-2025,CANCELADO,STARKEN,,VALPARAISO,VALPARAISO,43350,,15980,6426,0,01-11-2025,,"Moda, Belleza, Otro"
4500409,31-10-2025,CANCELADO,STARKEN,,VALPARAISO,VALPARAISO,43350,,15980,6426,0,01-11-2025,,"Moda, Belleza, Otro"
4497125,31-10-2025,DEVOLUCION,VELOCES,V4001754022,METROPOLITANA DE SANTIAGO,PUENTE ALTO,28900,,7990,5355,0,14-11-2025,,"Moda, Belleza, Otro"
4496877,31-10-2025,ENTREGADO,STARKEN,256471053,COQUIMBO,OVALLE,26990,13207,7000,6783,0,05-11-2025,,"Salud, Bienestar"
4496673,31-10-2025,ENTREGADO,STARKEN,256459233,VALPARAISO,SAN ANTONIO,28900,14484,7990,6426,0,03-11-2025,,"Moda, Belleza, Otro"
4494793,31-10-2025,DEVOLUCION,STARKEN,256459356,ANTOFAGASTA,ANTOFAGASTA,28900,,7990,7259,7259,03-11-2025,RECHAZADO POR CLIENTE,"Moda, Belleza, Otro"
4494757,31-10-2025,EN DESTINO,STARKEN,256459370,ANTOFAGASTA,ANTOFAGASTA,28900,,7990,7259,0,03-11-2025,RECHAZADO POR CLIENTE,"Moda, Belleza, Otro"
4494745,31-10-2025,ENTREGADO,STARKEN,256459374,METROPOLITANA DE SANTIAGO,SAN RAMON,28900,15436,7990,5474,0,03-11-2025,,"Moda, Belleza, Otro"
4494516,31-10-2025,ENTREGADO,STARKEN,256471482,COQUIMBO,LOS VILOS,26990,13207,7000,6783,0,05-11-2025,,"Salud, Bienestar"
4494229,31-10-2025,ENTREGADO,STARKEN,256346426,COQUIMBO,VICUNA,28900,14127,7990,6783,0,03-11-2025,,"Moda, Belleza, Otro"
4494175,31-10-2025,ENTREGADO,STARKEN,256444547,MAULE,PARRAL,22990,10297.8,5100,7592.2,0,03-11-2025,,Bienestar
4493743,30-10-2025,ENTREGADO,STARKEN,256346429,ANTOFAGASTA,CALAMA,43350,20111,15980,7259,0,03-11-2025,,"Moda, Belleza, Otro"
4493559,30-10-2025,DEVOLUCION,STARKEN,256346432,LIBERTADOR GENERAL BERNARDO O`HIGGINS,CHEPICA,28900,,7990,6426,6426,03-11-2025,RECHAZADO POR CLIENTE,"Moda, Belleza, Otro"
4491194,30-10-2025,EN TRANSITO,STARKEN,256346506,METROPOLITANA DE SANTIAGO,PENALOLEN,28900,,7990,5474,0,03-11-2025,RECHAZADO POR CLIENTE,"Moda, Belleza, Otro"
4489649,30-10-2025,DEVOLUCION,BLUE,2153438206,METROPOLITANA DE SANTIAGO,LA PINTANA,28900,,7990,5474,5474,20-11-2025,DESTINATARIO RECHAZA ENTREGA,"Moda, Belleza, Otro"
4489284,30-10-2025,PENDIENTE CONFIRMACION,STARKEN,,ANTOFAGASTA,SAN PEDRO DE ATACAMA,20990,,3900,9341.5,0,30-10-2025,,"Cocina, Hogar, Otro"
4489109,30-10-2025,ENTREGADO,STARKEN,256346558,VALPARAISO,PUTAENDO,28900,13817.6,7990,7092.4,0,03-11-2025,,"Moda, Belleza, Otro"
4488120,30-10-2025,ENTREGADO,STARKEN,256278048,COQUIMBO,LA SERENA,28900,14127,7990,6783,0,30-10-2025,,"Moda, Belleza, Otro"
4487774,30-10-2025,DEVOLUCION,STARKEN,256296071,VALPARAISO,CARTAGENA,26990,,7000,7092.4,7092.4,30-10-2025,RECHAZADO POR CLIENTE,"Salud, Bienestar"
4487392,30-10-2025,DEVOLUCION,STARKEN,256278093,BIO - BIO,CORONEL,28900,,7990,6842.5,6842.5,30-10-2025,RECHAZADO POR CLIENTE,"Moda, Belleza, Otro"
4485749,29-10-2025,ENTREGADO,STARKEN,256278132,METROPOLITANA DE SANTIAGO,SANTIAGO,43350,21896,15980,5474,0,30-10-2025,,"Moda, Belleza, Otro"
4483264,29-10-2025,ENTREGADO,STARKEN,256278272,METROPOLITANA DE SANTIAGO,RECOLETA,28900,15436,7990,5474,0,30-10-2025,,"Moda, Belleza, Otro"
4482498,29-10-2025,DEVOLUCION,VELOCES,V4001741329,METROPOLITANA DE SANTIAGO,PUENTE ALTO,43350,,15980,5355,0,13-11-2025,,"Moda, Belleza, Otro"
4481526,29-10-2025,ENTREGADO,STARKEN,256278434,METROPOLITANA DE SANTIAGO,LA GRANJA,28900,15436,7990,5474,0,30-10-2025,,"Moda, Belleza, Otro"
4480828,29-10-2025,ENTREGADO,STARKEN,256297093,COQUIMBO,VICUNA,26990,13207,7000,6783,0,30-10-2025,,"Salud, Bienestar"
4480773,29-10-2025,DEVOLUCION,STARKEN,256278452,VALPARAISO,LA LIGUA,28900,,7990,6426,6426,30-10-2025,RECHAZADO POR CLIENTE,"Moda, Belleza, Otro"
4480614,29-10-2025,DEVOLUCION,STARKEN,256346657,VALPARAISO,LA LIGUA,28900,,7990,6426,6426,03-11-2025,RECHAZADO POR CLIENTE,"Moda, Belleza, Otro"
4479974,29-10-2025,ENTREGADO,STARKEN,256278699,COQUIMBO,LA SERENA,28900,14127,7990,6783,0,30-10-2025,,"Moda, Belleza, Otro"
4479071,29-10-2025,DEVOLUCION,STARKEN,256278791,METROPOLITANA DE SANTIAGO,PUDAHUEL,28900,,7990,5474,5474,30-10-2025,RECHAZADO POR CLIENTE,"Moda, Belleza, Otro"
4479000,29-10-2025,CANCELADO,STARKEN,,VALPARAISO,VALPARAISO,28900,,7990,6426,0,29-10-2025,,"Moda, Belleza, Otro"
4478419,29-10-2025,ENTREGADO,STARKEN,256278804,METROPOLITANA DE SANTIAGO,SAN BERNARDO,43350,21896,15980,5474,0,30-10-2025,,"Moda, Belleza, Otro"
4478282,29-10-2025,ENTREGADO,STARKEN,256278810,METROPOLITANA DE SANTIAGO,PENAFLOR,28900,14960,7990,5950,0,30-10-2025,,"Moda, Belleza, Otro"
4477973,29-10-2025,ENTREGADO,STARKEN,256278893,METROPOLITANA DE SANTIAGO,LA PINTANA,28900,15436,7990,5474,0,30-10-2025,,"Moda, Belleza, Otro"
4477765,29-10-2025,DEVOLUCION,STARKEN,256278897,ANTOFAGASTA,CALAMA,28900,,7990,7259,7259,30-10-2025,RECHAZADO POR CLIENTE,"Moda, Belleza, Otro"
4477120,28-10-2025,EN TRANSITO,STARKEN,256278940,METROPOLITANA DE SANTIAGO,MACUL,28900,,7990,5474,0,30-10-2025,RECHAZADO POR CLIENTE,"Moda, Belleza, Otro"
4476081,28-10-2025,ENTREGADO,STARKEN,256204896,METROPOLITANA DE SANTIAGO,MAIPU,28900,15436,7990,5474,0,30-10-2025,,"Moda, Belleza, Otro"
4475361,28-10-2025,DEVOLUCION,STARKEN,256278963,LIBERTADOR GENERAL BERNARDO O`HIGGINS,RANCAGUA,28900,,7990,6426,6426,30-10-2025,RECHAZADO POR CLIENTE,"Moda, Belleza, Otro"
4475349,28-10-2025,DEVOLUCION,STARKEN,256459540,LIBERTADOR GENERAL BERNARDO O`HIGGINS,RANCAGUA,43350,,15980,6426,6426,03-11-2025,RECHAZADO POR CLIENTE,"Moda, Belleza, Otro"
4475241,28-10-2025,ENTREGADO,STARKEN,256204960,ARAUCANIA,VILLARRICA,28900,14067.5,7990,6842.5,0,30-10-2025,,"Moda, Belleza, Otro"
4474910,28-10-2025,DEVOLUCION,STARKEN,256204972,ANTOFAGASTA,ANTOFAGASTA,28900,,7990,7259,7259,29-10-2025,RECHAZADO POR CLIENTE,"Moda, Belleza, Otro"
4474831,28-10-2025,ENTREGADO,STARKEN,256204977,METROPOLITANA DE SANTIAGO,PUDAHUEL,28900,15436,7990,5474,0,30-10-2025,,"Moda, Belleza, Otro"
4472970,28-10-2025,PENDIENTE CONFIRMACION,STARKEN,,ATACAMA,COPIAPO,28900,,7990,6783,0,28-10-2025,,"Moda, Belleza, Otro"
4471349,28-10-2025,DEVOLUCION,STARKEN,256205234,LOS LAGOS,OSORNO,43350,,15980,6842.5,6842.5,30-10-2025,RECHAZADO POR CLIENTE,"Moda, Belleza, Otro"
4470243,28-10-2025,DEVOLUCION,STARKEN,256205266,VALPARAISO,CONCON,28900,,7990,6426,6426,29-10-2025,RECHAZADO POR CLIENTE,"Moda, Belleza, Otro"
4470237,28-10-2025,DEVOLUCION,STARKEN,256205444,VALPARAISO,CONCON,28900,,7990,6426,6426,29-10-2025,RECHAZADO POR CLIENTE,"Moda, Belleza, Otro"
4470234,28-10-2025,CANCELADO,STARKEN,,VALPARAISO,CONCON,43350,,15980,6426,0,28-10-2025,,"Moda, Belleza, Otro"
4470167,28-10-2025,DEVOLUCION,STARKEN,256205318,ARAUCANIA,TEMUCO,43350,,15980,6842.5,6842.5,30-10-2025,RECHAZADO POR CLIENTE,"Moda, Belleza, Otro"
4470155,28-10-2025,ENTREGADO,STARKEN,256205324,VALPARAISO,QUINTERO,28900,13817.6,7990,7092.4,0,30-10-2025,,"Moda, Belleza, Otro"
4470077,28-10-2025,ENTREGADO,STARKEN,256205333,METROPOLITANA DE SANTIAGO,PADRE HURTADO,28900,14960,7990,5950,0,30-10-2025,,"Moda, Belleza, Otro"
4469314,27-10-2025,ENTREGADO,STARKEN,256223605,VALPARAISO,QUILLOTA,26990,13564,7000,6426,0,29-10-2025,,"Salud, Bienestar"
4468126,27-10-2025,ENTREGADO,STARKEN,256128170,COQUIMBO,LA SERENA,28900,14127,7990,6783,0,28-10-2025,,"Moda, Belleza, Otro"
4467929,27-10-2025,DEVOLUCION,STARKEN,256128197,METROPOLITANA DE SANTIAGO,PAINE,20990,,3900,5950,5950,28-10-2025,DIRECCION INCORRECTA,"Cocina, Hogar, Otro"
4467388,27-10-2025,ENTREGADO,STARKEN,256128238,METROPOLITANA DE SANTIAGO,PAINE,43350,21420,15980,5950,0,28-10-2025,,"Moda, Belleza, Otro"
4466971,27-10-2025,DEVOLUCION,STARKEN,256128323,METROPOLITANA DE SANTIAGO,INDEPENDENCIA,43350,,15980,5474,5474,28-10-2025,RECHAZADO POR CLIENTE,"Moda, Belleza, Otro"
4466833,27-10-2025,ENTREGADO,STARKEN,256128355,LOS LAGOS,ANCUD,20990,10247.5,3900,6842.5,0,28-10-2025,,"Cocina, Hogar, Otro"
4466517,27-10-2025,CANCELADO,STARKEN,,ARAUCANIA,RENAICO,53980,,21000,8722.7,0,27-10-2025,,"Salud, Bienestar"
4466373,27-10-2025,ENTREGADO,STARKEN,256128464,ANTOFAGASTA,ANTOFAGASTA,28900,13651,7990,7259,0,28-10-2025,,"Moda, Belleza, Otro"
4465986,27-10-2025,ENTREGADO,STARKEN,256128578,METROPOLITANA DE SANTIAGO,SAN BERNARDO,20990,11616,3900,5474,0,28-10-2025,,"Cocina, Hogar, Otro"
4463560,27-10-2025,DEVOLUCION,STARKEN,256128712,LOS LAGOS,CALBUCO,28900,,7990,6842.5,6842.5,28-10-2025,RECHAZADO POR CLIENTE,"Moda, Belleza, Otro"
4462889,27-10-2025,ENTREGADO,STARKEN,256128749,ARAUCANIA,TEMUCO,28900,14067.5,7990,6842.5,0,28-10-2025,,"Moda, Belleza, Otro"
4462456,27-10-2025,DEVOLUCION,STARKEN,256205464,VALPARAISO,EL TABO,43350,,15980,7092.4,7092.4,29-10-2025,RECHAZADO POR CLIENTE,"Moda, Belleza, Otro"
4462302,27-10-2025,ENTREGADO,STARKEN,256128753,METROPOLITANA DE SANTIAGO,PUDAHUEL,28900,15436,7990,5474,0,28-10-2025,,"Moda, Belleza, Otro"
4462265,27-10-2025,DEVOLUCION,STARKEN,256128769,METROPOLITANA DE SANTIAGO,CURACAVI,28900,,7990,5950,5950,28-10-2025,DIRECCION INCORRECTA,"Moda, Belleza, Otro"
4461960,27-10-2025,CANCELADO,STARKEN,,ARAUCANIA,LAUTARO,28900,,7990,6842.5,0,27-10-2025,,"Moda, Belleza, Otro"
4461851,26-10-2025,DEVOLUCION,STARKEN,256046222,METROPOLITANA DE SANTIAGO,CERRO NAVIA,28900,,7990,5474,5474,28-10-2025,RECHAZADO POR CLIENTE,"Moda, Belleza, Otro"
4461752,26-10-2025,ENTREGADO,STARKEN,256046212,METROPOLITANA DE SANTIAGO,LAMPA,43350,21420,15980,5950,0,28-10-2025,,"Moda, Belleza, Otro"
4461643,26-10-2025,ENTREGADO,STARKEN,256046236,METROPOLITANA DE SANTIAGO,LA FLORIDA,20990,11616,3900,5474,0,27-10-2025,,"Cocina, Hogar, Otro"
4461003,26-10-2025,DEVOLUCION,STARKEN,256297257,LIBERTADOR GENERAL BERNARDO O`HIGGINS,LAS CABRAS,26990,,7000,8092,8092,30-10-2025,RECHAZADO POR CLIENTE,"Salud, Bienestar"
4460823,26-10-2025,DEVOLUCION,STARKEN,256223989,ARAUCANIA,NUEVA IMPERIAL,40485,,14000,6842.5,6842.5,29-10-2025,RECHAZADO POR CLIENTE,"Salud, Bienestar"
4460428,26-10-2025,DEVOLUCION,STARKEN,256046333,VALPARAISO,VALPARAISO,20990,,3900,6426,6426,27-10-2025,NO SE UBICA DESTINATARIO,"Cocina, Hogar, Otro"
4460176,26-10-2025,ENTREGADO,STARKEN,256046351,ARAUCANIA,TEMUCO,20990,10247.5,3900,6842.5,0,27-10-2025,,"Cocina, Hogar, Otro"
4459517,26-10-2025,DEVOLUCION,STARKEN,256046397,METROPOLITANA DE SANTIAGO,SANTIAGO,28900,,7990,5474,5474,28-10-2025,NO SE UBICA DESTINATARIO,"Moda, Belleza, Otro"
4459190,26-10-2025,CANCELADO,STARKEN,,ATACAMA,COPIAPO,20990,,3900,6783,0,26-10-2025,,"Cocina, Hogar, Otro"
4459174,26-10-2025,ENTREGADO,STARKEN,256046503,ATACAMA,COPIAPO,20990,10307,3900,6783,0,27-10-2025,,"Cocina, Hogar, Otro"
4458939,26-10-2025,ENTREGADO,STARKEN,256046541,ANTOFAGASTA,CALAMA,28900,13651,7990,7259,0,28-10-2025,,"Moda, Belleza, Otro"
4458805,26-10-2025,CANCELADO,STARKEN,,ANTOFAGASTA,CALAMA,43350,,15980,7259,0,26-10-2025,,"Moda, Belleza, Otro"
4458017,26-10-2025,ENTREGADO,STARKEN,256046572,ÑUBLE,SAN CARLOS,43350,20527.5,15980,6842.5,0,28-10-2025,,"Moda, Belleza, Otro"
4457058,26-10-2025,DEVOLUCION,STARKEN,256297270,VALPARAISO,CABILDO,26990,,7000,7092.4,7092.4,30-10-2025,RECHAZADO POR CLIENTE,"Salud, Bienestar"
4456146,26-10-2025,DEVOLUCION,STARKEN,256047158,METROPOLITANA DE SANTIAGO,BUIN,43350,,15980,5950,5950,28-10-2025,RECHAZADO POR CLIENTE,"Moda, Belleza, Otro"
4456143,26-10-2025,DEVOLUCION,STARKEN,256047185,ATACAMA,ALTO DEL CARMEN,28900,,7990,7520.8,7520.8,28-10-2025,RECHAZADO POR CLIENTE,"Moda, Belleza, Otro"
4456062,26-10-2025,ENTREGADO,STARKEN,256047210,ANTOFAGASTA,MARIA ELENA,28900,11568.5,7990,9341.5,0,28-10-2025,,"Moda, Belleza, Otro"
4455050,26-10-2025,ENTREGADO,STARKEN,256047302,LIBERTADOR GENERAL BERNARDO O`HIGGINS,CHIMBARONGO,28900,13817.6,7990,7092.4,0,28-10-2025,,"Moda, Belleza, Otro"
4454961,26-10-2025,ENTREGADO,STARKEN,256063073,ANTOFAGASTA,ANTOFAGASTA,26990,12731,7000,7259,0,27-10-2025,,"Salud, Bienestar"
4454777,26-10-2025,DEVOLUCION,STARKEN,256047331,METROPOLITANA DE SANTIAGO,PENAFLOR,43350,,15980,5950,5950,30-10-2025,RECHAZADO POR CLIENTE,"Moda, Belleza, Otro"
4454612,26-10-2025,ENTREGADO,BLUE,2139449830,LIBERTADOR GENERAL BERNARDO O`HIGGINS,SAN VICENTE,28900,13379.86,7990,7530.14,0,28-10-2025,,"Moda, Belleza, Otro"
4453946,25-10-2025,DEVOLUCION,STARKEN,256047447,METROPOLITANA DE SANTIAGO,LA FLORIDA,28900,,7990,5474,5474,28-10-2025,RECHAZADO POR CLIENTE,"Moda, Belleza, Otro"
4453707,25-10-2025,DEVOLUCION,STARKEN,256047516,ANTOFAGASTA,ANTOFAGASTA,28900,,7990,7259,7259,28-10-2025,RECHAZADO POR CLIENTE,"Moda, Belleza, Otro"
4453652,25-10-2025,ENTREGADO,STARKEN,256047541,LOS RIOS,VALDIVIA,28900,14067.5,7990,6842.5,0,28-10-2025,,"Moda, Belleza, Otro"
4453631,25-10-2025,ENTREGADO,STARKEN,256047558,LOS RIOS,VALDIVIA,43350,20527.5,15980,6842.5,0,28-10-2025,,"Moda, Belleza, Otro"
4452606,25-10-2025,ENTREGADO,STARKEN,256047589,ÑUBLE,SAN CARLOS,28900,14067.5,7990,6842.5,0,28-10-2025,,"Moda, Belleza, Otro"
4452426,25-10-2025,ENTREGADO,STARKEN,256047620,ATACAMA,COPIAPO,28900,14127,7990,6783,0,28-10-2025,,"Moda, Belleza, Otro"
4448591,25-10-2025,ENTREGADO,STARKEN,255971266,LIBERTADOR GENERAL BERNARDO O`HIGGINS,SAN FERNANDO,28900,14484,7990,6426,0,28-10-2025,,"Moda, Belleza, Otro"
4447421,25-10-2025,ENTREGADO,STARKEN,255971271,LOS LAGOS,CASTRO,28900,14067.5,7990,6842.5,0,28-10-2025,,"Moda, Belleza, Otro"
4446953,24-10-2025,ENTREGADO,STARKEN,255971293,ARAUCANIA,TEMUCO,20990,10247.5,3900,6842.5,0,27-10-2025,,"Cocina, Hogar, Otro"
4446433,24-10-2025,CANCELADO,STARKEN,,MAULE,CURICO,43350,,15980,6842.5,0,29-10-2025,,"Moda, Belleza, Otro"
4446155,24-10-2025,ENTREGADO,STARKEN,255971277,MAULE,PELLUHUE,28900,13317.8,7990,7592.2,0,28-10-2025,,"Moda, Belleza, Otro"
4443078,24-10-2025,DEVOLUCION,STARKEN,255971339,METROPOLITANA DE SANTIAGO,SAN JOAQUIN,20990,,3900,5474,5474,27-10-2025,RECHAZADO POR CLIENTE,"Cocina, Hogar, Otro"
4442508,24-10-2025,CANCELADO,STARKEN,,ANTOFAGASTA,ANTOFAGASTA,57800,,23970,7259,0,29-10-2025,,"Moda, Belleza, Otro"
4442443,24-10-2025,ENTREGADO,STARKEN,255971358,ANTOFAGASTA,CALAMA,57800,26571,23970,7259,0,28-10-2025,,"Moda, Belleza, Otro"
4442268,24-10-2025,CANCELADO,BLUE,,METROPOLITANA DE SANTIAGO,EL BOSQUE,28900,,7990,5785.54,0,24-10-2025,,"Moda, Belleza, Otro"
4440497,24-10-2025,DEVOLUCION,STARKEN,255971363,VALPARAISO,PUTAENDO,20990,,3900,7092.4,7092.4,27-10-2025,RECHAZADO POR CLIENTE,"Cocina, Hogar, Otro"
4439966,23-10-2025,ENTREGADO,STARKEN,255971384,VALPARAISO,LA LIGUA,28900,14484,7990,6426,0,29-10-2025,,"Moda, Belleza, Otro"
4439249,23-10-2025,DEVOLUCION,STARKEN,255971388,ANTOFAGASTA,CALAMA,28900,,7990,7259,7259,30-10-2025,RECHAZADO POR CLIENTE,"Moda, Belleza, Otro"
4438783,23-10-2025,ENTREGADO,BLUE,2138346442,BIO - BIO,CANETE,20990,7062.23,3900,10027.77,0,25-10-2025,,"Cocina, Hogar, Otro"
4436763,23-10-2025,ENTREGADO,STARKEN,255908129,METROPOLITANA DE SANTIAGO,SAN JOAQUIN,20990,11616,3900,5474,0,24-10-2025,,"Cocina, Hogar, Otro"
4435161,23-10-2025,ENTREGADO,STARKEN,255908215,MAULE,CURICO,28900,14067.5,7990,6842.5,0,30-10-2025,,"Moda, Belleza, Otro"
4434828,23-10-2025,ENTREGADO,STARKEN,255908254,MAULE,CAUQUENES,20990,10247.5,3900,6842.5,0,24-10-2025,,"Cocina, Hogar, Otro"
4433075,23-10-2025,DEVOLUCION,STARKEN,255908345,LIBERTADOR GENERAL BERNARDO O`HIGGINS,CHIMBARONGO,28900,,7990,7092.4,7092.4,30-10-2025,RECHAZADO POR CLIENTE,"Moda, Belleza, Otro"
4431248,22-10-2025,RECHAZADO,BLUE,2137127812,ATACAMA,EL SALVADOR,28900,,7990,10391.91,0,28-10-2025,,"Moda, Belleza, Otro"
4429933,22-10-2025,ENTREGADO,STARKEN,255838048,ANTOFAGASTA,CALAMA,28900,13651,7990,7259,0,23-10-2025,,"Moda, Belleza, Otro"
4428538,22-10-2025,ENTREGADO,STARKEN,255838148,ÑUBLE,CHILLAN,20990,10247.5,3900,6842.5,0,23-10-2025,,"Cocina, Hogar, Otro"
4427621,22-10-2025,RECHAZADO,STARKEN,255838129,LIBERTADOR GENERAL BERNARDO O`HIGGINS,RANCAGUA,43350,,15980,6426,0,28-10-2025,,"Moda, Belleza, Otro"
4425361,22-10-2025,RECHAZADO,STARKEN,255752873,ANTOFAGASTA,CALAMA,28900,,7990,7259,0,28-10-2025,,"Moda, Belleza, Otro"
4424744,22-10-2025,ENTREGADO,STARKEN,255838269,ANTOFAGASTA,CALAMA,28900,13651,7990,7259,0,23-10-2025,,"Moda, Belleza, Otro"
4424329,22-10-2025,DEVOLUCION,BLUE,2136384784,LIBERTADOR GENERAL BERNARDO O`HIGGINS,PLACILLA,26900,,5000,7530.14,7530.14,22-10-2025,,"Belleza, Salud"
4424313,22-10-2025,DEVOLUCION,STARKEN,255752980,METROPOLITANA DE SANTIAGO,QUINTA NORMAL,26900,,5000,5474,5474,22-10-2025,RECHAZADO POR CLIENTE,"Belleza, Salud"
4423936,22-10-2025,ENTREGADO,STARKEN,255752928,ANTOFAGASTA,ANTOFAGASTA,20990,9831,3900,7259,0,22-10-2025,,"Cocina, Hogar, Otro"
4423752,22-10-2025,ENTREGADO,STARKEN,255752955,METROPOLITANA DE SANTIAGO,ESTACION CENTRAL,28900,15436,7990,5474,0,23-10-2025,,"Moda, Belleza, Otro"
4423744,22-10-2025,DEVOLUCION,VELOCES,V4001708427,METROPOLITANA DE SANTIAGO,PUENTE ALTO,57477,,26000,5355,0,27-10-2025,El cliente se niega a recibir,Hogar
4423132,21-10-2025,ENTREGADO,BLUE,2136384633,ÑUBLE,CHILLAN VIEJO,28900,13182.38,7990,7727.62,0,22-10-2025,,"Moda, Belleza, Otro"
4422843,21-10-2025,DEVOLUCION,STARKEN,255752967,METROPOLITANA DE SANTIAGO,HUECHURABA,43350,,15980,5474,5474,22-10-2025,RECHAZADO POR CLIENTE,"Moda, Belleza, Otro"
4420906,21-10-2025,ENTREGADO,STARKEN,255753043,MAULE,CAUQUENES,43350,20527.5,15980,6842.5,0,22-10-2025,,"Moda, Belleza, Otro"
4420720,21-10-2025,DEVOLUCION,STARKEN,256205408,METROPOLITANA DE SANTIAGO,LAMPA,20990,,3900,5950,5950,29-10-2025,RECHAZADO POR CLIENTE,"Cocina, Hogar, Otro"
4420580,21-10-2025,DEVOLUCION,STARKEN,255838325,ANTOFAGASTA,CALAMA,28900,,7990,7259,7259,23-10-2025,RECHAZADO POR CLIENTE,"Moda, Belleza, Otro"
4420317,21-10-2025,ENTREGADO,STARKEN,255753084,ANTOFAGASTA,TALTAL,20990,7748.5,3900,9341.5,0,22-10-2025,,"Cocina, Hogar, Otro"
4419643,21-10-2025,ENTREGADO,STARKEN,255753810,ANTOFAGASTA,CALAMA,26900,14641,5000,7259,0,22-10-2025,,"Belleza, Salud"
4417482,21-10-2025,CANCELADO,STARKEN,,LIBERTADOR GENERAL BERNARDO O`HIGGINS,SAN FERNANDO,43350,,15980,6426,0,21-10-2025,,"Moda, Belleza, Otro"
4417111,21-10-2025,ENTREGADO,STARKEN,255678463,LIBERTADOR GENERAL BERNARDO O`HIGGINS,PICHILEMU,43350,19278,15980,8092,0,21-10-2025,,"Moda, Belleza, Otro"
4416773,21-10-2025,DEVOLUCION,STARKEN,255678480,METROPOLITANA DE SANTIAGO,LA FLORIDA,28900,,7990,5474,5474,21-10-2025,RECHAZADO POR CLIENTE,"Moda, Belleza, Otro"
4416064,20-10-2025,CERRADO CON PROBLEMA CONTACTAR CON EJECUTIVO,STARKEN,255678549,ANTOFAGASTA,ANTOFAGASTA,28900,,7990,7259,0,21-10-2025,RECHAZADO POR CLIENTE,"Moda, Belleza, Otro"
4415220,20-10-2025,ENTREGADO,STARKEN,255678603,ANTOFAGASTA,ANTOFAGASTA,28900,13651,7990,7259,0,21-10-2025,,"Moda, Belleza, Otro"
4413728,20-10-2025,ENTREGADO,STARKEN,255678753,LIBERTADOR GENERAL BERNARDO O`HIGGINS,SAN FERNANDO,28900,14484,7990,6426,0,21-10-2025,,"Moda, Belleza, Otro"
4412584,20-10-2025,DEVOLUCION,STARKEN,255908410,ANTOFAGASTA,ANTOFAGASTA,57800,,23970,7259,7259,27-10-2025,RECHAZADO POR CLIENTE,"Moda, Belleza, Otro"
4411920,20-10-2025,CANCELADO,STARKEN,,LOS LAGOS,OSORNO,34350,,5700,6842.5,0,20-10-2025,,"Tecnología, Salud"
4411668,20-10-2025,DEVOLUCION,STARKEN,255626051,LOS LAGOS,OSORNO,22900,,2850,6842.5,6842.5,22-10-2025,RECHAZADO POR CLIENTE,"Tecnología, Salud"
4409690,20-10-2025,ENTREGADO,STARKEN,255678998,BIO - BIO,ANTUCO,43350,18647.3,15980,8722.7,0,21-10-2025,,"Moda, Belleza, Otro"
4408983,20-10-2025,ENTREGADO,STARKEN,255577962,METROPOLITANA DE SANTIAGO,BUIN,37485,18535,13000,5950,0,20-10-2025,,Hogar
4408840,20-10-2025,DEVOLUCION,STARKEN,255584413,ATACAMA,VALLENAR,43350,,15980,7520.8,7520.8,21-10-2025,,"Moda, Belleza, Otro"
4408720,20-10-2025,DEVOLUCION,STARKEN,255584442,METROPOLITANA DE SANTIAGO,SAN BERNARDO,28900,,7990,5474,5474,21-10-2025,RECHAZADO POR CLIENTE,"Moda, Belleza, Otro"
4408268,20-10-2025,ENTREGADO,STARKEN,255584499,METROPOLITANA DE SANTIAGO,CERRO NAVIA,28900,15436,7990,5474,0,21-10-2025,,"Moda, Belleza, Otro"
4408264,20-10-2025,CANCELADO,STARKEN,,METROPOLITANA DE SANTIAGO,CERRO NAVIA,43350,,15980,5474,0,20-10-2025,,"Moda, Belleza, Otro"
4407994,20-10-2025,DEVOLUCION,STARKEN,255584520,METROPOLITANA DE SANTIAGO,LAS CONDES,28900,,7990,5474,5474,21-10-2025,,"Moda, Belleza, Otro"
4407988,20-10-2025,ENTREGADO,STARKEN,255580034,VALPARAISO,VILLA ALEMANA,28900,13484,8990,6426,0,21-10-2025,,"Moda, Belleza"
4407371,19-10-2025,DEVOLUCION,STARKEN,255615456,METROPOLITANA DE SANTIAGO,MELIPILLA,34350,,5700,6664,6664,23-10-2025,RECHAZADO POR CLIENTE,"Tecnología, Salud"
4406806,19-10-2025,RECHAZADO,STARKEN,,LOS LAGOS,ANCUD,43350,,15980,6842.5,0,25-11-2025,,"Moda, Belleza, Otro"
4406551,19-10-2025,ENTREGADO,STARKEN,255584616,ANTOFAGASTA,CALAMA,43350,20111,15980,7259,0,21-10-2025,,"Moda, Belleza, Otro"
4405175,19-10-2025,ENTREGADO,STARKEN,255584755,METROPOLITANA DE SANTIAGO,MAIPU,28900,15436,7990,5474,0,21-10-2025,,"Moda, Belleza, Otro"
4404106,19-10-2025,DEVOLUCION,STARKEN,255584832,METROPOLITANA DE SANTIAGO,PEDRO AGUIRRE CERDA,28900,,7990,5474,5474,21-10-2025,RECHAZADO POR CLIENTE,"Moda, Belleza, Otro"
4403594,19-10-2025,ENTREGADO,STARKEN,255584908,COQUIMBO,SALAMANCA,28900,13389.2,7990,7520.8,0,21-10-2025,,"Moda, Belleza, Otro"
4402143,19-10-2025,ENTREGADO,STARKEN,255585117,ANTOFAGASTA,ANTOFAGASTA,28900,13651,7990,7259,0,21-10-2025,,"Moda, Belleza, Otro"
4401364,19-10-2025,ENTREGADO,STARKEN,255585222,COQUIMBO,SALAMANCA,28900,13389.2,7990,7520.8,0,21-10-2025,,"Moda, Belleza, Otro"
4400876,19-10-2025,ENTREGADO,STARKEN,255582327,METROPOLITANA DE SANTIAGO,MAIPU,28900,14436,8990,5474,0,21-10-2025,,"Moda, Belleza"
4400082,18-10-2025,DEVOLUCION,STARKEN,255582627,METROPOLITANA DE SANTIAGO,HUECHURABA,28900,,8990,5474,5474,21-10-2025,RECHAZADO POR CLIENTE,"Moda, Belleza"
4399760,18-10-2025,DEVOLUCION,STARKEN,255585297,ANTOFAGASTA,ANTOFAGASTA,43350,,15980,7259,7259,21-10-2025,RECHAZADO POR CLIENTE,"Moda, Belleza, Otro"
4398060,18-10-2025,ENTREGADO,STARKEN,255585893,VALPARAISO,QUILLOTA,37485,18059,13000,6426,0,20-10-2025,,Hogar
4398011,18-10-2025,DEVOLUCION,STARKEN,255585401,METROPOLITANA DE SANTIAGO,LA FLORIDA,28900,,7990,5474,5474,21-10-2025,RECHAZADO POR CLIENTE,"Moda, Belleza, Otro"
4396608,18-10-2025,ENTREGADO,STARKEN,255587805,ANTOFAGASTA,MEJILLONES,24990,9148.5,6500,9341.5,0,21-10-2025,,Hogar
4396121,18-10-2025,CANCELADO,STARKEN,,VALPARAISO,QUILLOTA,24990,,6500,6426,0,18-10-2025,,Hogar
4395119,18-10-2025,ENTREGADO,STARKEN,255588503,METROPOLITANA DE SANTIAGO,ESTACION CENTRAL,24900,15926,3500,5474,0,20-10-2025,,"Belleza, Salud"
4393488,18-10-2025,ENTREGADO,STARKEN,255543370,LOS LAGOS,OSORNO,22900,13207.5,2850,6842.5,0,21-10-2025,,"Tecnología, Salud"
4393088,17-10-2025,DEVOLUCION,BLUE,2134929510,COQUIMBO,OVALLE,28900,,7990,7727.62,7727.62,20-10-2025,DESTINATARIO RECHAZA ENTREGA,"Moda, Belleza, Otro"
4392998,17-10-2025,ENTREGADO,BLUE,2134926953,ANTOFAGASTA,ANTOFAGASTA,43350,16914.1,17980,8455.9,0,20-10-2025,,"Moda, Belleza"
4392690,17-10-2025,ENTREGADO,BLUE,2134929602,MAULE,VICHUQUEN,28900,11610.51,7990,9299.49,0,20-10-2025,,"Moda, Belleza, Otro"
4390301,17-10-2025,ENTREGADO,STARKEN,255516716,METROPOLITANA DE SANTIAGO,RENCA,43350,21896,15980,5474,0,20-10-2025,,"Moda, Belleza, Otro"
4386103,17-10-2025,DEVOLUCION,STARKEN,255451053,ANTOFAGASTA,ANTOFAGASTA,57800,,23970,7259,7259,17-10-2025,RECHAZADO POR CLIENTE,"Moda, Belleza, Otro"
4385489,16-10-2025,ENTREGADO,STARKEN,255517795,LOS LAGOS,PUERTO MONTT,28900,13067.5,8990,6842.5,0,20-10-2025,DIRECCION INCORRECTA,"Moda, Belleza"
4385056,16-10-2025,ENTREGADO,STARKEN,255451938,COQUIMBO,CANELA,28900,13389.2,7990,7520.8,0,17-10-2025,,"Moda, Belleza, Otro"
4384825,16-10-2025,ENTREGADO,STARKEN,255451378,ANTOFAGASTA,CALAMA,28900,13651,7990,7259,0,17-10-2025,,"Moda, Belleza, Otro"
4383313,16-10-2025,DEVOLUCION,STARKEN,255454822,METROPOLITANA DE SANTIAGO,SANTIAGO,24900,,3500,5474,5474,17-10-2025,RECHAZADO POR CLIENTE,"Belleza, Salud"
4383107,16-10-2025,ENTREGADO,STARKEN,255449242,LIBERTADOR GENERAL BERNARDO O`HIGGINS,RANCAGUA,43350,17944,18980,6426,0,17-10-2025,,"Moda, Belleza"
4382019,16-10-2025,ENTREGADO,STARKEN,255451899,ANTOFAGASTA,CALAMA,28900,13651,7990,7259,0,17-10-2025,,"Moda, Belleza, Otro"
4378846,16-10-2025,DEVOLUCION,STARKEN,255449624,BIO - BIO,LOS ANGELES,28900,,8990,6842.5,6842.5,17-10-2025,,"Moda, Belleza"
4376778,15-10-2025,ENTREGADO,STARKEN,255449899,BIO - BIO,SANTA BARBARA,28900,12317.8,8990,7592.2,0,18-10-2025,,"Moda, Belleza"
4371425,15-10-2025,ENTREGADO,STARKEN,255369380,LOS LAGOS,OSORNO,28900,14067.5,7990,6842.5,0,16-10-2025,,"Moda, Belleza, Otro"
4371400,15-10-2025,ENTREGADO,STARKEN,255369390,LOS LAGOS,OSORNO,28900,14067.5,7990,6842.5,0,16-10-2025,,"Moda, Belleza, Otro"
4370826,15-10-2025,ENTREGADO,STARKEN,255444039,ARAUCANIA,TEMUCO,24900,14557.5,3500,6842.5,0,17-10-2025,,"Belleza, Salud"
4368592,14-10-2025,ENTREGADO,STARKEN,255368386,METROPOLITANA DE SANTIAGO,CURACAVI,24900,15450,3500,5950,0,16-10-2025,,"Belleza, Salud"
4365639,14-10-2025,ENTREGADO,STARKEN,255278536,MAULE,TALCA,37350,23507.5,7000,6842.5,0,15-10-2025,,"Belleza, Salud"
4365040,14-10-2025,DEVOLUCION,STARKEN,255287191,BIO - BIO,CONCEPCION,28900,,9990,6842.5,6842.5,15-10-2025,RECHAZADO POR CLIENTE,"Moda, Belleza"
4364262,14-10-2025,CANCELADO,STARKEN,,BIO - BIO,CONCEPCION,28900,,8990,6842.5,0,14-10-2025,,"Moda, Belleza"
4362256,14-10-2025,DEVOLUCION,STARKEN,255288022,BIO - BIO,TALCAHUANO,28900,,8990,6842.5,6842.5,15-10-2025,RECHAZADO POR CLIENTE,"Moda, Belleza"
4361980,14-10-2025,DEVOLUCION,STARKEN,255369489,ANTOFAGASTA,ANTOFAGASTA,28900,,7990,7259,7259,16-10-2025,RECHAZADO POR CLIENTE,"Moda, Belleza, Otro"
4361017,13-10-2025,ENTREGADO,STARKEN,255285968,COQUIMBO,COQUIMBO,24900,14617,3500,6783,0,15-10-2025,,"Belleza, Salud"
4360647,13-10-2025,ENTREGADO,STARKEN,255286049,METROPOLITANA DE SANTIAGO,LAS CONDES,24900,15926,3500,5474,0,16-10-2025,,"Belleza, Salud"
4359704,13-10-2025,ENTREGADO,BLUE,2131185291,BIO - BIO,HUALPEN,24900,13350.35,3500,8049.65,0,14-10-2025,,"Belleza, Salud"
4359581,13-10-2025,CANCELADO,STARKEN,,ANTOFAGASTA,TOCOPILLA,28900,,8990,9341.5,0,16-10-2025,,"Moda, Belleza"
4359354,13-10-2025,CANCELADO,STARKEN,,ANTOFAGASTA,TOCOPILLA,28900,,7990,9341.5,0,16-10-2025,,"Moda, Belleza, Otro"
4359340,13-10-2025,CANCELADO,STARKEN,,ANTOFAGASTA,TOCOPILLA,43350,,15980,9341.5,0,16-10-2025,,"Moda, Belleza, Otro"
4354940,13-10-2025,DEVOLUCION,STARKEN,255198557,METROPOLITANA DE SANTIAGO,QUINTA NORMAL,37350,,7000,5474,5474,14-10-2025,,"Belleza, Salud"
4354241,13-10-2025,ENTREGADO,STARKEN,255202819,ATACAMA,COPIAPO,28900,13127,8990,6783,0,14-10-2025,,"Moda, Belleza"
4352729,12-10-2025,DEVOLUCION,STARKEN,255202873,BIO - BIO,CORONEL,28900,,8990,6842.5,6842.5,14-10-2025,,"Moda, Belleza"
4349416,12-10-2025,ENTREGADO,STARKEN,255113049,LIBERTADOR GENERAL BERNARDO O`HIGGINS,CHIMBARONGO,21990,13307.6,1590,7092.4,0,14-10-2025,,Tecnología
4348991,12-10-2025,ENTREGADO,STARKEN,255084438,ATACAMA,VALLENAR,21990,12879.2,1590,7520.8,0,13-10-2025,,Tecnología
4348887,12-10-2025,ENTREGADO,STARKEN,255112934,LIBERTADOR GENERAL BERNARDO O`HIGGINS,SANTA CRUZ,28900,12817.6,8990,7092.4,0,13-10-2025,NO SE UBICA DESTINATARIO,"Moda, Belleza"
4348346,12-10-2025,ENTREGADO,STARKEN,255113694,METROPOLITANA DE SANTIAGO,LAS CONDES,28900,14436,8990,5474,0,13-10-2025,,"Moda, Belleza"
4348260,12-10-2025,DEVOLUCION,BLUE,2130150470,METROPOLITANA DE SANTIAGO,PUENTE ALTO,28900,,8990,5785.54,5785.54,13-10-2025,,"Moda, Belleza"
4344695,11-10-2025,DEVOLUCION,STARKEN,255081524,BIO - BIO,TOME,32985,,3180,7592.2,7592.2,13-10-2025,RECHAZADO POR CLIENTE,Tecnología
4343924,11-10-2025,DEVOLUCION,STARKEN,255115515,ARAUCANIA,LAUTARO,28900,,8990,6842.5,6842.5,13-10-2025,RECHAZADO POR CLIENTE,"Moda, Belleza"
4343594,11-10-2025,ENTREGADO,BLUE,2130219921,BIO - BIO,CANETE,39990,18062.23,11900,10027.77,0,13-10-2025,,Vehículo
4342836,11-10-2025,ENTREGADO,STARKEN,255116012,ÑUBLE,CHILLAN,28900,13067.5,8990,6842.5,0,13-10-2025,,"Moda, Belleza"
4341942,11-10-2025,ENTREGADO,BLUE,2130178912,METROPOLITANA DE SANTIAGO,PENALOLEN,28900,14124.46,8990,5785.54,0,13-10-2025,,"Moda, Belleza"
4340988,11-10-2025,ENTREGADO,STARKEN,255060037,METROPOLITANA DE SANTIAGO,LAS CONDES,41990,16526,19990,5474,0,15-10-2025,,"Moda, Salud, Hogar, Bebé, Aseo, Bienestar, Juguetería"
4338860,10-10-2025,ENTREGADO,STARKEN,255042113,METROPOLITANA DE SANTIAGO,PUDAHUEL,26990,14192,8990,3808,0,13-10-2025,DIRECCION INCORRECTA,"Moda, Belleza"
4338505,10-10-2025,ENTREGADO,STARKEN,255042164,VALPARAISO,SAN FELIPE,28000,8574,13000,6426,0,13-10-2025,,Tecnología
4335048,10-10-2025,ENTREGADO,STARKEN,255060059,MAULE,CURICO,41990,15157.5,19990,6842.5,0,15-10-2025,,"Moda, Salud, Hogar, Bebé, Aseo, Bienestar, Juguetería"
4332815,10-10-2025,ENTREGADO,STARKEN,255060078,LOS RIOS,VALDIVIA,41990,15157.5,19990,6842.5,0,15-10-2025,,"Moda, Salud, Hogar, Bebé, Aseo, Bienestar, Juguetería"
4332807,10-10-2025,ENTREGADO,STARKEN,255060080,LOS RIOS,VALDIVIA,41990,15157.5,19990,6842.5,0,15-10-2025,,"Moda, Salud, Hogar, Bebé, Aseo, Bienestar, Juguetería"
4332446,10-10-2025,ENTREGADO,STARKEN,255045672,BIO - BIO,CABRERO,21990,13557.5,1590,6842.5,0,13-10-2025,,Tecnología
4331711,10-10-2025,DEVOLUCION,STARKEN,255045707,COQUIMBO,OVALLE,32985,,3180,6783,6783,13-10-2025,RECHAZADO POR CLIENTE,Tecnología
4330799,09-10-2025,CANCELADO,STARKEN,,METROPOLITANA DE SANTIAGO,SAN PEDRO,24990,,6490,5474,0,10-10-2025,,"Moda, Tecnología, Belleza, Salud, Natural Home, Aseo"
4330766,09-10-2025,DEVOLUCION,STARKEN,254961332,METROPOLITANA DE SANTIAGO,PEDRO AGUIRRE CERDA,37485,,11980,5474,5474,10-10-2025,RECHAZADO POR CLIENTE,"Moda, Tecnología, Belleza, Salud, Natural Home, Aseo"
4330160,09-10-2025,ENTREGADO,STARKEN,254952844,LOS LAGOS,PUERTO MONTT,32985,22962.5,3180,6842.5,0,10-10-2025,,Tecnología
4330121,09-10-2025,ENTREGADO,STARKEN,255084559,ANTOFAGASTA,ANTOFAGASTA,32985,22546,3180,7259,0,13-10-2025,,Tecnología
4329809,09-10-2025,DEVOLUCION,BLUE,2128040235,METROPOLITANA DE SANTIAGO,EL BOSQUE,21990,,1590,5785.54,5785.54,10-10-2025,DESTINATARIO RECHAZA ENTREGA,Tecnología
4329653,09-10-2025,ENTREGADO,STARKEN,254933924,COQUIMBO,OVALLE,24990,11717,6490,6783,0,10-10-2025,,"Moda, Tecnología, Belleza, Salud, Natural Home, Aseo"
4329606,09-10-2025,DEVOLUCION,STARKEN,254934125,ANTOFAGASTA,CALAMA,24990,,6490,7259,7259,13-10-2025,RECHAZADO POR CLIENTE,"Moda, Tecnología, Belleza, Salud, Natural Home, Aseo"
4328551,09-10-2025,DEVOLUCION,STARKEN,254934141,MAULE,LINARES,37485,,12480,7592.2,7592.2,10-10-2025,RECHAZADO POR CLIENTE,"Moda, Tecnología, Belleza, Salud, Natural Home, Aseo"
4327773,09-10-2025,DEVOLUCION,STARKEN,254933581,METROPOLITANA DE SANTIAGO,SAN BERNARDO,24990,,6490,5474,5474,10-10-2025,RECHAZADO POR CLIENTE,"Moda, Tecnología, Belleza, Salud, Natural Home, Aseo"
4324713,09-10-2025,DEVOLUCION,STARKEN,254879144,LOS LAGOS,PUERTO MONTT,37485,,12980,6842.5,6842.5,13-10-2025,RECHAZADO POR CLIENTE,"Moda, Tecnología, Belleza, Salud, Natural Home, Aseo"
4321313,08-10-2025,ENTREGADO,STARKEN,254858780,MAULE,CURICO,24990,11657.5,6490,6842.5,0,13-10-2025,,"Moda, Tecnología, Belleza, Salud, Natural Home, Aseo"
4321254,08-10-2025,DEVOLUCION,STARKEN,254858783,LOS RIOS,VALDIVIA,24990,,6490,6842.5,6842.5,10-10-2025,RECHAZADO POR CLIENTE,"Moda, Tecnología, Belleza, Salud, Natural Home, Aseo"
4321021,08-10-2025,ENTREGADO,STARKEN,254838523,METROPOLITANA DE SANTIAGO,PUDAHUEL,37485,20031,11980,5474,0,09-10-2025,,"Moda, Tecnología, Belleza, Salud, Natural Home, Aseo"
4320296,08-10-2025,CANCELADO,STARKEN,,METROPOLITANA DE SANTIAGO,PUDAHUEL,24990,,6490,5474,0,08-10-2025,,"Moda, Tecnología, Belleza, Salud, Natural Home, Aseo"
4319389,08-10-2025,CANCELADO,STARKEN,,LIBERTADOR GENERAL BERNARDO O`HIGGINS,RANCAGUA,39990,,6990,6426,0,10-10-2025,,Cocina
4314987,08-10-2025,CANCELADO,STARKEN,,ATACAMA,VALLENAR,19990,,3500,7520.8,0,08-10-2025,,Hogar
4313688,07-10-2025,ENTREGADO,STARKEN,254760631,VALPARAISO,PAPUDO,37485,18412.6,11980,7092.4,0,08-10-2025,,"Moda, Tecnología, Belleza, Salud, Natural Home, Aseo"
4310029,07-10-2025,ENTREGADO,STARKEN,254734616,LIBERTADOR GENERAL BERNARDO O`HIGGINS,RANCAGUA,24990,12074,6490,6426,0,08-10-2025,,"Moda, Tecnología, Belleza, Salud, Natural Home, Aseo"
4305061,06-10-2025,ENTREGADO,STARKEN,254612328,COQUIMBO,COQUIMBO,24990,12217,5990,6783,0,07-10-2025,,"Moda, Tecnología, Belleza, Salud, Natural Home, Aseo"
4304736,06-10-2025,ENTREGADO,STARKEN,254722489,METROPOLITANA DE SANTIAGO,SAN BERNARDO,19990,11016,3500,5474,0,08-10-2025,,Hogar
4302704,06-10-2025,ENTREGADO,STARKEN,254612377,VALPARAISO,VINA DEL MAR,24990,12074,6490,6426,0,07-10-2025,RECHAZADO POR CLIENTE,"Moda, Tecnología, Belleza, Salud, Natural Home, Aseo"
4301536,06-10-2025,ENTREGADO,STARKEN,254612438,METROPOLITANA DE SANTIAGO,PEDRO AGUIRRE CERDA,24990,13026,6490,5474,0,07-10-2025,,"Moda, Tecnología, Belleza, Salud, Natural Home, Aseo"
4297826,05-10-2025,ENTREGADO,STARKEN,254556278,COQUIMBO,COQUIMBO,49990,18217,24990,6783,0,09-10-2025,,Tecnología
4293500,05-10-2025,CANCELADO,STARKEN,,VALPARAISO,LOS ANDES,21990,,1590,6426,0,05-10-2025,,Tecnología
4291688,05-10-2025,ENTREGADO,STARKEN,254512175,VALPARAISO,SAN FELIPE,40485,20059,14000,6426,0,06-10-2025,,Hogar
4289417,04-10-2025,ENTREGADO,STARKEN,254525846,LOS LAGOS,PUERTO MONTT,21990,13557.5,1590,6842.5,0,06-10-2025,,Tecnología
4284377,04-10-2025,ENTREGADO,STARKEN,254448097,LOS RIOS,VALDIVIA,32985,22962.5,3180,6842.5,0,06-10-2025,DIRECCION INCORRECTA,Tecnología
4284253,04-10-2025,ENTREGADO,STARKEN,254459319,VALPARAISO,QUINTERO,29990,18597.6,4300,7092.4,0,06-10-2025,DIRECCION INCORRECTA,"Moda, Cocina, Hogar"
4281198,03-10-2025,DEVOLUCION,STARKEN,254448392,LOS LAGOS,DALCAHUE,21990,,1590,8722.7,8722.7,06-10-2025,,Tecnología
4781688,30-11-2025,ENTREGADO,STARKEN,258671086,METROPOLITANA DE SANTIAGO,SANTIAGO,28900,15436,7990,5474,0,05-12-2025,,"Moda, Belleza, Otro"
4781640,30-11-2025,CANCELADO,STARKEN,,METROPOLITANA DE SANTIAGO,SANTIAGO,43350,,15980,5474,0,30-11-2025,,"Moda, Belleza, Otro"
4781282,30-11-2025,ENTREGADO,STARKEN,258648616,METROPOLITANA DE SANTIAGO,SAN BERNARDO,26900,14426,7000,5474,0,01-12-2025,,"Belleza, Hogar, Otro"
4781120,30-11-2025,ENTREGADO,STARKEN,258662277,COQUIMBO,COQUIMBO,20990,9207,5000,6783,0,01-12-2025,,"Cocina, Hogar"
4780653,30-11-2025,PENDIENTE CONFIRMACION,STARKEN,,ANTOFAGASTA,ANTOFAGASTA,26900,,7490,7259,0,30-11-2025,,Belleza
4780608,30-11-2025,DEVOLUCION,STARKEN,258686224,METROPOLITANA DE SANTIAGO,LA PINTANA,26900,,7490,5474,5474,02-12-2025,RECHAZADO POR CLIENTE,Belleza
4780120,30-11-2025,ENTREGADO,STARKEN,258652588,METROPOLITANA DE SANTIAGO,LAS CONDES,31485,18511,7500,5474,0,02-12-2025,,"Belleza, Bienestar"
4779384,30-11-2025,ENTREGADO,STARKEN,258686256,ATACAMA,COPIAPO,28900,12367,9750,6783,0,02-12-2025,,Belleza
4779354,30-11-2025,ENTREGADO,STARKEN,258666828,ÑUBLE,CHILLAN,26990,13147.5,7000,6842.5,0,01-12-2025,,"Salud, Bienestar"
4779318,30-11-2025,ENTREGADO,STARKEN,258691009,ARAUCANIA,VILLARRICA,20990,10397.5,3750,6842.5,0,02-12-2025,,"Belleza, Bienestar"
4779027,30-11-2025,ENTREGADO,STARKEN,258652673,VALPARAISO,LLAILLAY,20990,10814,3750,6426,0,02-12-2025,,"Belleza, Bienestar"
4779021,30-11-2025,ENTREGADO,STARKEN,258686282,COQUIMBO,LA SERENA,26900,12627,7490,6783,0,04-12-2025,,Belleza
4778420,30-11-2025,ENTREGADO,STARKEN,258662291,METROPOLITANA DE SANTIAGO,NUNOA,20990,10516,5000,5474,0,02-12-2025,,"Cocina, Hogar"
4777921,30-11-2025,DEVOLUCION,BLUE,2161859346,METROPOLITANA DE SANTIAGO,SAN BERNARDO,24900,,6300,6170.72,6170.72,02-12-2025,ENTREGA RECHAZADA POR DESTINATARIO,Salud
4777917,30-11-2025,NOVEDAD SOLUCIONADA,STARKEN,258686292,METROPOLITANA DE SANTIAGO,MACUL,26900,,7490,5474,0,02-12-2025,RECHAZADO POR CLIENTE,Belleza
4777597,30-11-2025,ENTREGADO,STARKEN,258599161,COQUIMBO,SALAMANCA,20990,8469.2,5000,7520.8,0,01-12-2025,,"Cocina, Hogar"
4777221,30-11-2025,ENTREGADO,STARKEN,258686486,ÑUBLE,YUNGAY,28900,11557.8,9750,7592.2,0,02-12-2025,,Belleza
4777095,30-11-2025,ENTREGADO,STARKEN,258606254,VALPARAISO,ALGARROBO,26990,12897.6,7000,7092.4,0,01-12-2025,,"Salud, Bienestar"
4777026,30-11-2025,DEVOLUCION,STARKEN,258662307,VALPARAISO,QUILLOTA,20990,,5000,6426,6426,02-12-2025,RECHAZADO POR CLIENTE,"Cocina, Hogar"
4776600,30-11-2025,NOVEDAD SOLUCIONADA,STARKEN,258671771,METROPOLITANA DE SANTIAGO,SANTIAGO,28900,,7990,5474,0,05-12-2025,NO SE UBICA DESTINATARIO,"Moda, Belleza, Otro"
4776373,30-11-2025,DEVOLUCION,STARKEN,258671919,LIBERTADOR GENERAL BERNARDO O`HIGGINS,RENGO,28900,,7990,6426,6426,05-12-2025,RECHAZADO POR CLIENTE,"Moda, Belleza, Otro"
4776146,30-11-2025,ENTREGADO,STARKEN,258686518,COQUIMBO,LA SERENA,26900,12627,7490,6783,0,04-12-2025,,Belleza
4775961,30-11-2025,ENTREGADO,STARKEN,258606314,MAULE,CAUQUENES,40485,19642.5,14000,6842.5,0,01-12-2025,,"Salud, Bienestar"
4774936,30-11-2025,ENTREGADO,BLUE,2162400074,METROPOLITANA DE SANTIAGO,SAN MIGUEL,20990,10204.46,5000,5785.54,0,01-12-2025,,"Cocina, Hogar"
4774806,30-11-2025,DEVOLUCION,STARKEN,258606383,METROPOLITANA DE SANTIAGO,LA FLORIDA,26990,,7000,5474,5474,01-12-2025,RECHAZADO POR CLIENTE,"Salud, Bienestar"
4774652,30-11-2025,EN REPARTO A DOMICILIO,STARKEN,258666917,BIO - BIO,CONCEPCION,26990,,7000,6842.5,0,01-12-2025,RECHAZADO POR CLIENTE,"Salud, Bienestar"
4774602,30-11-2025,ENTREGADO,STARKEN,258672307,VALPARAISO,LOS ANDES,28900,14484,7990,6426,0,05-12-2025,NO SE UBICA DESTINATARIO,"Moda, Belleza, Otro"
4774097,30-11-2025,ENTREGADO,STARKEN,258648921,COQUIMBO,LA SERENA,26900,13117,7000,6783,0,01-12-2025,,"Belleza, Hogar, Otro"
4773723,30-11-2025,ENTREGADO,STARKEN,258539417,METROPOLITANA DE SANTIAGO,LAS CONDES,20990,11766,3750,5474,0,02-12-2025,,"Belleza, Bienestar"
4773617,30-11-2025,DEVOLUCION,STARKEN,258672513,METROPOLITANA DE SANTIAGO,MAIPU,43350,,15980,5474,5474,05-12-2025,RECHAZADO POR CLIENTE,"Moda, Belleza, Otro"
4773391,30-11-2025,ENTREGADO,STARKEN,258672531,LOS LAGOS,CALBUCO,28900,14067.5,7990,6842.5,0,05-12-2025,,"Moda, Belleza, Otro"
4772975,30-11-2025,ENTREGADO,STARKEN,258686549,VALPARAISO,CONCON,28900,12724,9750,6426,0,02-12-2025,,Belleza
4772944,30-11-2025,ENTREGADO,STARKEN,258536502,LIBERTADOR GENERAL BERNARDO O`HIGGINS,LAS CABRAS,26900,11808,7000,8092,0,01-12-2025,RECHAZADO POR CLIENTE,"Belleza, Hogar, Otro"
4771728,30-11-2025,ENTREGADO,STARKEN,258686573,BIO - BIO,PENCO,26900,12567.5,7490,6842.5,0,02-12-2025,,Belleza
4771594,30-11-2025,DEVOLUCION,STARKEN,258686577,METROPOLITANA DE SANTIAGO,LA FLORIDA,26900,,7490,5474,5474,02-12-2025,RECHAZADO POR CLIENTE,Belleza
4771373,30-11-2025,ENTREGADO,STARKEN,258537990,METROPOLITANA DE SANTIAGO,TILTIL,26900,12746,7490,6664,0,02-12-2025,,Belleza
4771060,30-11-2025,DEVOLUCION,STARKEN,258606663,METROPOLITANA DE SANTIAGO,TALAGANTE,40485,,14000,5950,5950,01-12-2025,RECHAZADO POR CLIENTE,"Salud, Bienestar"
4770850,30-11-2025,ENTREGADO,STARKEN,258599212,COQUIMBO,COQUIMBO,20990,9207,5000,6783,0,01-12-2025,,"Cocina, Hogar"
4770694,30-11-2025,ENTREGADO,STARKEN,258662314,METROPOLITANA DE SANTIAGO,COLINA,20990,10040,5000,5950,0,02-12-2025,,"Cocina, Hogar"
4770318,30-11-2025,ENTREGADO,STARKEN,258524359,LOS LAGOS,QUEMCHI,34350,19927.3,5700,8722.7,0,01-12-2025,,"Tecnología, Salud"
4770305,30-11-2025,ENTREGADO,STARKEN,258686624,LOS LAGOS,QUEMCHI,28900,10427.3,9750,8722.7,0,02-12-2025,,Belleza
4769997,30-11-2025,ENTREGADO,STARKEN,258606671,BIO - BIO,CABRERO,40485,19642.5,14000,6842.5,0,01-12-2025,,"Salud, Bienestar"
4769940,30-11-2025,ENTREGADO,STARKEN,258599227,LOS LAGOS,OSORNO,20990,9147.5,5000,6842.5,0,01-12-2025,,"Cocina, Hogar"
4769898,30-11-2025,ENTREGADO,STARKEN,258539456,BIO - BIO,LOTA,20990,10397.5,3750,6842.5,0,02-12-2025,,"Belleza, Bienestar"
4769699,30-11-2025,ENTREGADO,STARKEN,258606701,VALPARAISO,CATEMU,40485,19392.6,14000,7092.4,0,01-12-2025,,"Salud, Bienestar"
4769194,29-11-2025,ENTREGADO,STARKEN,258806095,METROPOLITANA DE SANTIAGO,SAN JOAQUIN,28900,15436,7990,5474,0,05-12-2025,,"Moda, Belleza, Otro"
4769010,29-11-2025,ENTREGADO,STARKEN,258599244,MAULE,TALCA,20990,9147.5,5000,6842.5,0,01-12-2025,,"Cocina, Hogar"
4768954,29-11-2025,DEVOLUCION,STARKEN,258686634,ATACAMA,COPIAPO,28900,,9750,6783,6783,02-12-2025,DIRECCION INCORRECTA,Belleza
4768873,29-11-2025,ENTREGADO,STARKEN,258501845,METROPOLITANA DE SANTIAGO,SAN RAMON,28900,13676,9750,5474,0,02-12-2025,,Belleza
4768641,29-11-2025,ENTREGADO,STARKEN,258501867,METROPOLITANA DE SANTIAGO,COLINA,26900,13460,7490,5950,0,02-12-2025,,Belleza
4768592,29-11-2025,ENTREGADO,STARKEN,258501848,BIO - BIO,CHIGUAYANTE,28900,12307.5,9750,6842.5,0,02-12-2025,,Belleza
4768588,29-11-2025,EN DESTINO,STARKEN,258501849,METROPOLITANA DE SANTIAGO,MAIPU,26900,,7490,5474,0,02-12-2025,RECHAZADO POR CLIENTE,Belleza
4768447,29-11-2025,DEVOLUCION,STARKEN,258501913,ÑUBLE,YUNGAY,26900,,7490,7592.2,7592.2,02-12-2025,RECHAZADO POR CLIENTE,Belleza
4768087,29-11-2025,DEVOLUCION,STARKEN,258525989,BIO - BIO,PENCO,26900,,7000,6842.5,6842.5,01-12-2025,RECHAZADO POR CLIENTE,"Belleza, Hogar, Otro"
4767844,29-11-2025,CANCELADO,STARKEN,,METROPOLITANA DE SANTIAGO,LA GRANJA,28900,,7990,5474,0,29-11-2025,,"Moda, Belleza, Otro"
4767810,29-11-2025,CANCELADO,STARKEN,,BIO - BIO,CHIGUAYANTE,43350,,15980,6842.5,0,29-11-2025,,"Moda, Belleza, Otro"
4767766,29-11-2025,ENTREGADO,STARKEN,258539523,ANTOFAGASTA,ANTOFAGASTA,20990,9981,3750,7259,0,02-12-2025,,"Belleza, Bienestar"
4767620,29-11-2025,ENTREGADO,STARKEN,258525997,BIO - BIO,CONCEPCION,26900,13057.5,7000,6842.5,0,01-12-2025,,"Belleza, Hogar, Otro"
4766729,29-11-2025,EN DESTINO,STARKEN,258539553,METROPOLITANA DE SANTIAGO,LAS CONDES,20990,,3750,5474,0,02-12-2025,RECHAZADO POR CLIENTE,"Belleza, Bienestar"
4766450,29-11-2025,DEVOLUCION,STARKEN,258599250,ARAUCANIA,ANGOL,20990,,5000,6842.5,6842.5,01-12-2025,DIRECCION INCORRECTA,"Cocina, Hogar"
4766156,29-11-2025,ENTREGADO,BLUE,2161079734,LIBERTADOR GENERAL BERNARDO O`HIGGINS,SAN VICENTE,26900,11879.86,7490,7530.14,0,01-12-2025,,Belleza
4766147,29-11-2025,ENTREGADO,STARKEN,258806519,LOS LAGOS,CALBUCO,28900,14067.5,7990,6842.5,0,05-12-2025,,"Moda, Belleza, Otro"
4766094,29-11-2025,ENTREGADO,STARKEN,258501851,METROPOLITANA DE SANTIAGO,SANTIAGO,26900,13936,7490,5474,0,02-12-2025,,Belleza
4765500,29-11-2025,ENTREGADO,STARKEN,258501853,BIO - BIO,TALCAHUANO,28900,12307.5,9750,6842.5,0,02-12-2025,,Belleza
4765384,29-11-2025,ENTREGADO,STARKEN,258662346,COQUIMBO,COQUIMBO,20990,9207,5000,6783,0,01-12-2025,,"Cocina, Hogar"
4764771,29-11-2025,DEVOLUCION,BLUE,2161020610,MAULE,TALCA,24900,,6300,7530.14,7530.14,01-12-2025,DIRECCION INUBICABLE,Salud
4764184,29-11-2025,DEVOLUCION,STARKEN,258606929,MAULE,TALCA,26990,,7000,6842.5,6842.5,01-12-2025,NO SE UBICA DESTINATARIO,"Salud, Bienestar"
4763820,29-11-2025,ENTREGADO,BLUE,2161407986,METROPOLITANA DE SANTIAGO,ISLA DE MAIPO,20990,11268.38,3750,5971.62,0,02-12-2025,,"Belleza, Bienestar"
4763724,29-11-2025,ENTREGADO,STARKEN,258599282,VALPARAISO,CONCON,20990,9564,5000,6426,0,01-12-2025,,"Cocina, Hogar"
4763664,29-11-2025,CANCELADO,STARKEN,,METROPOLITANA DE SANTIAGO,MELIPILLA,20990,,5000,6664,0,29-11-2025,,"Cocina, Hogar"
4763623,29-11-2025,ENTREGADO,STARKEN,258599312,METROPOLITANA DE SANTIAGO,MELIPILLA,20990,9326,5000,6664,0,01-12-2025,RECHAZADO POR CLIENTE,"Cocina, Hogar"
4763300,29-11-2025,ENTREGADO,BLUE,2161929770,BIO - BIO,HUALPEN,20990,7940.35,5000,8049.65,0,01-12-2025,,"Cocina, Hogar"
4762969,29-11-2025,DEVOLUCION,STARKEN,258806724,METROPOLITANA DE SANTIAGO,LAS CONDES,28900,,7990,5474,5474,05-12-2025,RECHAZADO POR CLIENTE,"Moda, Belleza, Otro"
4762859,29-11-2025,ENTREGADO,STARKEN,258539634,METROPOLITANA DE SANTIAGO,PIRQUE,20990,11290,3750,5950,0,02-12-2025,,"Belleza, Bienestar"
4762192,29-11-2025,ENTREGADO,STARKEN,258607040,COQUIMBO,MONTE PATRIA,26990,12469.2,7000,7520.8,0,01-12-2025,,"Salud, Bienestar"
4761775,29-11-2025,ENTREGADO,STARKEN,258599347,LIBERTADOR GENERAL BERNARDO O`HIGGINS,GRANEROS,20990,8897.6,5000,7092.4,0,01-12-2025,,"Cocina, Hogar"
4761712,29-11-2025,DEVOLUCION,STARKEN,258607065,METROPOLITANA DE SANTIAGO,ESTACION CENTRAL,26990,,7000,5474,5474,01-12-2025,RECHAZADO POR CLIENTE,"Salud, Bienestar"
4761399,29-11-2025,ENTREGADO,STARKEN,258607074,COQUIMBO,VICUNA,40485,19702,14000,6783,0,01-12-2025,,"Salud, Bienestar"
4760799,29-11-2025,DEVOLUCION,STARKEN,258501886,METROPOLITANA DE SANTIAGO,LA FLORIDA,26900,,7490,5474,5474,02-12-2025,RECHAZADO POR CLIENTE,Belleza
4760790,29-11-2025,CANCELADO,STARKEN,,METROPOLITANA DE SANTIAGO,LA FLORIDA,26900,,7490,5474,0,29-11-2025,,Belleza
4760736,29-11-2025,PENDIENTE CONFIRMACION,STARKEN,,LOS RIOS,PAILLACO,26990,,7000,6842.5,0,29-11-2025,,"Salud, Bienestar"
4760267,29-11-2025,DEVOLUCION,STARKEN,258526117,VALPARAISO,VILLA ALEMANA,26900,,7000,6426,6426,01-12-2025,RECHAZADO POR CLIENTE,"Belleza, Hogar, Otro"
4760210,29-11-2025,ENTREGADO,BLUE,2162001601,VALPARAISO,SANTO DOMINGO,26990,12719.61,7000,7270.39,0,01-12-2025,,"Salud, Bienestar"
4760033,28-11-2025,ENTREGADO,STARKEN,258495651,METROPOLITANA DE SANTIAGO,SAN BERNARDO,26900,13936,7490,5474,0,02-12-2025,,Belleza
4759546,28-11-2025,ENTREGADO,STARKEN,258599353,VALPARAISO,VILLA ALEMANA,20990,9564,5000,6426,0,01-12-2025,,"Cocina, Hogar"
4759347,28-11-2025,NOVEDAD SOLUCIONADA,STARKEN,258495654,ANTOFAGASTA,ANTOFAGASTA,26900,,7490,7259,0,02-12-2025,RECHAZADO POR CLIENTE,Belleza
4759120,28-11-2025,DEVOLUCION,STARKEN,258607237,VALPARAISO,QUINTERO,26990,,7000,7092.4,7092.4,01-12-2025,RECHAZADO POR CLIENTE,"Salud, Bienestar"
4758925,28-11-2025,ENTREGADO,STARKEN,258495637,ANTOFAGASTA,CALAMA,28900,11891,9750,7259,0,05-12-2025,,Belleza
4758894,28-11-2025,CANCELADO,STARKEN,,ANTOFAGASTA,CALAMA,28900,,9750,7259,0,28-11-2025,,Belleza
4758721,28-11-2025,ENTREGADO,STARKEN,258607269,METROPOLITANA DE SANTIAGO,PEDRO AGUIRRE CERDA,40485,21011,14000,5474,0,01-12-2025,,"Salud, Bienestar"
4758310,28-11-2025,ENTREGADO,STARKEN,258495668,METROPOLITANA DE SANTIAGO,SANTIAGO,26900,13936,7490,5474,0,02-12-2025,,Belleza
4757827,28-11-2025,CANCELADO,STARKEN,,ATACAMA,COPIAPO,26900,,7490,6783,0,28-11-2025,,Belleza
4757803,28-11-2025,ENTREGADO,STARKEN,258539759,COQUIMBO,PUNITAQUI,20990,9719.2,3750,7520.8,0,02-12-2025,NO SE UBICA DESTINATARIO,"Belleza, Bienestar"
4757547,28-11-2025,CANCELADO,STARKEN,,METROPOLITANA DE SANTIAGO,SAN RAMON,43350,,15980,5474,0,29-11-2025,,"Moda, Belleza, Otro"
4756549,28-11-2025,DEVOLUCION,STARKEN,258355952,BIO - BIO,HUALQUI,28900,,9750,8722.7,8722.7,01-12-2025,RECHAZADO POR CLIENTE,Belleza
4756436,28-11-2025,PENDIENTE CONFIRMACION,STARKEN,,LIBERTADOR GENERAL BERNARDO O`HIGGINS,LAS CABRAS,28900,,7990,8092,0,28-11-2025,,"Moda, Belleza, Otro"
4756161,28-11-2025,REDESTINADA POR SOLICITUD DEL CLIENTE,STARKEN,258539820,METROPOLITANA DE SANTIAGO,LA FLORIDA,20990,,3750,5474,0,02-12-2025,RECHAZADO POR CLIENTE,"Belleza, Bienestar"
4756075,28-11-2025,ENTREGADO,STARKEN,258321742,LIBERTADOR GENERAL BERNARDO O`HIGGINS,PERALILLO,26900,12807.6,7000,7092.4,0,29-11-2025,,"Belleza, Hogar, Otro"
4756035,28-11-2025,ENTREGADO,STARKEN,258495673,ANTOFAGASTA,CALAMA,26900,12151,7490,7259,0,02-12-2025,,Belleza
4755721,28-11-2025,ENTREGADO,BLUE,2161023174,COQUIMBO,OVALLE,24900,10550.35,6300,8049.65,0,01-12-2025,,Salud
4754913,28-11-2025,ENTREGADO,STARKEN,258303319,BIO - BIO,LOS ANGELES,20990,9147.5,5000,6842.5,0,28-11-2025,,"Cocina, Hogar"
4754833,28-11-2025,DEVOLUCION,VELOCES,V4001894529,METROPOLITANA DE SANTIAGO,QUILICURA,31485,,7500,5355,0,22-12-2025,Pedido cancelado por  el cliente,"Belleza, Bienestar"
4754385,28-11-2025,ENTREGADO,STARKEN,258495708,METROPOLITANA DE SANTIAGO,BUIN,26900,13460,7490,5950,0,02-12-2025,,Belleza
4753752,28-11-2025,EN DESTINO,STARKEN,258298235,METROPOLITANA DE SANTIAGO,CONCHALI,26990,,6500,5474,0,01-12-2025,RECHAZADO POR CLIENTE,Mascotas
4753415,28-11-2025,DEVOLUCION,STARKEN,258287905,VALPARAISO,VALPARAISO,20990,,5000,6426,6426,28-11-2025,RECHAZADO POR CLIENTE,"Cocina, Hogar"
4753095,28-11-2025,ENTREGADO,STARKEN,258314711,VALPARAISO,PUCHUNCAVI,26900,12317.6,7490,7092.4,0,01-12-2025,,Belleza
4753048,28-11-2025,ENTREGADO,STARKEN,258279877,BIO - BIO,CHIGUAYANTE,20990,10397.5,3750,6842.5,0,28-11-2025,,"Belleza, Bienestar"
4752169,28-11-2025,ENTREGADO,STARKEN,258314724,LOS LAGOS,OSORNO,26900,12567.5,7490,6842.5,0,01-12-2025,,Belleza
4752152,28-11-2025,ENTREGADO,STARKEN,258280003,LOS LAGOS,PUERTO MONTT,28900,14067.5,7990,6842.5,0,29-11-2025,,"Moda, Belleza, Otro"
4751650,28-11-2025,ENTREGADO,STARKEN,258495692,METROPOLITANA DE SANTIAGO,LA GRANJA,26900,13936,7490,5474,0,02-12-2025,,Belleza
4750749,28-11-2025,DEVOLUCION,STARKEN,258314630,MAULE,SAN CLEMENTE,26900,,7490,7592.2,7592.2,01-12-2025,RECHAZADO POR CLIENTE,Belleza
4750595,28-11-2025,RECHAZADO,VELOCES,V4001894246,METROPOLITANA DE SANTIAGO,PUENTE ALTO,26900,,7490,5355,0,12-12-2025,,Belleza
4750593,28-11-2025,ENTREGADO,STARKEN,258280199,BIO - BIO,CONCEPCION,28900,14067.5,7990,6842.5,0,29-11-2025,,"Moda, Belleza, Otro"
4750445,28-11-2025,ENTREGADO,STARKEN,258266639,BIO - BIO,TALCAHUANO,20990,9147.5,5000,6842.5,0,28-11-2025,DIRECCION INCORRECTA,"Cocina, Hogar"
4750436,28-11-2025,ENTREGADO,STARKEN,258311518,BIO - BIO,CURANILAHUE,26900,12567.5,7490,6842.5,0,01-12-2025,,Belleza
4750373,28-11-2025,PENDIENTE CONFIRMACION,STARKEN,,COQUIMBO,COQUIMBO,26900,,7490,6783,0,28-11-2025,,Belleza
4750292,28-11-2025,ENTREGADO,STARKEN,258280192,VALPARAISO,LOS ANDES,43350,20944,15980,6426,0,29-11-2025,,"Moda, Belleza, Otro"
4749960,27-11-2025,ENTREGADO,STARKEN,258279950,METROPOLITANA DE SANTIAGO,QUILICURA,20990,11766,3750,5474,0,28-11-2025,,"Belleza, Bienestar"
4749953,27-11-2025,DEVOLUCION,STARKEN,258266630,COQUIMBO,LA SERENA,20990,,5000,6783,6783,28-11-2025,RECHAZADO POR CLIENTE,"Cocina, Hogar"
4749887,27-11-2025,ENTREGADO,STARKEN,258311533,ANTOFAGASTA,TOCOPILLA,26900,10068.5,7490,9341.5,0,01-12-2025,,Belleza
4749877,27-11-2025,CANCELADO,STARKEN,,METROPOLITANA DE SANTIAGO,LA FLORIDA,31485,,7500,5474,0,01-12-2025,,"Belleza, Bienestar"
4749472,27-11-2025,DEVOLUCION,STARKEN,258686728,MAULE,PARRAL,26900,,7490,7592.2,7592.2,02-12-2025,RECHAZADO POR CLIENTE,Belleza
4748801,27-11-2025,DEVOLUCION,STARKEN,258298577,LOS LAGOS,CALBUCO,26900,,7000,6842.5,6842.5,29-11-2025,RECHAZADO POR CLIENTE,"Belleza, Hogar, Otro"
4748199,27-11-2025,ENTREGADO,STARKEN,258667061,BIO - BIO,NACIMIENTO,26990,12397.8,7000,7592.2,0,01-12-2025,,"Salud, Bienestar"
4747343,27-11-2025,DEVOLUCION,STARKEN,258266650,ÑUBLE,CHILLAN,20990,,5000,6842.5,6842.5,28-11-2025,RECHAZADO POR CLIENTE,"Cocina, Hogar"
4747250,27-11-2025,ENTREGADO,STARKEN,258311351,METROPOLITANA DE SANTIAGO,LO BARNECHEA,26900,13936,7490,5474,0,01-12-2025,,Belleza
4747181,27-11-2025,ENTREGADO,STARKEN,258266653,METROPOLITANA DE SANTIAGO,LO BARNECHEA,20990,10516,5000,5474,0,28-11-2025,,"Cocina, Hogar"
4746525,27-11-2025,ENTREGADO,STARKEN,258266668,COQUIMBO,COQUIMBO,20990,9207,5000,6783,0,28-11-2025,,"Cocina, Hogar"
4746150,27-11-2025,ENTREGADO,STARKEN,258311356,VALPARAISO,CONCON,26900,12984,7490,6426,0,01-12-2025,,Belleza
4743851,27-11-2025,DEVOLUCION,STARKEN,258280990,ÑUBLE,CHILLAN,28900,,7990,6842.5,6842.5,03-12-2025,RECHAZADO POR CLIENTE,"Moda, Belleza, Otro"
4743134,27-11-2025,ENTREGADO,STARKEN,258175833,METROPOLITANA DE SANTIAGO,SAN JOSE DE MAIPO,28900,14246,7990,6664,0,28-11-2025,,"Moda, Belleza, Otro"
4742760,27-11-2025,REDESTINADA POR SOLICITUD DEL CLIENTE,STARKEN,258260968,METROPOLITANA DE SANTIAGO,BUIN,26990,,7000,5950,0,28-11-2025,RECHAZADO POR CLIENTE,"Salud, Bienestar"
4742401,27-11-2025,ENTREGADO,STARKEN,258188499,METROPOLITANA DE SANTIAGO,LAS CONDES,26990,14516,7000,5474,0,27-11-2025,,"Salud, Bienestar"
4742390,27-11-2025,CANCELADO,STARKEN,,METROPOLITANA DE SANTIAGO,LAS CONDES,40485,,14000,5474,0,27-11-2025,,"Salud, Bienestar"
4742379,27-11-2025,ENTREGADO,STARKEN,258192687,METROPOLITANA DE SANTIAGO,SANTIAGO,20990,11766,3750,5474,0,27-11-2025,,"Belleza, Bienestar"
4741909,27-11-2025,ENTREGADO,STARKEN,258167560,VALPARAISO,SAN ANTONIO,20990,9564,5000,6426,0,27-11-2025,,"Cocina, Hogar"
4741177,27-11-2025,ENTREGADO,STARKEN,258167039,MAULE,LICANTEN,26900,12307.8,7000,7592.2,0,27-11-2025,,"Belleza, Hogar, Otro"
4741067,27-11-2025,DEVOLUCION,STARKEN,258495618,LOS LAGOS,CASTRO,26900,,7490,6842.5,6842.5,04-12-2025,NO SE UBICA DESTINATARIO,Belleza
4741065,27-11-2025,CANCELADO,STARKEN,,LOS LAGOS,CASTRO,26900,,7490,6842.5,0,01-12-2025,,Belleza
4740561,27-11-2025,NOVEDAD SOLUCIONADA,STARKEN,258698759,COQUIMBO,CANELA,26900,,7000,7520.8,0,01-12-2025,RECHAZADO POR CLIENTE,"Belleza, Hogar, Otro"
4740505,27-11-2025,EN TRANSITO,STARKEN,258662421,METROPOLITANA DE SANTIAGO,QUILICURA,20990,,5000,5474,0,02-12-2025,RECHAZADO POR CLIENTE,"Cocina, Hogar"
4740067,27-11-2025,PENDIENTE CONFIRMACION,STARKEN,,MAULE,SAN JAVIER,28900,,7990,7592.2,0,27-11-2025,,"Moda, Belleza, Otro"
4739682,26-11-2025,CANCELADO,STARKEN,,ANTOFAGASTA,SAN PEDRO DE ATACAMA,43350,,15980,9341.5,0,01-12-2025,,"Moda, Belleza, Otro"
4739556,26-11-2025,PENDIENTE CONFIRMACION,BLUE,,LIBERTADOR GENERAL BERNARDO O`HIGGINS,PALMILLA,26900,,7490,7530.14,0,26-11-2025,,Belleza
4739084,26-11-2025,ENTREGADO,STARKEN,258686748,BIO - BIO,CORONEL,26900,12567.5,7490,6842.5,0,02-12-2025,,Belleza
4738588,26-11-2025,ENTREGADO,STARKEN,258662439,METROPOLITANA DE SANTIAGO,PENALOLEN,20990,10516,5000,5474,0,02-12-2025,RECHAZADO POR CLIENTE,"Cocina, Hogar"
4738373,26-11-2025,ENTREGADO,BLUE,2162612222,ANTOFAGASTA,SIERRA GORDA,26900,8289.81,7490,11120.19,0,01-12-2025,,Belleza
4738102,26-11-2025,CANCELADO,STARKEN,,LIBERTADOR GENERAL BERNARDO O`HIGGINS,MACHALI,31485,,7500,7092.4,0,01-12-2025,,"Belleza, Bienestar"
4738096,26-11-2025,ENTREGADO,STARKEN,258686756,ATACAMA,COPIAPO,26900,12627,7490,6783,0,02-12-2025,,Belleza
4738082,26-11-2025,CANCELADO,STARKEN,,BIO - BIO,CONCEPCION,28900,,7990,6842.5,0,01-12-2025,,"Moda, Belleza, Otro"
4737525,26-11-2025,EN DESTINO,STARKEN,258807044,METROPOLITANA DE SANTIAGO,INDEPENDENCIA,28900,,7990,5474,0,04-12-2025,RECHAZADO POR CLIENTE,"Moda, Belleza, Otro"
4736964,26-11-2025,CANCELADO,STARKEN,,LIBERTADOR GENERAL BERNARDO O`HIGGINS,PERALILLO,26900,,7490,7092.4,0,01-12-2025,,Belleza
4736952,26-11-2025,ENTREGADO,STARKEN,258686785,LIBERTADOR GENERAL BERNARDO O`HIGGINS,PERALILLO,26900,12317.6,7490,7092.4,0,02-12-2025,,Belleza
4736678,26-11-2025,ENTREGADO,STARKEN,258686804,ARAUCANIA,LONCOCHE,26900,11817.8,7490,7592.2,0,02-12-2025,NO SE UBICA DESTINATARIO,Belleza
4734970,26-11-2025,ENTREGADO,BLUE,2162694284,METROPOLITANA DE SANTIAGO,EL BOSQUE,26900,14114.46,7000,5785.54,0,01-12-2025,,"Belleza, Hogar, Otro"
4734912,26-11-2025,ENTREGADO,STARKEN,258698790,COQUIMBO,COQUIMBO,26900,13117,7000,6783,0,01-12-2025,,"Belleza, Hogar, Otro"
4734425,26-11-2025,ENTREGADO,STARKEN,258686821,VALPARAISO,QUILLOTA,26900,12984,7490,6426,0,02-12-2025,,Belleza
4734379,26-11-2025,ENTREGADO,STARKEN,258662466,LOS RIOS,VALDIVIA,20990,9147.5,5000,6842.5,0,01-12-2025,,"Cocina, Hogar"
4734295,26-11-2025,EN DESTINO,STARKEN,258686833,VALPARAISO,VINA DEL MAR,26900,,7490,6426,0,02-12-2025,NO SE UBICA DESTINATARIO,Belleza
4734243,26-11-2025,CANCELADO,STARKEN,,METROPOLITANA DE SANTIAGO,PENALOLEN,31485,,7500,5474,0,01-12-2025,,"Belleza, Bienestar"
4732674,26-11-2025,ENTREGADO,STARKEN,258691022,METROPOLITANA DE SANTIAGO,INDEPENDENCIA,20990,11766,3750,5474,0,02-12-2025,,"Belleza, Bienestar"
4732288,26-11-2025,ENTREGADO,STARKEN,258807078,ANTOFAGASTA,CALAMA,28900,13651,7990,7259,0,04-12-2025,,"Moda, Belleza, Otro"
4731672,26-11-2025,RECHAZADO,STARKEN,258807070,VALPARAISO,VALPARAISO,43350,,15980,6426,0,12-12-2025,,"Moda, Belleza, Otro"
4731572,26-11-2025,ENTREGADO,STARKEN,258691025,ARAUCANIA,VICTORIA,20990,10397.5,3750,6842.5,0,02-12-2025,,"Belleza, Bienestar"
4730104,26-11-2025,ENTREGADO,STARKEN,258698807,LOS LAGOS,PUERTO MONTT,26900,13057.5,7000,6842.5,0,01-12-2025,,"Belleza, Hogar, Otro"
4729648,26-11-2025,CANCELADO,STARKEN,,METROPOLITANA DE SANTIAGO,SAN BERNARDO,26990,,7000,5474,0,01-12-2025,,"Salud, Bienestar"
4729404,26-11-2025,ENTREGADO,STARKEN,258662505,LIBERTADOR GENERAL BERNARDO O`HIGGINS,PICHILEMU,20990,7898,5000,8092,0,01-12-2025,,"Cocina, Hogar"
4729339,26-11-2025,NOVEDAD SOLUCIONADA,STARKEN,258667139,ANTOFAGASTA,ANTOFAGASTA,26990,,7000,7259,0,01-12-2025,RECHAZADO POR CLIENTE,"Salud, Bienestar"
4729186,26-11-2025,CANCELADO,STARKEN,,METROPOLITANA DE SANTIAGO,SAN BERNARDO,26900,,7490,5474,0,01-12-2025,,Belleza
4729180,26-11-2025,ENTREGADO,STARKEN,258662511,VALPARAISO,VILLA ALEMANA,20990,9564,5000,6426,0,01-12-2025,,"Cocina, Hogar"
4728978,26-11-2025,REDESTINADA POR SOLICITUD DEL CLIENTE,STARKEN,258662530,METROPOLITANA DE SANTIAGO,ESTACION CENTRAL,20990,,5000,5474,0,02-12-2025,RECHAZADO POR CLIENTE,"Cocina, Hogar"
4728939,26-11-2025,DEVOLUCION,STARKEN,258807106,LIBERTADOR GENERAL BERNARDO O`HIGGINS,RANCAGUA,43350,,15980,6426,6426,04-12-2025,RECHAZADO POR CLIENTE,"Moda, Belleza, Otro"
4728909,26-11-2025,CANCELADO,STARKEN,,VALPARAISO,LOS ANDES,40485,,14000,6426,0,01-12-2025,,"Salud, Bienestar"
4728873,26-11-2025,PENDIENTE CONFIRMACION,STARKEN,,MAULE,PARRAL,40485,,14000,7592.2,0,26-11-2025,,"Salud, Bienestar"
4728699,25-11-2025,ENTREGADO,STARKEN,258667178,COQUIMBO,OVALLE,26990,13207,7000,6783,0,01-12-2025,,"Salud, Bienestar"
4728697,25-11-2025,CANCELADO,STARKEN,,ÑUBLE,NIQUEN,21990,,2500,8722.7,0,01-12-2025,,Tecnología
4728672,25-11-2025,RECHAZADO,VELOCES,,METROPOLITANA DE SANTIAGO,PUENTE ALTO,26900,,7490,5355,0,12-12-2025,,Belleza
4728644,25-11-2025,PENDIENTE CONFIRMACION,STARKEN,,METROPOLITANA DE SANTIAGO,SANTIAGO,43350,,15980,5474,0,25-11-2025,,"Moda, Belleza, Otro"
4728609,25-11-2025,PENDIENTE CONFIRMACION,STARKEN,,ÑUBLE,NIQUEN,23990,,4500,8722.7,0,25-11-2025,,Hogar
4728591,25-11-2025,DEVOLUCION,STARKEN,258667175,VALPARAISO,QUILLOTA,26990,,7000,6426,6426,01-12-2025,RECHAZADO POR CLIENTE,"Salud, Bienestar"
4728583,25-11-2025,ENTREGADO,STARKEN,258662564,LOS LAGOS,CALBUCO,20990,9147.5,5000,6842.5,0,01-12-2025,,"Cocina, Hogar"
4728573,25-11-2025,CANCELADO,STARKEN,,ÑUBLE,YUNGAY,26900,,7490,7592.2,0,01-12-2025,,Belleza
4728567,25-11-2025,DEVOLUCION,STARKEN,258686873,ÑUBLE,YUNGAY,26900,,7490,7592.2,7592.2,02-12-2025,RECHAZADO POR CLIENTE,Belleza
4720299,25-11-2025,ENTREGADO,STARKEN,258260984,ANTOFAGASTA,TOCOPILLA,40485,17143.5,14000,9341.5,0,28-11-2025,,"Salud, Bienestar"
4719931,25-11-2025,ENTREGADO,STARKEN,258008844,ANTOFAGASTA,CALAMA,43350,20111,15980,7259,0,27-11-2025,,"Moda, Belleza, Otro"
4719542,25-11-2025,EN DESTINO,STARKEN,258280898,METROPOLITANA DE SANTIAGO,PUDAHUEL,31485,,7500,5474,0,28-11-2025,RECHAZADO POR CLIENTE,"Belleza, Bienestar"
4719431,25-11-2025,ENTREGADO,STARKEN,258008865,METROPOLITANA DE SANTIAGO,CONCHALI,28900,15436,7990,5474,0,27-11-2025,,"Moda, Belleza, Otro"
4719350,25-11-2025,ENTREGADO,STARKEN,258092991,VALPARAISO,LLAILLAY,28900,14484,7990,6426,0,27-11-2025,,"Moda, Belleza, Otro"
4719170,25-11-2025,RECHAZADO,STARKEN,258006898,VALPARAISO,QUILLOTA,26900,,7000,6426,0,26-11-2025,,Belleza
4719161,25-11-2025,CANCELADO,STARKEN,,VALPARAISO,QUILLOTA,26900,,7000,6426,0,25-11-2025,,Belleza
4719147,25-11-2025,CANCELADO,STARKEN,,VALPARAISO,QUILLOTA,26900,,7000,6426,0,25-11-2025,,Belleza
4719134,25-11-2025,ENTREGADO,STARKEN,258006921,VALPARAISO,QUILLOTA,26900,13474,7000,6426,0,26-11-2025,,Belleza
4719126,25-11-2025,CANCELADO,STARKEN,,VALPARAISO,QUILLOTA,26900,,7000,6426,0,25-11-2025,,Belleza
4719093,25-11-2025,ENTREGADO,STARKEN,258006911,METROPOLITANA DE SANTIAGO,LAMPA,26900,13950,7000,5950,0,26-11-2025,,Belleza
4718796,24-11-2025,ENTREGADO,STARKEN,258008900,LOS LAGOS,PUERTO MONTT,28900,14067.5,7990,6842.5,0,27-11-2025,,"Moda, Belleza, Otro"
4718418,24-11-2025,ENTREGADO,STARKEN,258103524,ANTOFAGASTA,ANTOFAGASTA,53980,25721,21000,7259,0,26-11-2025,,"Salud, Bienestar"
4718054,24-11-2025,PENDIENTE CONFIRMACION,STARKEN,,LIBERTADOR GENERAL BERNARDO O`HIGGINS,RENGO,28900,,7990,6426,0,24-11-2025,,"Moda, Belleza, Otro"
4717274,24-11-2025,PENDIENTE CONFIRMACION,STARKEN,,ATACAMA,VALLENAR,28900,,7990,7520.8,0,24-11-2025,,"Moda, Belleza, Otro"
4717256,24-11-2025,ENTREGADO,STARKEN,258030262,LIBERTADOR GENERAL BERNARDO O`HIGGINS,RANCAGUA,20990,9564,5000,6426,0,27-11-2025,,"Cocina, Hogar"
4717117,24-11-2025,CANCELADO,STARKEN,,VALPARAISO,VALPARAISO,20990,,5000,6426,0,25-11-2025,,"Cocina, Hogar"
4717087,24-11-2025,EN DESTINO,STARKEN,258029242,MAULE,MOLINA,26990,,7000,7592.2,0,25-11-2025,,"Salud, Bienestar"
4717051,24-11-2025,PENDIENTE CONFIRMACION,STARKEN,,ANTOFAGASTA,SAN PEDRO DE ATACAMA,28900,,7990,9341.5,0,24-11-2025,,"Moda, Belleza, Otro"
4716931,24-11-2025,PENDIENTE CONFIRMACION,STARKEN,,VALPARAISO,EL TABO,20990,,5000,7092.4,0,24-11-2025,,"Cocina, Hogar"
4716378,24-11-2025,ENTREGADO,STARKEN,257983133,LIBERTADOR GENERAL BERNARDO O`HIGGINS,RANCAGUA,26900,13474,7000,6426,0,26-11-2025,,Belleza
4715300,24-11-2025,ENTREGADO,STARKEN,257982143,METROPOLITANA DE SANTIAGO,MAIPU,20990,11766,3750,5474,0,26-11-2025,,"Belleza, Bienestar"
4715212,24-11-2025,NOVEDAD SOLUCIONADA,STARKEN,257983114,COQUIMBO,OVALLE,26900,,7000,6783,0,26-11-2025,NO SE UBICA DESTINATARIO,Belleza
4715180,24-11-2025,CANCELADO,STARKEN,,COQUIMBO,OVALLE,26900,,7000,6783,0,25-11-2025,,Belleza
4715137,24-11-2025,PENDIENTE CONFIRMACION,STARKEN,,LOS RIOS,MAFIL,26900,,7000,8722.7,0,24-11-2025,,"Belleza, Hogar, Otro"
4714859,24-11-2025,PENDIENTE CONFIRMACION,STARKEN,,METROPOLITANA DE SANTIAGO,LAS CONDES,20990,,5000,5474,0,24-11-2025,,"Cocina, Hogar"
4713935,24-11-2025,PENDIENTE CONFIRMACION,STARKEN,,LOS LAGOS,PUERTO MONTT,26990,,7000,6842.5,0,24-11-2025,,"Salud, Bienestar"
4713701,24-11-2025,CANCELADO,VELOCES,,METROPOLITANA DE SANTIAGO,PUENTE ALTO,40485,,14000,5355,0,24-11-2025,,"Salud, Bienestar"
4713354,24-11-2025,ENTREGADO,STARKEN,258000355,VALPARAISO,QUINTERO,26900,12807.6,7000,7092.4,0,25-11-2025,,"Belleza, Hogar, Otro"
4713303,24-11-2025,DEVOLUCION,STARKEN,257982178,VALPARAISO,VINA DEL MAR,20990,,3750,6426,6426,26-11-2025,RECHAZADO POR CLIENTE,"Belleza, Bienestar"
4713276,24-11-2025,ENTREGADO,STARKEN,258009287,VALPARAISO,CATEMU,28900,13817.6,7990,7092.4,0,27-11-2025,,"Moda, Belleza, Otro"
4713274,24-11-2025,ENTREGADO,STARKEN,258110346,MAULE,TALCA,36900,12057.5,18000,6842.5,0,26-11-2025,,"Hogar, Ferreteria"
4712949,24-11-2025,PENDIENTE CONFIRMACION,STARKEN,,METROPOLITANA DE SANTIAGO,LAS CONDES,20990,,3750,5474,0,24-11-2025,,"Belleza, Bienestar"
4712422,24-11-2025,PENDIENTE CONFIRMACION,STARKEN,,LOS LAGOS,CASTRO,26900,,7000,6842.5,0,24-11-2025,,"Belleza, Hogar, Otro"
4712143,24-11-2025,ENTREGADO,STARKEN,257983140,MAULE,YERBAS BUENAS,26900,12307.8,7000,7592.2,0,26-11-2025,,Belleza
4711357,24-11-2025,PENDIENTE CONFIRMACION,STARKEN,,LOS LAGOS,MAULLIN,20990,,5000,8722.7,0,24-11-2025,,"Cocina, Hogar"
4710999,24-11-2025,ENTREGADO,STARKEN,257983160,VALPARAISO,VALPARAISO,28900,12724,9750,6426,0,27-11-2025,,Belleza
4710914,24-11-2025,PENDIENTE CONFIRMACION,STARKEN,,METROPOLITANA DE SANTIAGO,SANTIAGO,43350,,15980,5474,0,24-11-2025,,"Moda, Belleza, Otro"
4710726,24-11-2025,CANCELADO,STARKEN,,VALPARAISO,VALPARAISO,43350,,15980,6426,0,24-11-2025,,"Moda, Belleza, Otro"
4710633,24-11-2025,ENTREGADO,STARKEN,257926157,LIBERTADOR GENERAL BERNARDO O`HIGGINS,MACHALI,26990,12897.6,7000,7092.4,0,24-11-2025,,"Salud, Bienestar"
4710036,24-11-2025,CANCELADO,STARKEN,,COQUIMBO,COQUIMBO,40485,,14000,6783,0,24-11-2025,,"Salud, Bienestar"
4709521,24-11-2025,ENTREGADO,STARKEN,258047805,VALPARAISO,QUILPUE,26900,13474,7000,6426,0,26-11-2025,,"Belleza, Hogar, Otro"
4709141,24-11-2025,ENTREGADO,STARKEN,257983164,ANTOFAGASTA,ANTOFAGASTA,26900,12641,7000,7259,0,26-11-2025,,Belleza
4708918,24-11-2025,DEVOLUCION,STARKEN,257983149,METROPOLITANA DE SANTIAGO,PROVIDENCIA,26900,,7000,5474,5474,26-11-2025,RECHAZADO POR CLIENTE,Belleza
4708643,24-11-2025,DEVOLUCION,STARKEN,257893096,LOS LAGOS,CASTRO,43350,,15980,6842.5,6842.5,24-11-2025,RECHAZADO POR CLIENTE,"Moda, Belleza, Otro"
4708397,24-11-2025,ENTREGADO,STARKEN,257921784,ANTOFAGASTA,SAN PEDRO DE ATACAMA,20990,6648.5,5000,9341.5,0,27-11-2025,,"Cocina, Hogar"
4708232,24-11-2025,ENTREGADO,STARKEN,257893097,VALPARAISO,QUILPUE,28900,14484,7990,6426,0,24-11-2025,,"Moda, Belleza, Otro"
4708181,24-11-2025,PENDIENTE CONFIRMACION,STARKEN,,ANTOFAGASTA,ANTOFAGASTA,43350,,15980,7259,0,24-11-2025,,"Moda, Belleza, Otro"
4707901,23-11-2025,ENTREGADO,STARKEN,257905499,ARAUCANIA,PUCON,20990,8397.8,5000,7592.2,0,25-11-2025,,"Cocina, Hogar"
4706830,23-11-2025,PENDIENTE CONFIRMACION,STARKEN,,METROPOLITANA DE SANTIAGO,SAN BERNARDO,26900,,7000,5474,0,23-11-2025,,Belleza
4706719,23-11-2025,ENTREGADO,STARKEN,257905506,COQUIMBO,COQUIMBO,20990,9207,5000,6783,0,25-11-2025,,"Cocina, Hogar"
4706673,23-11-2025,PENDIENTE CONFIRMACION,STARKEN,,ARAUCANIA,CUNCO,26900,,7000,8722.7,0,23-11-2025,,"Belleza, Hogar, Otro"
4706654,23-11-2025,ENTREGADO,STARKEN,258028028,BIO - BIO,LAJA,26900,12307.8,7000,7592.2,0,25-11-2025,,"Belleza, Hogar, Otro"
4706549,23-11-2025,ENTREGADO,STARKEN,257893175,BIO - BIO,TOME,28900,13317.8,7990,7592.2,0,24-11-2025,,"Moda, Belleza, Otro"
4706456,23-11-2025,ENTREGADO,STARKEN,257908728,MAULE,MOLINA,26900,12307.8,7000,7592.2,0,24-11-2025,,"Belleza, Hogar, Otro"
4705937,23-11-2025,ENTREGADO,STARKEN,257905512,VALPARAISO,VALPARAISO,20990,9564,5000,6426,0,25-11-2025,,"Cocina, Hogar"
4705798,23-11-2025,DEVOLUCION,STARKEN,257926511,LOS LAGOS,CHONCHI,26990,,7000,8722.7,8722.7,24-11-2025,DIRECCION INCORRECTA,"Salud, Bienestar"
4705768,23-11-2025,ENTREGADO,STARKEN,257926514,METROPOLITANA DE SANTIAGO,LA CISTERNA,26990,14516,7000,5474,0,24-11-2025,,"Salud, Bienestar"
4705743,23-11-2025,ENTREGADO,STARKEN,258094384,METROPOLITANA DE SANTIAGO,RECOLETA,20990,11766,3750,5474,0,27-11-2025,,"Belleza, Bienestar"
4705687,23-11-2025,ENTREGADO,STARKEN,257926541,LOS RIOS,VALDIVIA,26990,13147.5,7000,6842.5,0,24-11-2025,,"Salud, Bienestar"
4705580,23-11-2025,ENTREGADO,STARKEN,257926554,LIBERTADOR GENERAL BERNARDO O`HIGGINS,SAN FERNANDO,40485,20059,14000,6426,0,24-11-2025,,"Salud, Bienestar"
4705546,23-11-2025,PENDIENTE CONFIRMACION,STARKEN,,ÑUBLE,SAN CARLOS,26900,,7000,6842.5,0,23-11-2025,,"Belleza, Hogar, Otro"
4705321,23-11-2025,ENTREGADO,STARKEN,257893239,BIO - BIO,CHIGUAYANTE,28900,14067.5,7990,6842.5,0,24-11-2025,,"Moda, Belleza, Otro"
4705132,23-11-2025,ENTREGADO,STARKEN,257909464,MAULE,CURICO,26900,13057.5,7000,6842.5,0,24-11-2025,,"Belleza, Hogar, Otro"
4705030,23-11-2025,ENTREGADO,STARKEN,257908757,ÑUBLE,CHILLAN,26900,13057.5,7000,6842.5,0,24-11-2025,,"Belleza, Hogar, Otro"
4704997,23-11-2025,DEVOLUCION,STARKEN,257908764,ÑUBLE,CHILLAN,26900,,7000,6842.5,6842.5,24-11-2025,RECHAZADO POR CLIENTE,"Belleza, Hogar, Otro"
4704982,23-11-2025,DEVOLUCION,STARKEN,257908789,MAULE,CURICO,26900,,7000,6842.5,6842.5,24-11-2025,RECHAZADO POR CLIENTE,"Belleza, Hogar, Otro"
4704727,23-11-2025,ENTREGADO,STARKEN,257926603,ANTOFAGASTA,CALAMA,26990,12731,7000,7259,0,24-11-2025,,"Salud, Bienestar"
4704687,23-11-2025,DEVOLUCION,STARKEN,257926625,MAULE,RIO CLARO,40485,,14000,7592.2,7592.2,24-11-2025,RECHAZADO POR CLIENTE,"Salud, Bienestar"
4704686,23-11-2025,CANCELADO,STARKEN,,ANTOFAGASTA,CALAMA,40485,,14000,7259,0,23-11-2025,,"Salud, Bienestar"
4703215,23-11-2025,ENTREGADO,STARKEN,257885589,METROPOLITANA DE SANTIAGO,EL BOSQUE,11808,0,8000,3808,0,24-11-2025,,Belleza
4702342,23-11-2025,ENTREGADO,STARKEN,257905538,VALPARAISO,VILLA ALEMANA,20990,9564,5000,6426,0,25-11-2025,,"Cocina, Hogar"
4702279,23-11-2025,ENTREGADO,STARKEN,257905525,BIO - BIO,LOS ANGELES,20990,9147.5,5000,6842.5,0,25-11-2025,,"Cocina, Hogar"
4702134,23-11-2025,ENTREGADO,STARKEN,257905532,COQUIMBO,LA SERENA,20990,9207,5000,6783,0,25-11-2025,,"Cocina, Hogar"
4702065,23-11-2025,ENTREGADO,STARKEN,257905535,ATACAMA,VALLENAR,20990,8469.2,5000,7520.8,0,25-11-2025,,"Cocina, Hogar"
4702031,23-11-2025,CANCELADO,STARKEN,,BIO - BIO,LEBU,40485,,14000,6842.5,0,23-11-2025,,"Salud, Bienestar"
4702015,23-11-2025,ENTREGADO,STARKEN,257926726,BIO - BIO,LEBU,53980,26137.5,21000,6842.5,0,24-11-2025,,"Salud, Bienestar"
4701776,23-11-2025,CANCELADO,STARKEN,,BIO - BIO,LEBU,53980,,21000,6842.5,0,23-11-2025,,"Salud, Bienestar"
4701707,23-11-2025,CANCELADO,STARKEN,,BIO - BIO,LEBU,40485,,14000,6842.5,0,23-11-2025,,"Salud, Bienestar"
4700638,23-11-2025,CANCELADO,STARKEN,,COQUIMBO,LA SERENA,26990,,7000,6783,0,23-11-2025,,"Salud, Bienestar"
4698728,23-11-2025,ENTREGADO,STARKEN,257871435,LOS LAGOS,ANCUD,20990,10397.5,3750,6842.5,0,25-11-2025,,"Belleza, Bienestar"
4698295,23-11-2025,ENTREGADO,STARKEN,257905560,BIO - BIO,TALCAHUANO,20990,9147.5,5000,6842.5,0,25-11-2025,,"Cocina, Hogar"
4697567,23-11-2025,ENTREGADO,STARKEN,257895209,METROPOLITANA DE SANTIAGO,BUIN,20990,11290,3750,5950,0,25-11-2025,,"Belleza, Bienestar"
4694499,22-11-2025,ENTREGADO,STARKEN,257895216,ANTOFAGASTA,CALAMA,20990,9981,3750,7259,0,25-11-2025,,"Belleza, Bienestar"
4694150,22-11-2025,DEVOLUCION,STARKEN,257905580,LIBERTADOR GENERAL BERNARDO O`HIGGINS,REQUINOA,20990,,5000,8092,8092,25-11-2025,RECHAZADO POR CLIENTE,"Cocina, Hogar"
4694147,22-11-2025,PENDIENTE CONFIRMACION,STARKEN,,LIBERTADOR GENERAL BERNARDO O`HIGGINS,PICHILEMU,20990,,5000,8092,0,22-11-2025,,"Cocina, Hogar"
4694144,22-11-2025,ENTREGADO,STARKEN,257905982,LIBERTADOR GENERAL BERNARDO O`HIGGINS,CHIMBARONGO,20990,8897.6,5000,7092.4,0,25-11-2025,,"Cocina, Hogar"
4694141,22-11-2025,CANCELADO,STARKEN,,MAULE,CURICO,20990,,5000,6842.5,0,22-11-2025,,"Cocina, Hogar"
4694139,22-11-2025,DEVOLUCION,STARKEN,257905594,VALPARAISO,NOGALES,20990,,5000,6426,6426,25-11-2025,RECHAZADO POR CLIENTE,"Cocina, Hogar"
4694134,22-11-2025,ENTREGADO,STARKEN,257905607,METROPOLITANA DE SANTIAGO,BUIN,20990,10040,5000,5950,0,25-11-2025,,"Cocina, Hogar"
4694130,22-11-2025,ENTREGADO,STARKEN,257905986,LOS LAGOS,FRUTILLAR,20990,9147.5,5000,6842.5,0,25-11-2025,,"Cocina, Hogar"
4694119,22-11-2025,CANCELADO,STARKEN,,VALPARAISO,PUCHUNCAVI,20990,,5000,7092.4,0,22-11-2025,,"Cocina, Hogar"
4693999,22-11-2025,ENTREGADO,STARKEN,257927292,LOS RIOS,VALDIVIA,40485,19642.5,14000,6842.5,0,24-11-2025,,"Salud, Bienestar"
4693924,22-11-2025,DEVOLUCION,STARKEN,257983189,LIBERTADOR GENERAL BERNARDO O`HIGGINS,CODEGUA,26900,,7000,7092.4,7092.4,26-11-2025,RECHAZADO POR CLIENTE,Belleza
4693381,22-11-2025,DEVOLUCION,STARKEN,257927327,ARAUCANIA,CARAHUE,40485,,14000,6842.5,6842.5,24-11-2025,RECHAZADO POR CLIENTE,"Salud, Bienestar"
4693272,22-11-2025,ENTREGADO,STARKEN,257905617,METROPOLITANA DE SANTIAGO,MAIPU,20990,10516,5000,5474,0,25-11-2025,,"Cocina, Hogar"
4693174,22-11-2025,ENTREGADO,STARKEN,257905630,METROPOLITANA DE SANTIAGO,NUNOA,20990,10516,5000,5474,0,25-11-2025,,"Cocina, Hogar"
4692785,22-11-2025,DEVOLUCION,STARKEN,257927342,ARAUCANIA,TEMUCO,26990,,7000,6842.5,6842.5,24-11-2025,RECHAZADO POR CLIENTE,"Salud, Bienestar"
4692586,22-11-2025,CANCELADO,STARKEN,,COQUIMBO,SALAMANCA,20990,,3750,7520.8,0,22-11-2025,,"Belleza, Bienestar"
4692029,22-11-2025,ENTREGADO,STARKEN,257905633,VALPARAISO,VINA DEL MAR,20990,9564,5000,6426,0,25-11-2025,,"Cocina, Hogar"
4691844,22-11-2025,DEVOLUCION,STARKEN,257893575,BIO - BIO,CHIGUAYANTE,28900,,7990,6842.5,6842.5,24-11-2025,RECHAZADO POR CLIENTE,"Moda, Belleza, Otro"
4691555,22-11-2025,ENTREGADO,STARKEN,257893601,ANTOFAGASTA,ANTOFAGASTA,43350,20111,15980,7259,0,24-11-2025,,"Moda, Belleza, Otro"
4691418,22-11-2025,CANCELADO,STARKEN,,LIBERTADOR GENERAL BERNARDO O`HIGGINS,GRANEROS,20990,,3750,7092.4,0,23-11-2025,,"Belleza, Bienestar"
4690902,22-11-2025,ENTREGADO,STARKEN,257871780,LIBERTADOR GENERAL BERNARDO O`HIGGINS,RANCAGUA,20990,10814,3750,6426,0,25-11-2025,RECHAZADO POR CLIENTE,"Belleza, Bienestar"
4690669,22-11-2025,ENTREGADO,STARKEN,257894352,ANTOFAGASTA,ANTOFAGASTA,28900,13651,7990,7259,0,24-11-2025,,"Moda, Belleza, Otro"
4688863,22-11-2025,ENTREGADO,STARKEN,257825704,LIBERTADOR GENERAL BERNARDO O`HIGGINS,COLTAUCO,26900,12807.6,7000,7092.4,0,24-11-2025,,"Belleza, Hogar, Otro"
4688800,22-11-2025,DEVOLUCION,STARKEN,257827219,BIO - BIO,LEBU,22900,,2700,6842.5,6842.5,24-11-2025,DIRECCION INCORRECTA,"Moda, Tecnología, Belleza"
4688516,21-11-2025,NOVEDAD SOLUCIONADA,STARKEN,257830678,ANTOFAGASTA,ANTOFAGASTA,28900,,7990,7259,0,24-11-2025,RECHAZADO POR CLIENTE,"Moda, Belleza, Otro"
4688510,21-11-2025,ENTREGADO,STARKEN,257830684,COQUIMBO,COQUIMBO,28900,14127,7990,6783,0,24-11-2025,,"Moda, Belleza, Otro"
4688372,21-11-2025,DEVOLUCION,STARKEN,257905710,LOS LAGOS,PUERTO MONTT,20990,,5000,6842.5,6842.5,25-11-2025,,"Cocina, Hogar"
4688113,21-11-2025,PENDIENTE CONFIRMACION,STARKEN,,MAULE,PELLUHUE,43350,,15980,7592.2,0,21-11-2025,,"Moda, Belleza, Otro"
4687690,21-11-2025,ENTREGADO,STARKEN,257825729,ANTOFAGASTA,CALAMA,53800,39541,7000,7259,0,24-11-2025,,"Belleza, Hogar, Otro"
4687675,21-11-2025,ENTREGADO,STARKEN,257825731,ANTOFAGASTA,CALAMA,53800,39541,7000,7259,0,24-11-2025,,"Belleza, Hogar, Otro"
4687658,21-11-2025,CANCELADO,STARKEN,,ANTOFAGASTA,CALAMA,53800,,7000,7259,0,23-11-2025,,"Belleza, Hogar, Otro"
4687631,21-11-2025,CANCELADO,STARKEN,,ANTOFAGASTA,CALAMA,26900,,7000,7259,0,23-11-2025,,"Belleza, Hogar, Otro"
4687514,21-11-2025,DEVOLUCION,BLUE,2156171360,ANTOFAGASTA,ANTOFAGASTA,37350,,12600,8828.91,8828.91,25-11-2025,DESTINATARIO RECHAZA ENTREGA,Salud
4687243,21-11-2025,CANCELADO,STARKEN,,LOS RIOS,VALDIVIA,40485,,14000,6842.5,0,21-11-2025,,"Salud, Bienestar"
4686731,21-11-2025,CANCELADO,STARKEN,,METROPOLITANA DE SANTIAGO,LA CISTERNA,40485,,14000,5474,0,23-11-2025,,"Salud, Bienestar"
4686612,21-11-2025,ENTREGADO,STARKEN,257827521,METROPOLITANA DE SANTIAGO,PENAFLOR,22900,14250,2700,5950,0,24-11-2025,,"Moda, Tecnología, Belleza"
4685912,21-11-2025,ENTREGADO,STARKEN,257927787,ARAUCANIA,LAUTARO,26990,13147.5,7000,6842.5,0,24-11-2025,,"Salud, Bienestar"
4685814,21-11-2025,DEVOLUCION,STARKEN,257871883,VALPARAISO,VINA DEL MAR,20990,,3750,6426,6426,25-11-2025,RECHAZADO POR CLIENTE,"Belleza, Bienestar"
4685761,21-11-2025,CANCELADO,STARKEN,,COQUIMBO,COQUIMBO,43350,,15980,6783,0,21-11-2025,,"Moda, Belleza, Otro"
4685068,21-11-2025,CANCELADO,STARKEN,,VALPARAISO,QUILLOTA,20990,,3750,6426,0,23-11-2025,,"Belleza, Bienestar"
4685055,21-11-2025,DEVOLUCION,STARKEN,257830826,ANTOFAGASTA,CALAMA,28900,,7990,7259,7259,24-11-2025,,"Moda, Belleza, Otro"
4684219,21-11-2025,ENTREGADO,BLUE,2154981231,BIO - BIO,SAN PEDRO DE LA PAZ,20990,8262.38,5000,7727.62,0,21-11-2025,,"Cocina, Hogar"
4684072,21-11-2025,ENTREGADO,STARKEN,257778901,LOS LAGOS,PUERTO MONTT,20990,9147.5,5000,6842.5,0,24-11-2025,NO SE UBICA DESTINATARIO,"Cocina, Hogar"
4683807,21-11-2025,ENTREGADO,STARKEN,257905722,MAULE,CURICO,20990,9147.5,5000,6842.5,0,25-11-2025,,"Cocina, Hogar"
4683508,21-11-2025,ENTREGADO,STARKEN,257771267,LIBERTADOR GENERAL BERNARDO O`HIGGINS,QUINTA DE TILCOCO,26990,11898,7000,8092,0,24-11-2025,DIRECCION INCORRECTA,"Salud, Bienestar"
4682774,21-11-2025,DEVOLUCION,STARKEN,257771302,MAULE,PARRAL,26990,,7000,7592.2,7592.2,24-11-2025,RECHAZADO POR CLIENTE,"Salud, Bienestar"
4682419,21-11-2025,ENTREGADO,STARKEN,257771352,BIO - BIO,SANTA BARBARA,26990,12397.8,7000,7592.2,0,24-11-2025,,"Salud, Bienestar"
4681969,21-11-2025,CANCELADO,STARKEN,,VALPARAISO,VINA DEL MAR,31485,,7500,6426,0,21-11-2025,,"Belleza, Bienestar"
4681397,21-11-2025,ENTREGADO,STARKEN,257768264,COQUIMBO,LA SERENA,20990,10457,3750,6783,0,21-11-2025,,"Belleza, Bienestar"
4681210,21-11-2025,CANCELADO,STARKEN,,LIBERTADOR GENERAL BERNARDO O`HIGGINS,LAS CABRAS,26900,,7000,8092,0,21-11-2025,,"Belleza, Hogar, Otro"
4681206,21-11-2025,ENTREGADO,STARKEN,257905717,METROPOLITANA DE SANTIAGO,PAINE,20990,10040,5000,5950,0,25-11-2025,,"Cocina, Hogar"
4681042,21-11-2025,DEVOLUCION,STARKEN,257753619,ÑUBLE,SAN NICOLAS,43350,,15980,8722.7,8722.7,21-11-2025,RECHAZADO POR CLIENTE,"Moda, Belleza, Otro"
4680672,21-11-2025,DEVOLUCION,STARKEN,257983219,ATACAMA,COPIAPO,26900,,7000,6783,6783,26-11-2025,RECHAZADO POR CLIENTE,Belleza
4680618,21-11-2025,DEVOLUCION,STARKEN,257983208,MAULE,SAN JAVIER,26900,,7000,7592.2,7592.2,26-11-2025,NO SE UBICA DESTINATARIO,Belleza
4680356,21-11-2025,ENTREGADO,STARKEN,257927912,BIO - BIO,TALCAHUANO,40485,19642.5,14000,6842.5,0,24-11-2025,,"Salud, Bienestar"
4680275,21-11-2025,ENTREGADO,STARKEN,257825817,ÑUBLE,YUNGAY,26900,12307.8,7000,7592.2,0,24-11-2025,,"Belleza, Hogar, Otro"
4680127,21-11-2025,DEVOLUCION,STARKEN,257753739,COQUIMBO,COQUIMBO,28900,,7990,6783,6783,21-11-2025,RECHAZADO POR CLIENTE,"Moda, Belleza, Otro"
4680118,21-11-2025,CANCELADO,STARKEN,,COQUIMBO,COQUIMBO,43350,,15980,6783,0,21-11-2025,,"Moda, Belleza, Otro"
4679680,20-11-2025,ENTREGADO,STARKEN,257768388,METROPOLITANA DE SANTIAGO,LAS CONDES,20990,11766,3750,5474,0,21-11-2025,,"Belleza, Bienestar"
4679230,20-11-2025,ENTREGADO,STARKEN,257747043,BIO - BIO,LOS ANGELES,20990,9147.5,5000,6842.5,0,24-11-2025,,"Cocina, Hogar"
4679227,20-11-2025,ENTREGADO,STARKEN,257747060,LIBERTADOR GENERAL BERNARDO O`HIGGINS,REQUINOA,20990,7898,5000,8092,0,24-11-2025,,"Cocina, Hogar"
4678912,20-11-2025,NOVEDAD SOLUCIONADA,STARKEN,257763840,VALPARAISO,VALPARAISO,28900,,8400,6426,0,24-11-2025,RECHAZADO POR CLIENTE,Belleza
4678882,20-11-2025,CANCELADO,STARKEN,,VALPARAISO,VALPARAISO,25000,,8400,6426,0,20-11-2025,,Belleza
4677601,20-11-2025,CANCELADO,STARKEN,,METROPOLITANA DE SANTIAGO,CERRO NAVIA,40485,,14000,5474,0,20-11-2025,,"Salud, Bienestar"
4677022,20-11-2025,CANCELADO,STARKEN,,VALPARAISO,VALPARAISO,43350,,15980,6426,0,20-11-2025,,"Moda, Belleza, Otro"
4675278,20-11-2025,ENTREGADO,STARKEN,257752699,LOS RIOS,VALDIVIA,27900,12057.5,9000,6842.5,0,24-11-2025,,Hogar
4674525,20-11-2025,ENTREGADO,STARKEN,257754088,METROPOLITANA DE SANTIAGO,PUDAHUEL,28900,15436,7990,5474,0,21-11-2025,,"Moda, Belleza, Otro"
4674167,20-11-2025,ENTREGADO,STARKEN,257763861,COQUIMBO,LOS VILOS,26900,13117,7000,6783,0,24-11-2025,,Belleza
4673874,20-11-2025,ENTREGADO,STARKEN,257754220,LOS LAGOS,OSORNO,43350,20527.5,15980,6842.5,0,21-11-2025,,"Moda, Belleza, Otro"
4673661,20-11-2025,ENTREGADO,STARKEN,257754283,METROPOLITANA DE SANTIAGO,PEDRO AGUIRRE CERDA,28900,15436,7990,5474,0,21-11-2025,,"Moda, Belleza, Otro"
4673656,20-11-2025,EN TRANSITO,STARKEN,257754266,METROPOLITANA DE SANTIAGO,ESTACION CENTRAL,28900,,7990,5474,0,21-11-2025,RECHAZADO POR CLIENTE,"Moda, Belleza, Otro"
4673283,20-11-2025,ENTREGADO,BLUE,2154466834,LOS LAGOS,OSORNO,24900,10420.48,6300,8179.52,0,21-11-2025,,Salud
4673267,20-11-2025,ENTREGADO,STARKEN,257763847,LOS LAGOS,ANCUD,28900,13657.5,8400,6842.5,0,24-11-2025,,Belleza
4673028,20-11-2025,EN DESTINO,STARKEN,257754960,METROPOLITANA DE SANTIAGO,PENALOLEN,28900,,7990,5474,0,21-11-2025,RECHAZADO POR CLIENTE,"Moda, Belleza, Otro"
4672365,20-11-2025,ENTREGADO,STARKEN,257745402,METROPOLITANA DE SANTIAGO,RECOLETA,26900,14426,7000,5474,0,21-11-2025,,"Belleza, Hogar, Otro"
4672252,20-11-2025,PENDIENTE CONFIRMACION,STARKEN,,MAULE,CURICO,26900,,7000,6842.5,0,20-11-2025,,Belleza
4671925,20-11-2025,CANCELADO,STARKEN,,METROPOLITANA DE SANTIAGO,QUILICURA,40485,,14000,5474,0,21-11-2025,,"Salud, Bienestar"
4671797,20-11-2025,ENTREGADO,STARKEN,257754387,ATACAMA,COPIAPO,28900,14127,7990,6783,0,21-11-2025,,"Moda, Belleza, Otro"
4671660,20-11-2025,CANCELADO,STARKEN,,METROPOLITANA DE SANTIAGO,COLINA,26990,,7000,5950,0,23-11-2025,,"Salud, Bienestar"
4671313,20-11-2025,PENDIENTE CONFIRMACION,STARKEN,,VALPARAISO,CONCON,26900,,7000,6426,0,20-11-2025,,"Belleza, Hogar, Otro"
4671175,20-11-2025,ENTREGADO,STARKEN,257745301,METROPOLITANA DE SANTIAGO,INDEPENDENCIA,26900,14426,7000,5474,0,21-11-2025,,"Belleza, Hogar, Otro"
4671130,20-11-2025,NOVEDAD SOLUCIONADA,STARKEN,257754395,COQUIMBO,OVALLE,28900,,7990,6783,0,21-11-2025,NO SE UBICA DESTINATARIO,"Moda, Belleza, Otro"
4671123,20-11-2025,DEVOLUCION,STARKEN,257763852,METROPOLITANA DE SANTIAGO,SANTIAGO,26900,,7000,5474,5474,24-11-2025,NO SE UBICA DESTINATARIO,Belleza
4671118,20-11-2025,CANCELADO,STARKEN,,METROPOLITANA DE SANTIAGO,SANTIAGO,26900,,7000,5474,0,20-11-2025,,Belleza
4670969,20-11-2025,ENTREGADO,STARKEN,257745325,COQUIMBO,COQUIMBO,26900,13117,7000,6783,0,21-11-2025,,"Belleza, Hogar, Otro"
4670843,20-11-2025,ENTREGADO,STARKEN,257763855,COQUIMBO,COQUIMBO,26900,13117,7000,6783,0,24-11-2025,,Belleza
4670084,19-11-2025,CANCELADO,STARKEN,,BIO - BIO,TUCAPEL,28900,,7990,8722.7,0,23-11-2025,,"Moda, Belleza, Otro"
4670032,19-11-2025,CANCELADO,STARKEN,,METROPOLITANA DE SANTIAGO,NUNOA,26990,,7000,5474,0,19-11-2025,,"Salud, Bienestar"
4669859,19-11-2025,EN DESTINO,STARKEN,257754427,METROPOLITANA DE SANTIAGO,MACUL,28900,,7990,5474,0,21-11-2025,RECHAZADO POR CLIENTE,"Moda, Belleza, Otro"
4669644,19-11-2025,CANCELADO,STARKEN,,LOS LAGOS,ANCUD,28900,,7990,6842.5,0,23-11-2025,,"Moda, Belleza, Otro"
4669546,19-11-2025,CANCELADO,STARKEN,,LOS LAGOS,ANCUD,43350,,15980,6842.5,0,19-11-2025,,"Moda, Belleza, Otro"
4669198,19-11-2025,CANCELADO,VELOCES,,METROPOLITANA DE SANTIAGO,PUENTE ALTO,28900,,7990,5355,0,20-11-2025,,"Moda, Belleza, Otro"
4669116,19-11-2025,ENTREGADO,STARKEN,257771822,VALPARAISO,LIMACHE,40485,19392.6,14000,7092.4,0,24-11-2025,,"Salud, Bienestar"
4669042,19-11-2025,CANCELADO,VELOCES,,METROPOLITANA DE SANTIAGO,PUENTE ALTO,43350,,15980,5355,0,20-11-2025,,"Moda, Belleza, Otro"
4667583,19-11-2025,CANCELADO,STARKEN,,ANTOFAGASTA,CALAMA,43350,,15980,7259,0,19-11-2025,,"Moda, Belleza, Otro"
4667178,19-11-2025,ENTREGADO,STARKEN,257684438,ANTOFAGASTA,TOCOPILLA,26990,10648.5,7000,9341.5,0,20-11-2025,,"Salud, Bienestar"
4667045,19-11-2025,ENTREGADO,STARKEN,257684470,METROPOLITANA DE SANTIAGO,TALAGANTE,40485,20535,14000,5950,0,21-11-2025,,"Salud, Bienestar"
4666827,19-11-2025,ENTREGADO,STARKEN,257983223,BIO - BIO,TALCAHUANO,26900,13057.5,7000,6842.5,0,26-11-2025,,Belleza
4666741,19-11-2025,ENTREGADO,STARKEN,257684628,LOS LAGOS,PUERTO MONTT,40485,19642.5,14000,6842.5,0,21-11-2025,,"Salud, Bienestar"
4666583,19-11-2025,ENTREGADO,STARKEN,257668813,VALPARAISO,QUILPUE,26900,13474,7000,6426,0,20-11-2025,,"Belleza, Hogar, Otro"
4666431,19-11-2025,ENTREGADO,STARKEN,257668838,LOS LAGOS,OSORNO,26900,13057.5,7000,6842.5,0,20-11-2025,,"Belleza, Hogar, Otro"
4665897,19-11-2025,ENTREGADO,STARKEN,257668858,METROPOLITANA DE SANTIAGO,TALAGANTE,26900,13950,7000,5950,0,20-11-2025,,"Belleza, Hogar, Otro"
4665889,19-11-2025,ENTREGADO,STARKEN,257671332,ÑUBLE,CHILLAN,22900,13357.5,2700,6842.5,0,20-11-2025,,"Moda, Tecnología, Belleza"
4665087,19-11-2025,NOVEDAD SOLUCIONADA,STARKEN,257668866,ANTOFAGASTA,ANTOFAGASTA,26900,,7000,7259,0,20-11-2025,RECHAZADO POR CLIENTE,"Belleza, Hogar, Otro"
4649902,17-11-2025,ENTREGADO,STARKEN,257540021,VALPARAISO,VINA DEL MAR,26900,13474,7000,6426,0,18-11-2025,,"Belleza, Hogar, Otro"
4648550,17-11-2025,ENTREGADO,STARKEN,257516159,ANTOFAGASTA,CALAMA,28900,13651,7990,7259,0,18-11-2025,,"Moda, Belleza, Otro"
4648002,17-11-2025,ENTREGADO,STARKEN,257510425,MAULE,PARRAL,22900,12607.8,2700,7592.2,0,18-11-2025,,"Moda, Tecnología, Belleza"
4646775,17-11-2025,ENTREGADO,STARKEN,257511726,LOS RIOS,VALDIVIA,22900,13357.5,2700,6842.5,0,18-11-2025,,"Moda, Tecnología, Belleza"
4645036,17-11-2025,ENTREGADO,STARKEN,257520116,ANTOFAGASTA,CALAMA,40485,19226,14000,7259,0,18-11-2025,,"Salud, Bienestar"
4644786,17-11-2025,CANCELADO,STARKEN,,METROPOLITANA DE SANTIAGO,LAMPA,28900,,7990,5950,0,17-11-2025,,"Moda, Belleza, Otro"
4644232,17-11-2025,ENTREGADO,STARKEN,257520092,VALPARAISO,QUILPUE,26990,13564,7000,6426,0,18-11-2025,,"Salud, Bienestar"
4644040,17-11-2025,CANCELADO,STARKEN,,METROPOLITANA DE SANTIAGO,CERRO NAVIA,25990,,8500,5474,0,20-11-2025,,"Moda, Belleza"
4644030,17-11-2025,CANCELADO,STARKEN,,METROPOLITANA DE SANTIAGO,CERRO NAVIA,25990,,8500,5474,0,23-11-2025,,"Moda, Belleza"
4643859,17-11-2025,ENTREGADO,STARKEN,257512959,COQUIMBO,LA SERENA,22900,13417,2700,6783,0,18-11-2025,,"Moda, Tecnología, Belleza"
4643727,17-11-2025,ENTREGADO,STARKEN,257512999,BIO - BIO,CONCEPCION,28900,13067.5,8990,6842.5,0,18-11-2025,,"Moda, Belleza"
4642983,17-11-2025,ENTREGADO,STARKEN,257516579,METROPOLITANA DE SANTIAGO,ESTACION CENTRAL,28900,15436,7990,5474,0,18-11-2025,,"Moda, Belleza, Otro"
4642853,17-11-2025,ENTREGADO,STARKEN,257494778,MAULE,MOLINA,25990,9897.8,8500,7592.2,0,18-11-2025,,"Moda, Belleza"
4641768,17-11-2025,ENTREGADO,STARKEN,257422272,LOS LAGOS,CASTRO,26900,13057.5,7000,6842.5,0,17-11-2025,,"Belleza, Hogar, Otro"
4641117,16-11-2025,DEVOLUCION,STARKEN,257439633,COQUIMBO,VICUNA,28900,,7990,6783,6783,17-11-2025,NO SE UBICA DESTINATARIO,"Moda, Belleza, Otro"
4641103,16-11-2025,PENDIENTE CONFIRMACION,STARKEN,,METROPOLITANA DE SANTIAGO,RECOLETA,28900,,7990,5474,0,16-11-2025,,"Moda, Belleza, Otro"
4640763,16-11-2025,ENTREGADO,STARKEN,257445889,COQUIMBO,LA SERENA,40485,19702,14000,6783,0,18-11-2025,,"Salud, Bienestar"
4640692,16-11-2025,DEVOLUCION,STARKEN,257754519,ANTOFAGASTA,CALAMA,43350,,15980,7259,7259,21-11-2025,RECHAZADO POR CLIENTE,"Moda, Belleza, Otro"
4640616,16-11-2025,ENTREGADO,STARKEN,257439920,BIO - BIO,CHIGUAYANTE,28900,14067.5,7990,6842.5,0,17-11-2025,,"Moda, Belleza, Otro"
4640481,16-11-2025,ENTREGADO,STARKEN,257422281,ÑUBLE,QUILLON,26900,13057.5,7000,6842.5,0,17-11-2025,,"Belleza, Hogar, Otro"
4640140,16-11-2025,ENTREGADO,STARKEN,257445907,ANTOFAGASTA,CALAMA,26990,12731,7000,7259,0,18-11-2025,,"Salud, Bienestar"
4639075,16-11-2025,ENTREGADO,STARKEN,257440084,METROPOLITANA DE SANTIAGO,PUDAHUEL,43350,21896,15980,5474,0,17-11-2025,,"Moda, Belleza, Otro"
4639036,16-11-2025,ENTREGADO,STARKEN,257445991,VALPARAISO,VALPARAISO,40485,20059,14000,6426,0,18-11-2025,,"Salud, Bienestar"
4638925,16-11-2025,ENTREGADO,STARKEN,257422307,MAULE,PELLUHUE,26900,12307.8,7000,7592.2,0,17-11-2025,,"Belleza, Hogar, Otro"
4638077,16-11-2025,ENTREGADO,STARKEN,257440230,METROPOLITANA DE SANTIAGO,SANTIAGO,28900,15436,7990,5474,0,17-11-2025,,"Moda, Belleza, Otro"
4638067,16-11-2025,CANCELADO,STARKEN,,METROPOLITANA DE SANTIAGO,SANTIAGO,43350,,15980,5474,0,16-11-2025,,"Moda, Belleza, Otro"
4637780,16-11-2025,ENTREGADO,STARKEN,257446115,ATACAMA,VALLENAR,26990,12469.2,7000,7520.8,0,18-11-2025,,"Salud, Bienestar"
4637755,16-11-2025,ENTREGADO,STARKEN,257444422,ANTOFAGASTA,CALAMA,28900,13651,7990,7259,0,17-11-2025,,"Moda, Belleza, Otro"
4637319,16-11-2025,ENTREGADO,STARKEN,257446147,ANTOFAGASTA,CALAMA,40485,19226,14000,7259,0,18-11-2025,,"Salud, Bienestar"
4637316,16-11-2025,ENTREGADO,STARKEN,257440369,ANTOFAGASTA,CALAMA,28900,13651,7990,7259,0,17-11-2025,,"Moda, Belleza, Otro"
4637282,16-11-2025,PENDIENTE CONFIRMACION,STARKEN,,BIO - BIO,LOS ANGELES,40485,,14000,6842.5,0,16-11-2025,,"Salud, Bienestar"
4636020,16-11-2025,ENTREGADO,STARKEN,257440529,METROPOLITANA DE SANTIAGO,RECOLETA,28900,15436,7990,5474,0,17-11-2025,,"Moda, Belleza, Otro"
4635573,16-11-2025,ENTREGADO,STARKEN,257440594,ÑUBLE,SAN CARLOS,43350,20527.5,15980,6842.5,0,17-11-2025,,"Moda, Belleza, Otro"
4635256,16-11-2025,ENTREGADO,STARKEN,257440661,VALPARAISO,VALPARAISO,28900,14484,7990,6426,0,17-11-2025,,"Moda, Belleza, Otro"
4634853,16-11-2025,ENTREGADO,STARKEN,257446691,ATACAMA,COPIAPO,26990,13207,7000,6783,0,18-11-2025,,"Salud, Bienestar"
4634639,16-11-2025,PENDIENTE CONFIRMACION,STARKEN,,ANTOFAGASTA,ANTOFAGASTA,28900,,7990,7259,0,16-11-2025,,"Moda, Belleza, Otro"
4634236,16-11-2025,CANCELADO,STARKEN,,METROPOLITANA DE SANTIAGO,CONCHALI,28900,,7990,5474,0,19-11-2025,,"Moda, Belleza, Otro"
4633936,16-11-2025,CANCELADO,STARKEN,,METROPOLITANA DE SANTIAGO,PAINE,26990,,7000,5950,0,16-11-2025,,"Salud, Bienestar"
4633284,16-11-2025,CANCELADO,STARKEN,,BIO - BIO,PENCO,25990,,8500,6842.5,0,16-11-2025,,"Moda, Belleza"
4632946,16-11-2025,CANCELADO,STARKEN,,METROPOLITANA DE SANTIAGO,COLINA,28900,,7990,5950,0,16-11-2025,,"Moda, Belleza, Otro"
4632647,15-11-2025,DEVOLUCION,STARKEN,257676443,METROPOLITANA DE SANTIAGO,PADRE HURTADO,28900,,7990,5950,5950,20-11-2025,RECHAZADO POR CLIENTE,"Moda, Belleza, Otro"
4631206,15-11-2025,CANCELADO,STARKEN,,BIO - BIO,CONCEPCION,28900,,7990,6842.5,0,16-11-2025,,"Moda, Belleza, Otro"
4631196,15-11-2025,ENTREGADO,STARKEN,257494483,ANTOFAGASTA,CALAMA,25990,10231,8500,7259,0,20-11-2025,,"Moda, Belleza"
4630852,15-11-2025,ENTREGADO,STARKEN,257676459,METROPOLITANA DE SANTIAGO,INDEPENDENCIA,28900,15436,7990,5474,0,20-11-2025,,"Moda, Belleza, Otro"
4630751,15-11-2025,ENTREGADO,STARKEN,257441381,ARAUCANIA,LAUTARO,28900,14067.5,7990,6842.5,0,17-11-2025,,"Moda, Belleza, Otro"
4630531,15-11-2025,ENTREGADO,STARKEN,257494506,LIBERTADOR GENERAL BERNARDO O`HIGGINS,RENGO,25990,11064,8500,6426,0,18-11-2025,,"Moda, Belleza"
4629908,15-11-2025,DEVOLUCION,STARKEN,257441580,LIBERTADOR GENERAL BERNARDO O`HIGGINS,LOLOL,43350,,15980,7092.4,7092.4,17-11-2025,RECHAZADO POR CLIENTE,"Moda, Belleza, Otro"
4626283,15-11-2025,ENTREGADO,STARKEN,257460943,LOS LAGOS,PUERTO MONTT,26990,13147.5,7000,6842.5,0,18-11-2025,,"Salud, Bienestar"
4625836,15-11-2025,ENTREGADO,STARKEN,257396004,LIBERTADOR GENERAL BERNARDO O`HIGGINS,GRANEROS,25990,10397.6,8500,7092.4,0,17-11-2025,,"Moda, Belleza"
4625426,15-11-2025,ENTREGADO,STARKEN,257445009,ANTOFAGASTA,CALAMA,28900,13651,7990,7259,0,17-11-2025,,"Moda, Belleza, Otro"
4625155,15-11-2025,DEVOLUCION,STARKEN,257445070,MAULE,CURICO,28900,,7990,6842.5,6842.5,17-11-2025,NO SE UBICA DESTINATARIO,"Moda, Belleza, Otro"
4625108,15-11-2025,CANCELADO,STARKEN,,VALPARAISO,QUILLOTA,43350,,15980,6426,0,16-11-2025,,"Moda, Belleza, Otro"
4624777,15-11-2025,CANCELADO,STARKEN,,ANTOFAGASTA,ANTOFAGASTA,22900,,2700,7259,0,16-11-2025,,"Moda, Tecnología, Belleza"
4624776,15-11-2025,CANCELADO,STARKEN,,ANTOFAGASTA,ANTOFAGASTA,22900,,2700,7259,0,16-11-2025,,"Moda, Tecnología, Belleza"
4624775,15-11-2025,CANCELADO,STARKEN,,ATACAMA,VALLENAR,22900,,2700,7520.8,0,16-11-2025,,"Moda, Tecnología, Belleza"
4624772,15-11-2025,CANCELADO,STARKEN,,LOS RIOS,LA UNION,22900,,2700,7592.2,0,16-11-2025,,"Moda, Tecnología, Belleza"
4624769,15-11-2025,CANCELADO,STARKEN,,ANTOFAGASTA,ANTOFAGASTA,22900,,2700,7259,0,16-11-2025,,"Moda, Tecnología, Belleza"
4624768,15-11-2025,CANCELADO,STARKEN,,LOS LAGOS,PUERTO VARAS,22900,,2700,6842.5,0,16-11-2025,,"Moda, Tecnología, Belleza"
4624766,15-11-2025,CANCELADO,STARKEN,,ATACAMA,CALDERA,22900,,2700,6783,0,16-11-2025,,"Moda, Tecnología, Belleza"
4624763,15-11-2025,CANCELADO,STARKEN,,LOS LAGOS,OSORNO,22900,,2700,6842.5,0,16-11-2025,,"Moda, Tecnología, Belleza"
4624762,15-11-2025,CANCELADO,STARKEN,,ATACAMA,ALTO DEL CARMEN,22900,,2700,7520.8,0,16-11-2025,,"Moda, Tecnología, Belleza"
4624761,15-11-2025,CANCELADO,STARKEN,,LOS RIOS,VALDIVIA,22900,,2700,6842.5,0,16-11-2025,,"Moda, Tecnología, Belleza"
4624759,15-11-2025,CANCELADO,STARKEN,,ANTOFAGASTA,ANTOFAGASTA,22900,,2700,7259,0,16-11-2025,,"Moda, Tecnología, Belleza"
4624757,15-11-2025,CANCELADO,STARKEN,,ANTOFAGASTA,ANTOFAGASTA,22900,,2700,7259,0,16-11-2025,,"Moda, Tecnología, Belleza"
4624753,15-11-2025,CANCELADO,STARKEN,,ANTOFAGASTA,ANTOFAGASTA,22900,,2700,7259,0,16-11-2025,,"Moda, Tecnología, Belleza"
4624752,15-11-2025,CANCELADO,STARKEN,,ATACAMA,CALDERA,22900,,2700,6783,0,16-11-2025,,"Moda, Tecnología, Belleza"
4624747,15-11-2025,CANCELADO,STARKEN,,ANTOFAGASTA,ANTOFAGASTA,22900,,2700,7259,0,16-11-2025,,"Moda, Tecnología, Belleza"
4624746,15-11-2025,CANCELADO,STARKEN,,LOS LAGOS,PUERTO MONTT,22900,,2700,6842.5,0,16-11-2025,,"Moda, Tecnología, Belleza"
4624745,15-11-2025,CANCELADO,STARKEN,,LOS LAGOS,PUERTO MONTT,22900,,2700,6842.5,0,16-11-2025,,"Moda, Tecnología, Belleza"
4624740,15-11-2025,CANCELADO,STARKEN,,ANTOFAGASTA,ANTOFAGASTA,22900,,2700,7259,0,15-11-2025,,"Moda, Tecnología, Belleza"
4624736,15-11-2025,CANCELADO,STARKEN,,ANTOFAGASTA,ANTOFAGASTA,22900,,2700,7259,0,16-11-2025,,"Moda, Tecnología, Belleza"
4624536,14-11-2025,PENDIENTE CONFIRMACION,STARKEN,,MAULE,VICHUQUEN,28900,,7990,8722.7,0,14-11-2025,,"Moda, Belleza, Otro"
4624376,14-11-2025,CANCELADO,STARKEN,,ÑUBLE,CHILLAN,26900,,7000,6842.5,0,16-11-2025,,"Belleza, Hogar, Otro"
4624362,14-11-2025,ENTREGADO,STARKEN,257422369,ÑUBLE,CHILLAN,26900,13057.5,7000,6842.5,0,17-11-2025,,"Belleza, Hogar, Otro"
4624043,14-11-2025,ENTREGADO,STARKEN,257676465,MAULE,SAN JAVIER,28900,13317.8,7990,7592.2,0,20-11-2025,,"Moda, Belleza, Otro"
4624027,14-11-2025,CANCELADO,STARKEN,,MAULE,SAN JAVIER,43350,,15980,7592.2,0,19-11-2025,,"Moda, Belleza, Otro"
4623832,14-11-2025,DEVOLUCION,STARKEN,257589305,METROPOLITANA DE SANTIAGO,QUILICURA,26900,,7000,5474,5474,19-11-2025,RECHAZADO POR CLIENTE,"Belleza, Hogar, Otro"
4623705,14-11-2025,ENTREGADO,BLUE,2153438000,VALPARAISO,SANTO DOMINGO,28900,13639.61,7990,7270.39,0,19-11-2025,,"Moda, Belleza, Otro"
4623524,14-11-2025,ENTREGADO,VELOCES,V4001841578,METROPOLITANA DE SANTIAGO,PUENTE ALTO,28900,15555,7990,5355,0,21-11-2025,,"Moda, Belleza, Otro"
4623148,14-11-2025,NOVEDAD,STARKEN,257595924,METROPOLITANA DE SANTIAGO,QUINTA NORMAL,43350,,15980,5474,0,19-11-2025,DIRECCION INCORRECTA,"Moda, Belleza, Otro"
4622782,14-11-2025,DEVOLUCION,STARKEN,257445134,ANTOFAGASTA,CALAMA,28900,,7990,7259,7259,17-11-2025,,"Moda, Belleza, Otro"
4622307,14-11-2025,ENTREGADO,STARKEN,257461371,ATACAMA,COPIAPO,40485,19702,14000,6783,0,18-11-2025,,"Salud, Bienestar"
4621072,14-11-2025,DEVOLUCION,STARKEN,257437250,BIO - BIO,TALCAHUANO,22900,,2700,6842.5,6842.5,17-11-2025,RECHAZADO POR CLIENTE,"Moda, Tecnología, Belleza"
4620572,14-11-2025,EN DESTINO,STARKEN,257347496,METROPOLITANA DE SANTIAGO,PAINE,20990,,3900,5950,0,18-11-2025,RECHAZADO POR CLIENTE,"Cocina, Hogar, Otro"
4620075,14-11-2025,ENTREGADO,STARKEN,257347530,MAULE,CURICO,43350,20527.5,15980,6842.5,0,17-11-2025,,"Moda, Belleza, Otro"
4619798,14-11-2025,ENTREGADO,STARKEN,257347564,ÑUBLE,SAN CARLOS,28900,14067.5,7990,6842.5,0,17-11-2025,,"Moda, Belleza, Otro"
4619792,14-11-2025,ENTREGADO,STARKEN,257301733,LOS LAGOS,PUERTO MONTT,26990,13147.5,7000,6842.5,0,14-11-2025,,"Salud, Bienestar"
4618986,14-11-2025,CANCELADO,STARKEN,,LIBERTADOR GENERAL BERNARDO O`HIGGINS,GRANEROS,25990,,8500,7092.4,0,16-11-2025,,"Moda, Belleza"
4618929,14-11-2025,CANCELADO,STARKEN,,ANTOFAGASTA,ANTOFAGASTA,43350,,15980,7259,0,16-11-2025,,"Moda, Belleza, Otro"
4618795,14-11-2025,DEVOLUCION,STARKEN,257347634,METROPOLITANA DE SANTIAGO,SAN JOAQUIN,28900,,7990,5474,5474,17-11-2025,RECHAZADO POR CLIENTE,"Moda, Belleza, Otro"
4618588,14-11-2025,ENTREGADO,STARKEN,257347658,METROPOLITANA DE SANTIAGO,LA GRANJA,28900,15436,7990,5474,0,17-11-2025,,"Moda, Belleza, Otro"
4617037,14-11-2025,ENTREGADO,STARKEN,257301961,BIO - BIO,SANTA JUANA,26990,11267.3,7000,8722.7,0,14-11-2025,,"Salud, Bienestar"
4616565,14-11-2025,CANCELADO,STARKEN,,METROPOLITANA DE SANTIAGO,CURACAVI,43350,,15980,5950,0,16-11-2025,,"Moda, Belleza, Otro"
4616050,13-11-2025,ENTREGADO,STARKEN,257347697,METROPOLITANA DE SANTIAGO,COLINA,28900,14960,7990,5950,0,17-11-2025,,"Moda, Belleza, Otro"
4615937,13-11-2025,ENTREGADO,STARKEN,257340928,ANTOFAGASTA,CALAMA,26900,12641,7000,7259,0,17-11-2025,,"Belleza, Hogar, Otro"
4615925,13-11-2025,ENTREGADO,STARKEN,257347709,METROPOLITANA DE SANTIAGO,LA CISTERNA,28900,15436,7990,5474,0,17-11-2025,,"Moda, Belleza, Otro"
4615657,13-11-2025,ENTREGADO,STARKEN,257302070,METROPOLITANA DE SANTIAGO,MAIPU,40485,21011,14000,5474,0,14-11-2025,,"Salud, Bienestar"
4615364,13-11-2025,CANCELADO,STARKEN,,METROPOLITANA DE SANTIAGO,CALERA DE TANGO,28900,,7990,5950,0,16-11-2025,,"Moda, Belleza, Otro"
4615148,13-11-2025,ENTREGADO,STARKEN,257268799,MAULE,LINARES,26900,12307.8,7000,7592.2,0,14-11-2025,,"Belleza, Hogar, Otro"
4615060,13-11-2025,ENTREGADO,STARKEN,257302116,METROPOLITANA DE SANTIAGO,PEDRO AGUIRRE CERDA,26990,14516,7000,5474,0,14-11-2025,,"Salud, Bienestar"
4614239,13-11-2025,ENTREGADO,STARKEN,257445186,COQUIMBO,COQUIMBO,28900,14127,7990,6783,0,17-11-2025,,"Moda, Belleza, Otro"
4613747,13-11-2025,ENTREGADO,VELOCES,V4001811167,METROPOLITANA DE SANTIAGO,INDEPENDENCIA,28900,15555,7990,5355,0,21-11-2025,Reprogramar entrega,"Moda, Belleza, Otro"
4613343,13-11-2025,ENTREGADO,BLUE,2150481384,ÑUBLE,EL CARMEN,28900,12860.35,7990,8049.65,0,14-11-2025,,"Moda, Belleza, Otro"
4613035,13-11-2025,ENTREGADO,BLUE,2150687140,BIO - BIO,TUCAPEL,26990,11940.35,7000,8049.65,0,14-11-2025,,"Salud, Bienestar"
4612874,13-11-2025,CANCELADO,STARKEN,,BIO - BIO,TUCAPEL,40485,,14000,8722.7,0,13-11-2025,,"Salud, Bienestar"
4612831,13-11-2025,ENTREGADO,STARKEN,257268829,BIO - BIO,NACIMIENTO,26900,12307.8,7000,7592.2,0,14-11-2025,,"Belleza, Hogar, Otro"
4612295,13-11-2025,ENTREGADO,STARKEN,257268914,LIBERTADOR GENERAL BERNARDO O`HIGGINS,SANTA CRUZ,26900,12807.6,7000,7092.4,0,14-11-2025,,"Belleza, Hogar, Otro"
4608565,13-11-2025,ENTREGADO,STARKEN,257268931,VALPARAISO,QUILLOTA,26900,13474,7000,6426,0,14-11-2025,,"Belleza, Hogar, Otro"
4608487,13-11-2025,ENTREGADO,STARKEN,257302486,ARAUCANIA,TEMUCO,26990,13147.5,7000,6842.5,0,14-11-2025,,"Salud, Bienestar"
4608414,13-11-2025,ENTREGADO,STARKEN,257268891,VALPARAISO,VILLA ALEMANA,26900,13474,7000,6426,0,14-11-2025,,"Belleza, Hogar, Otro"
4608242,13-11-2025,ENTREGADO,STARKEN,257302493,ANTOFAGASTA,ANTOFAGASTA,26990,12731,7000,7259,0,14-11-2025,,"Salud, Bienestar"
4607574,13-11-2025,CANCELADO,STARKEN,,MAULE,PELLUHUE,28900,,7990,7592.2,0,16-11-2025,,"Moda, Belleza, Otro"
4607433,12-11-2025,DEVOLUCION,STARKEN,257275929,MAULE,LINARES,28900,,7990,7592.2,7592.2,14-11-2025,NO SE UBICA DESTINATARIO,"Moda, Belleza, Otro"
4606373,12-11-2025,DEVOLUCION,STARKEN,257275998,METROPOLITANA DE SANTIAGO,PENALOLEN,28900,,7990,5474,5474,14-11-2025,RECHAZADO POR CLIENTE,"Moda, Belleza, Otro"
4606229,12-11-2025,ENTREGADO,BLUE,2150486122,LIBERTADOR GENERAL BERNARDO O`HIGGINS,SAN VICENTE,28900,13379.86,7990,7530.14,0,14-11-2025,,"Moda, Belleza, Otro"
4606051,12-11-2025,ENTREGADO,STARKEN,257276003,VALPARAISO,QUILPUE,28900,14484,7990,6426,0,14-11-2025,,"Moda, Belleza, Otro"
4604835,12-11-2025,DEVOLUCION,STARKEN,257276024,LOS LAGOS,PUERTO MONTT,43350,,15980,6842.5,6842.5,17-11-2025,RECHAZADO POR CLIENTE,"Moda, Belleza, Otro"
4603374,12-11-2025,CANCELADO,STARKEN,,ANTOFAGASTA,ANTOFAGASTA,43350,,15980,7259,0,13-11-2025,,"Moda, Belleza, Otro"
4603244,12-11-2025,CANCELADO,BLUE,,BIO - BIO,HUALPEN,26900,,7000,8049.65,0,13-11-2025,,"Belleza, Hogar, Otro"
4603177,12-11-2025,DEVOLUCION,STARKEN,257302545,ARAUCANIA,TEMUCO,26990,,7000,6842.5,6842.5,14-11-2025,RECHAZADO POR CLIENTE,"Salud, Bienestar"
4603000,12-11-2025,ENTREGADO,STARKEN,257302554,LIBERTADOR GENERAL BERNARDO O`HIGGINS,SANTA CRUZ,26990,12897.6,7000,7092.4,0,14-11-2025,,"Salud, Bienestar"
4602971,12-11-2025,DEVOLUCION,STARKEN,257302537,ANTOFAGASTA,ANTOFAGASTA,53980,,21000,7259,7259,14-11-2025,RECHAZADO POR CLIENTE,"Salud, Bienestar"
4602891,12-11-2025,REDESTINADA POR SOLICITUD DEL CLIENTE,STARKEN,257276014,METROPOLITANA DE SANTIAGO,ESTACION CENTRAL,28900,,7990,5474,0,14-11-2025,RECHAZADO POR CLIENTE,"Moda, Belleza, Otro"
4602740,12-11-2025,DEVOLUCION,STARKEN,257276038,METROPOLITANA DE SANTIAGO,LA FLORIDA,28900,,7990,5474,5474,14-11-2025,RECHAZADO POR CLIENTE,"Moda, Belleza, Otro"
4601221,12-11-2025,ENTREGADO,STARKEN,257302574,MAULE,CONSTITUCION,26990,12397.8,7000,7592.2,0,14-11-2025,,"Salud, Bienestar"
4600615,12-11-2025,RECHAZADO,STARKEN,257339852,METROPOLITANA DE SANTIAGO,MAIPU,25990,,8500,5474,0,03-12-2025,,"Moda, Belleza"
4597881,11-11-2025,CANCELADO,STARKEN,,METROPOLITANA DE SANTIAGO,LO PRADO,28900,,7990,5474,0,11-11-2025,,"Moda, Belleza, Otro"
4597850,11-11-2025,EN DESTINO,STARKEN,257276049,METROPOLITANA DE SANTIAGO,LO PRADO,28900,,7990,5474,0,14-11-2025,RECHAZADO POR CLIENTE,"Moda, Belleza, Otro"
4597351,11-11-2025,ENTREGADO,STARKEN,257115608,METROPOLITANA DE SANTIAGO,SANTIAGO,26900,14426,7000,5474,0,12-11-2025,,"Belleza, Hogar, Otro"
4597286,11-11-2025,CANCELADO,STARKEN,,ÑUBLE,CHILLAN,28900,,7990,6842.5,0,11-11-2025,,"Moda, Belleza, Otro"
4597246,11-11-2025,ENTREGADO,STARKEN,257276098,ÑUBLE,CHILLAN,28900,14067.5,7990,6842.5,0,14-11-2025,,"Moda, Belleza, Otro"
4596935,11-11-2025,ENTREGADO,STARKEN,257115564,ÑUBLE,CHILLAN,26900,13057.5,7000,6842.5,0,12-11-2025,,"Belleza, Hogar, Otro"
4595879,11-11-2025,ENTREGADO,STARKEN,257276088,VALPARAISO,QUILLOTA,43350,20944,15980,6426,0,14-11-2025,,"Moda, Belleza, Otro"
4595807,11-11-2025,CANCELADO,STARKEN,,ÑUBLE,PINTO,25990,,8500,8722.7,0,11-11-2025,,"Moda, Belleza"
4595799,11-11-2025,CANCELADO,STARKEN,,ÑUBLE,PINTO,25990,,8500,8722.7,0,11-11-2025,,"Moda, Belleza"
4595709,11-11-2025,ENTREGADO,STARKEN,257176415,ATACAMA,COPIAPO,25990,10707,8500,6783,0,14-11-2025,,"Moda, Belleza"
4595525,11-11-2025,DEVOLUCION,STARKEN,257176417,METROPOLITANA DE SANTIAGO,RENCA,25990,,8500,5474,5474,14-11-2025,RECHAZADO POR CLIENTE,"Moda, Belleza"
4595022,11-11-2025,ENTREGADO,STARKEN,257302610,METROPOLITANA DE SANTIAGO,PAINE,40485,20535,14000,5950,0,14-11-2025,,"Salud, Bienestar"
4594862,11-11-2025,PENDIENTE CONFIRMACION,STARKEN,,COQUIMBO,LA SERENA,28900,,7990,6783,0,11-11-2025,,"Moda, Belleza, Otro"
4594696,11-11-2025,ENTREGADO,STARKEN,257126891,ARAUCANIA,CURACAUTIN,40485,19642.5,14000,6842.5,0,12-11-2025,,"Salud, Bienestar"
4594345,11-11-2025,CANCELADO,STARKEN,,VALPARAISO,SAN ANTONIO,43350,,15980,6426,0,11-11-2025,,"Moda, Belleza, Otro"
4590438,10-11-2025,NOVEDAD,STARKEN,257127279,ANTOFAGASTA,ANTOFAGASTA,40485,,14000,7259,0,12-11-2025,RECHAZADO POR CLIENTE,"Salud, Bienestar"
4590221,10-11-2025,ENTREGADO,STARKEN,257120657,ANTOFAGASTA,ANTOFAGASTA,28900,13651,7990,7259,0,12-11-2025,NO SE UBICA DESTINATARIO,"Moda, Belleza, Otro"
4589773,10-11-2025,ENTREGADO,STARKEN,257127277,METROPOLITANA DE SANTIAGO,HUECHURABA,26990,14516,7000,5474,0,12-11-2025,,"Salud, Bienestar"
4587337,10-11-2025,ENTREGADO,STARKEN,257033476,BIO - BIO,CABRERO,28900,14067.5,7990,6842.5,0,11-11-2025,,"Moda, Belleza, Otro"
4587186,10-11-2025,ENTREGADO,STARKEN,257033670,METROPOLITANA DE SANTIAGO,SANTIAGO,28900,15436,7990,5474,0,11-11-2025,,"Moda, Belleza, Otro"
4586000,10-11-2025,ENTREGADO,STARKEN,257034173,ANTOFAGASTA,ANTOFAGASTA,26990,12731,7000,7259,0,11-11-2025,,"Salud, Bienestar"
4585702,10-11-2025,ENTREGADO,STARKEN,257034227,LIBERTADOR GENERAL BERNARDO O`HIGGINS,DONIHUE,40485,19392.6,14000,7092.4,0,11-11-2025,,"Salud, Bienestar"
4583586,10-11-2025,ENTREGADO,STARKEN,256941079,METROPOLITANA DE SANTIAGO,QUINTA NORMAL,43350,21896,15980,5474,0,10-11-2025,,"Moda, Belleza, Otro"
4581511,10-11-2025,ENTREGADO,STARKEN,256930401,ANTOFAGASTA,ANTOFAGASTA,26900,12641,7000,7259,0,10-11-2025,,"Belleza, Hogar, Otro"
4580531,09-11-2025,DEVOLUCION,STARKEN,256941367,METROPOLITANA DE SANTIAGO,MAIPU,28900,,7990,5474,5474,10-11-2025,RECHAZADO POR CLIENTE,"Moda, Belleza, Otro"
4578514,09-11-2025,ENTREGADO,STARKEN,256939396,ANTOFAGASTA,TOCOPILLA,26990,10648.5,7000,9341.5,0,10-11-2025,,"Salud, Bienestar"
4577555,09-11-2025,ENTREGADO,STARKEN,256942090,METROPOLITANA DE SANTIAGO,SANTIAGO,28900,15436,7990,5474,0,10-11-2025,,"Moda, Belleza, Otro"
4575814,09-11-2025,ENTREGADO,STARKEN,256942336,VALPARAISO,QUILPUE,28900,14484,7990,6426,0,10-11-2025,,"Moda, Belleza, Otro"
4575259,09-11-2025,ENTREGADO,STARKEN,256939583,ÑUBLE,YUNGAY,26990,12397.8,7000,7592.2,0,10-11-2025,,"Salud, Bienestar"
4574900,09-11-2025,ENTREGADO,STARKEN,256942656,MAULE,CURICO,28900,14067.5,7990,6842.5,0,10-11-2025,,"Moda, Belleza, Otro"
4574018,09-11-2025,ENTREGADO,STARKEN,256939693,VALPARAISO,VINA DEL MAR,40485,20059,14000,6426,0,11-11-2025,,"Salud, Bienestar"
4572800,09-11-2025,DEVOLUCION,STARKEN,256943218,COQUIMBO,COQUIMBO,43350,,15980,6783,6783,10-11-2025,RECHAZADO POR CLIENTE,"Moda, Belleza, Otro"
4572683,09-11-2025,DEVOLUCION,STARKEN,256943256,VALPARAISO,CARTAGENA,28900,,7990,7092.4,7092.4,10-11-2025,DIRECCION INCORRECTA,"Moda, Belleza, Otro"
4572468,09-11-2025,ENTREGADO,STARKEN,256943277,METROPOLITANA DE SANTIAGO,LA GRANJA,28900,15436,7990,5474,0,10-11-2025,,"Moda, Belleza, Otro"
4571850,08-11-2025,EN DESTINO,STARKEN,256943404,METROPOLITANA DE SANTIAGO,QUINTA NORMAL,57800,,23970,5474,0,10-11-2025,NO SE UBICA DESTINATARIO,"Moda, Belleza, Otro"
4571684,08-11-2025,EN REPARTO A DOMICILIO,STARKEN,256943464,ANTOFAGASTA,TALTAL,28900,,7990,9341.5,0,10-11-2025,,"Moda, Belleza, Otro"
4571185,08-11-2025,DEVOLUCION,STARKEN,256943616,ATACAMA,VALLENAR,28900,,7990,7520.8,7520.8,10-11-2025,RECHAZADO POR CLIENTE,"Moda, Belleza, Otro"
4571142,08-11-2025,ENTREGADO,BLUE,2147707774,BIO - BIO,SAN PEDRO DE LA PAZ,53980,25252.38,21000,7727.62,0,11-11-2025,,"Salud, Bienestar"
4570180,08-11-2025,DEVOLUCION,STARKEN,256931175,COQUIMBO,COQUIMBO,26900,,7000,6783,6783,10-11-2025,RECHAZADO POR CLIENTE,"Belleza, Hogar, Otro"
4569931,08-11-2025,ENTREGADO,STARKEN,256943733,METROPOLITANA DE SANTIAGO,SAN BERNARDO,28900,15436,7990,5474,0,10-11-2025,,"Moda, Belleza, Otro"
4568984,08-11-2025,ENTREGADO,STARKEN,256956141,COQUIMBO,LA SERENA,26990,13207,7000,6783,0,10-11-2025,,"Salud, Bienestar"
4568143,08-11-2025,DEVOLUCION,STARKEN,257034939,VALPARAISO,QUILPUE,26990,,7000,6426,6426,11-11-2025,RECHAZADO POR CLIENTE,"Salud, Bienestar"
4567846,08-11-2025,ENTREGADO,STARKEN,256944172,COQUIMBO,LA SERENA,28900,14127,7990,6783,0,10-11-2025,,"Moda, Belleza, Otro"
4566920,08-11-2025,ENTREGADO,BLUE,2147497671,ATACAMA,EL SALVADOR,26900,9508.08,7000,10391.91,0,10-11-2025,,"Belleza, Hogar, Otro"
4565793,08-11-2025,ENTREGADO,STARKEN,256944459,ANTOFAGASTA,CALAMA,43350,20111,15980,7259,0,10-11-2025,,"Moda, Belleza, Otro"
4565790,08-11-2025,CANCELADO,STARKEN,,METROPOLITANA DE SANTIAGO,QUINTA NORMAL,43350,,15980,5474,0,10-11-2025,,"Moda, Belleza, Otro"
4564204,07-11-2025,ENTREGADO,STARKEN,256944551,ATACAMA,COPIAPO,28900,14127,7990,6783,0,10-11-2025,,"Moda, Belleza, Otro"
4562618,07-11-2025,ENTREGADO,STARKEN,257034806,COQUIMBO,COQUIMBO,28900,14127,7990,6783,0,11-11-2025,,"Moda, Belleza, Otro"
4562037,07-11-2025,ENTREGADO,STARKEN,256931419,LOS LAGOS,PUERTO MONTT,26900,13057.5,7000,6842.5,0,10-11-2025,,"Belleza, Hogar, Otro"
4561607,07-11-2025,ENTREGADO,STARKEN,256944704,METROPOLITANA DE SANTIAGO,PENALOLEN,28900,15436,7990,5474,0,10-11-2025,,"Moda, Belleza, Otro"
4560061,07-11-2025,ENTREGADO,STARKEN,256854149,METROPOLITANA DE SANTIAGO,MELIPILLA,28900,14246,7990,6664,0,10-11-2025,,"Moda, Belleza, Otro"
4558809,07-11-2025,DEVOLUCION,STARKEN,256854233,LOS LAGOS,PUERTO MONTT,28900,,7990,6842.5,6842.5,10-11-2025,RECHAZADO POR CLIENTE,"Moda, Belleza, Otro"
4558739,07-11-2025,DEVOLUCION,STARKEN,256854242,COQUIMBO,LA SERENA,28900,,7990,6783,6783,10-11-2025,,"Moda, Belleza, Otro"
4558551,07-11-2025,CANCELADO,STARKEN,,METROPOLITANA DE SANTIAGO,SAN JOAQUIN,28900,,7990,5474,0,07-11-2025,,"Moda, Belleza, Otro"
4558494,07-11-2025,ENTREGADO,STARKEN,256854248,LOS LAGOS,OSORNO,28900,14067.5,7990,6842.5,0,10-11-2025,,"Moda, Belleza, Otro"
4557764,07-11-2025,ENTREGADO,STARKEN,256854276,METROPOLITANA DE SANTIAGO,LO ESPEJO,28900,15436,7990,5474,0,10-11-2025,,"Moda, Belleza, Otro"
4555609,06-11-2025,ENTREGADO,STARKEN,256854360,COQUIMBO,OVALLE,28900,14127,7990,6783,0,10-11-2025,,"Moda, Belleza, Otro"
4555420,06-11-2025,ENTREGADO,STARKEN,256854361,METROPOLITANA DE SANTIAGO,MAIPU,28900,15436,7990,5474,0,10-11-2025,,"Moda, Belleza, Otro"
4554174,06-11-2025,DEVOLUCION,STARKEN,256854369,METROPOLITANA DE SANTIAGO,SAN BERNARDO,28900,,7990,5474,5474,10-11-2025,RECHAZADO POR CLIENTE,"Moda, Belleza, Otro"
4553722,06-11-2025,ENTREGADO,STARKEN,257034848,METROPOLITANA DE SANTIAGO,BUIN,28900,14960,7990,5950,0,11-11-2025,,"Moda, Belleza, Otro"
4552928,06-11-2025,DEVOLUCION,STARKEN,256854442,METROPOLITANA DE SANTIAGO,PADRE HURTADO,28900,,7990,5950,5950,10-11-2025,,"Moda, Belleza, Otro"
4552862,06-11-2025,DEVOLUCION,STARKEN,256782800,METROPOLITANA DE SANTIAGO,QUILICURA,20990,,3900,5474,5474,07-11-2025,RECHAZADO POR CLIENTE,"Cocina, Hogar, Otro"
4552664,06-11-2025,ENTREGADO,STARKEN,256782773,ATACAMA,COPIAPO,20990,10307,3900,6783,0,07-11-2025,,"Cocina, Hogar, Otro"
4552591,06-11-2025,DEVOLUCION,STARKEN,256782835,ATACAMA,TIERRA AMARILLA,20990,,3900,7520.8,7520.8,07-11-2025,,"Cocina, Hogar, Otro"
4552544,06-11-2025,ENTREGADO,STARKEN,256782846,METROPOLITANA DE SANTIAGO,ESTACION CENTRAL,28900,15436,7990,5474,0,07-11-2025,,"Moda, Belleza, Otro"
4551743,06-11-2025,DEVOLUCION,STARKEN,256782893,VALPARAISO,VINA DEL MAR,28900,,7990,6426,6426,07-11-2025,RECHAZADO POR CLIENTE,"Moda, Belleza, Otro"
4551742,06-11-2025,CANCELADO,STARKEN,,LIBERTADOR GENERAL BERNARDO O`HIGGINS,SAN FERNANDO,43350,,15980,6426,0,06-11-2025,,"Moda, Belleza, Otro"
4551071,06-11-2025,DEVOLUCION,STARKEN,256782941,LIBERTADOR GENERAL BERNARDO O`HIGGINS,SAN FERNANDO,28900,,7990,6426,6426,07-11-2025,,"Moda, Belleza, Otro"
4550830,06-11-2025,ENTREGADO,STARKEN,256782977,ANTOFAGASTA,ANTOFAGASTA,28900,13651,7990,7259,0,07-11-2025,,"Moda, Belleza, Otro"
4550479,06-11-2025,ENTREGADO,STARKEN,256795988,ANTOFAGASTA,CALAMA,26990,12731,7000,7259,0,07-11-2025,,"Salud, Bienestar"
4547982,06-11-2025,DEVOLUCION,STARKEN,256796157,LOS LAGOS,PUERTO MONTT,26990,,7000,6842.5,6842.5,07-11-2025,RECHAZADO POR CLIENTE,"Salud, Bienestar"
4547308,05-11-2025,CANCELADO,STARKEN,,MAULE,TALCA,43350,,15980,6842.5,0,05-11-2025,,"Moda, Belleza, Otro"
4547265,05-11-2025,ENTREGADO,STARKEN,256708909,MAULE,TALCA,28900,14067.5,7990,6842.5,0,06-11-2025,,"Moda, Belleza, Otro"
4544768,05-11-2025,ENTREGADO,STARKEN,256709059,METROPOLITANA DE SANTIAGO,LA PINTANA,28900,15436,7990,5474,0,06-11-2025,,"Moda, Belleza, Otro"
4544538,05-11-2025,ENTREGADO,STARKEN,256709100,METROPOLITANA DE SANTIAGO,SANTIAGO,43350,21896,15980,5474,0,06-11-2025,,"Moda, Belleza, Otro"
4543779,05-11-2025,PENDIENTE CONFIRMACION,STARKEN,,METROPOLITANA DE SANTIAGO,COLINA,28900,,7990,5950,0,05-11-2025,,"Moda, Belleza, Otro"
4542209,05-11-2025,DEVOLUCION,STARKEN,256687385,BIO - BIO,LOS ANGELES,26990,,7000,6842.5,6842.5,06-11-2025,RECHAZADO POR CLIENTE,"Salud, Bienestar"
4541182,05-11-2025,DEVOLUCION,STARKEN,256687372,BIO - BIO,TALCAHUANO,26990,,7000,6842.5,6842.5,06-11-2025,RECHAZADO POR CLIENTE,"Salud, Bienestar"
4538588,05-11-2025,DEVOLUCION,STARKEN,256687373,BIO - BIO,LOS ANGELES,26990,,7000,6842.5,6842.5,06-11-2025,RECHAZADO POR CLIENTE,"Salud, Bienestar"
4537759,04-11-2025,DEVOLUCION,STARKEN,256675139,VALPARAISO,QUILPUE,26990,,7000,6426,6426,07-11-2025,RECHAZADO POR CLIENTE,"Salud, Bienestar"
4536627,04-11-2025,ENTREGADO,STARKEN,256625697,METROPOLITANA DE SANTIAGO,PEDRO AGUIRRE CERDA,28900,15436,7990,5474,0,05-11-2025,,"Moda, Belleza, Otro"
4534133,04-11-2025,ENTREGADO,STARKEN,256675455,COQUIMBO,LA SERENA,26990,13207,7000,6783,0,07-11-2025,,"Salud, Bienestar"
4532081,04-11-2025,ENTREGADO,STARKEN,256626167,VALPARAISO,VINA DEL MAR,28900,14484,7990,6426,0,05-11-2025,,"Moda, Belleza, Otro"
4530786,04-11-2025,ENTREGADO,STARKEN,256626276,METROPOLITANA DE SANTIAGO,LAS CONDES,28900,15436,7990,5474,0,05-11-2025,,"Moda, Belleza, Otro"
4529587,04-11-2025,ENTREGADO,STARKEN,256709748,VALPARAISO,LOS ANDES,28900,14484,7990,6426,0,06-11-2025,,"Moda, Belleza, Otro"
4528985,03-11-2025,DEVOLUCION,STARKEN,256565064,VALPARAISO,VALPARAISO,20990,,3200,6426,6426,04-11-2025,RECHAZADO POR CLIENTE,"Moda, Belleza"
4528962,03-11-2025,ENTREGADO,STARKEN,256565067,LIBERTADOR GENERAL BERNARDO O`HIGGINS,RENGO,19900,10474,3000,6426,0,04-11-2025,,"Belleza, Salud, Bienestar"
4528940,03-11-2025,DEVOLUCION,STARKEN,256546541,METROPOLITANA DE SANTIAGO,SAN MIGUEL,28900,,7990,5474,5474,05-11-2025,NO SE UBICA DESTINATARIO,"Moda, Belleza, Otro"
4528906,03-11-2025,ENTREGADO,STARKEN,256549567,ARAUCANIA,TOLTEN,26990,11267.3,7000,8722.7,0,05-11-2025,,"Salud, Bienestar"
4528452,03-11-2025,ENTREGADO,STARKEN,256546585,VALPARAISO,LIMACHE,28900,13817.6,7990,7092.4,0,05-11-2025,,"Moda, Belleza, Otro"
4527619,03-11-2025,PENDIENTE CONFIRMACION,STARKEN,,LIBERTADOR GENERAL BERNARDO O`HIGGINS,QUINTA DE TILCOCO,43350,,15980,8092,0,03-11-2025,,"Moda, Belleza, Otro"
4527065,03-11-2025,DEVOLUCION,STARKEN,256549646,LOS LAGOS,OSORNO,26990,,7000,6842.5,6842.5,05-11-2025,RECHAZADO POR CLIENTE,"Salud, Bienestar"
4526651,03-11-2025,PENDIENTE CONFIRMACION,STARKEN,,VALPARAISO,LIMACHE,40485,,14000,7092.4,0,03-11-2025,,"Salud, Bienestar"
4525762,03-11-2025,DEVOLUCION,STARKEN,256546907,METROPOLITANA DE SANTIAGO,SANTIAGO,28900,,7990,5474,5474,05-11-2025,NO SE UBICA DESTINATARIO,"Moda, Belleza, Otro"
4524915,03-11-2025,DEVOLUCION,BLUE,2143891816,BIO - BIO,ALTO BIOBIO,20990,,3200,10027.77,10027.77,04-11-2025,DESTINATARIO RECHAZA ENTREGA,"Moda, Belleza"
4524476,03-11-2025,ENTREGADO,STARKEN,256549925,LIBERTADOR GENERAL BERNARDO O`HIGGINS,RANCAGUA,40485,20059,14000,6426,0,05-11-2025,,"Salud, Bienestar"
4523963,03-11-2025,ENTREGADO,STARKEN,256626330,METROPOLITANA DE SANTIAGO,RENCA,28900,15436,7990,5474,0,05-11-2025,,"Moda, Belleza, Otro"
4523941,03-11-2025,CANCELADO,STARKEN,,METROPOLITANA DE SANTIAGO,RENCA,43350,,15980,5474,0,03-11-2025,,"Moda, Belleza, Otro"
4523796,03-11-2025,DEVOLUCION,STARKEN,256854483,VALPARAISO,VALPARAISO,28900,,7990,6426,6426,10-11-2025,,"Moda, Belleza, Otro"
4523360,03-11-2025,ENTREGADO,STARKEN,256565327,VALPARAISO,CONCON,20990,10764,3800,6426,0,04-11-2025,,"Moda, Belleza"
4523313,03-11-2025,ENTREGADO,STARKEN,256547057,MAULE,PARRAL,28900,13317.8,7990,7592.2,0,05-11-2025,,"Moda, Belleza, Otro"
4523261,03-11-2025,CANCELADO,STARKEN,,MAULE,PARRAL,28900,,7990,7592.2,0,03-11-2025,,"Moda, Belleza, Otro"
4522645,03-11-2025,ENTREGADO,STARKEN,256454918,METROPOLITANA DE SANTIAGO,PROVIDENCIA,20990,11716,3800,5474,0,03-11-2025,,"Moda, Belleza"
4522280,03-11-2025,DEVOLUCION,STARKEN,256464464,BIO - BIO,LEBU,40485,,14000,6842.5,6842.5,03-11-2025,RECHAZADO POR CLIENTE,"Salud, Bienestar"
4522050,03-11-2025,DEVOLUCION,STARKEN,256457163,VALPARAISO,SAN ANTONIO,28900,,7990,6426,6426,03-11-2025,NO SE UBICA DESTINATARIO,"Moda, Belleza, Otro"
4521178,03-11-2025,DEVOLUCION,STARKEN,256709759,ÑUBLE,CHILLAN,28900,,7990,6842.5,6842.5,06-11-2025,RECHAZADO POR CLIENTE,"Moda, Belleza, Otro"
4521175,03-11-2025,CANCELADO,STARKEN,,ÑUBLE,CHILLAN,43350,,15980,6842.5,0,05-11-2025,,"Moda, Belleza, Otro"
4521171,03-11-2025,CANCELADO,STARKEN,,ÑUBLE,CHILLAN,57800,,23970,6842.5,0,05-11-2025,,"Moda, Belleza, Otro"
4520046,03-11-2025,DEVOLUCION,STARKEN,256458926,MAULE,CURICO,28900,,7990,6842.5,6842.5,03-11-2025,DIRECCION INCORRECTA,"Moda, Belleza, Otro"
4519398,02-11-2025,DEVOLUCION,STARKEN,256458903,VALPARAISO,QUILLOTA,43350,,15980,6426,6426,03-11-2025,RECHAZADO POR CLIENTE,"Moda, Belleza, Otro"
4519231,02-11-2025,ENTREGADO,STARKEN,256457296,ANTOFAGASTA,CALAMA,43350,20111,15980,7259,0,03-11-2025,,"Moda, Belleza, Otro"
4518665,02-11-2025,DEVOLUCION,STARKEN,256455499,MAULE,VICHUQUEN,28900,,7990,8722.7,8722.7,03-11-2025,RECHAZADO POR CLIENTE,"Moda, Belleza, Otro"
4515058,02-11-2025,ENTREGADO,STARKEN,256455845,METROPOLITANA DE SANTIAGO,TILTIL,43350,20706,15980,6664,0,03-11-2025,,"Moda, Belleza, Otro"
4515048,02-11-2025,DEVOLUCION,STARKEN,256455854,METROPOLITANA DE SANTIAGO,LAMPA,28900,,7990,5950,5950,03-11-2025,RECHAZADO POR CLIENTE,"Moda, Belleza, Otro"
4514537,02-11-2025,DEVOLUCION,STARKEN,256455921,METROPOLITANA DE SANTIAGO,QUINTA NORMAL,43350,,15980,5474,5474,03-11-2025,NO SE UBICA DESTINATARIO,"Moda, Belleza, Otro"
4514320,02-11-2025,ENTREGADO,STARKEN,256455994,METROPOLITANA DE SANTIAGO,INDEPENDENCIA,28900,15436,7990,5474,0,03-11-2025,,"Moda, Belleza, Otro"
4513612,02-11-2025,ENTREGADO,STARKEN,256457350,LIBERTADOR GENERAL BERNARDO O`HIGGINS,RANCAGUA,28900,14484,7990,6426,0,03-11-2025,,"Moda, Belleza, Otro"
4513401,02-11-2025,ENTREGADO,STARKEN,256469723,LIBERTADOR GENERAL BERNARDO O`HIGGINS,CHIMBARONGO,40485,19392.6,14000,7092.4,0,05-11-2025,,"Salud, Bienestar"
4513163,02-11-2025,DEVOLUCION,BLUE,2142919741,METROPOLITANA DE SANTIAGO,PUENTE ALTO,28900,,7990,5785.54,5785.54,03-11-2025,,"Moda, Belleza, Otro"
4512392,02-11-2025,ENTREGADO,STARKEN,256456410,COQUIMBO,SALAMANCA,28900,13389.2,7990,7520.8,0,03-11-2025,,"Moda, Belleza, Otro"
4512321,02-11-2025,DEVOLUCION,STARKEN,256456467,METROPOLITANA DE SANTIAGO,BUIN,43350,,15980,5950,5950,03-11-2025,RECHAZADO POR CLIENTE,"Moda, Belleza, Otro"
4512113,02-11-2025,DEVOLUCION,STARKEN,256456498,VALPARAISO,CATEMU,28900,,7990,7092.4,7092.4,03-11-2025,RECHAZADO POR CLIENTE,"Moda, Belleza, Otro"
4511385,02-11-2025,DEVOLUCION,STARKEN,256456531,VALPARAISO,SAN ANTONIO,28900,,7990,6426,6426,03-11-2025,NO SE UBICA DESTINATARIO,"Moda, Belleza, Otro"
4510856,02-11-2025,DEVOLUCION,STARKEN,256456629,METROPOLITANA DE SANTIAGO,SAN BERNARDO,57800,,23970,5474,5474,03-11-2025,RECHAZADO PRODUCTO FALTANTE,"Moda, Belleza, Otro"
4510623,02-11-2025,CANCELADO,STARKEN,,VALPARAISO,EL TABO,28900,,7990,7092.4,0,02-11-2025,,"Moda, Belleza, Otro"
4510613,02-11-2025,NOVEDAD,STARKEN,256456672,VALPARAISO,EL TABO,43350,,15980,7092.4,0,03-11-2025,RECHAZADO POR CLIENTE,"Moda, Belleza, Otro"
4510418,02-11-2025,ENTREGADO,STARKEN,256456692,METROPOLITANA DE SANTIAGO,PENALOLEN,28900,15436,7990,5474,0,03-11-2025,,"Moda, Belleza, Otro"
4510250,02-11-2025,PENDIENTE CONFIRMACION,STARKEN,,LOS RIOS,VALDIVIA,40485,,14000,6842.5,0,02-11-2025,,"Salud, Bienestar"
4510084,02-11-2025,ENTREGADO,STARKEN,256456746,ANTOFAGASTA,CALAMA,28900,13651,7990,7259,0,03-11-2025,,"Moda, Belleza, Otro"
4508772,01-11-2025,ENTREGADO,STARKEN,256456852,METROPOLITANA DE SANTIAGO,MAIPU,28900,15436,7990,5474,0,03-11-2025,,"Moda, Belleza, Otro"
4507473,01-11-2025,DEVOLUCION,STARKEN,256457033,LIBERTADOR GENERAL BERNARDO O`HIGGINS,GRANEROS,28900,,7990,7092.4,7092.4,03-11-2025,RECHAZADO POR CLIENTE,"Moda, Belleza, Otro"
4507110,01-11-2025,NOVEDAD SOLUCIONADA,STARKEN,256457336,ANTOFAGASTA,ANTOFAGASTA,43350,,15980,7259,0,03-11-2025,RECHAZADO POR CLIENTE,"Moda, Belleza, Otro"
4506735,01-11-2025,CANCELADO,STARKEN,,METROPOLITANA DE SANTIAGO,MAIPU,43350,,15980,5474,0,01-11-2025,,"Moda, Belleza, Otro"
4506707,01-11-2025,CANCELADO,STARKEN,,METROPOLITANA DE SANTIAGO,MAIPU,43350,,15980,5474,0,01-11-2025,,"Moda, Belleza, Otro"
4506246,01-11-2025,ENTREGADO,STARKEN,256457463,ANTOFAGASTA,ANTOFAGASTA,43350,20111,15980,7259,0,03-11-2025,,"Moda, Belleza, Otro"
4504721,01-11-2025,ENTREGADO,STARKEN,256469926,VALPARAISO,PUCHUNCAVI,26990,12897.6,7000,7092.4,0,04-11-2025,,"Salud, Bienestar"
4504091,01-11-2025,DEVOLUCION,STARKEN,256457767,METROPOLITANA DE SANTIAGO,PAINE,43350,,15980,5950,5950,03-11-2025,RECHAZADO POR CLIENTE,"Moda, Belleza, Otro"
4503612,01-11-2025,ENTREGADO,STARKEN,256457837,BIO - BIO,CONCEPCION,28900,14067.5,7990,6842.5,0,03-11-2025,,"Moda, Belleza, Otro"
4503041,01-11-2025,DEVOLUCION,STARKEN,256470086,VALPARAISO,QUILLOTA,40485,,14000,6426,6426,04-11-2025,RECHAZADO POR CLIENTE,"Salud, Bienestar"
4502477,01-11-2025,DEVOLUCION,STARKEN,256457934,LOS LAGOS,PUERTO MONTT,28900,,7990,6842.5,6842.5,03-11-2025,RECHAZADO POR CLIENTE,"Moda, Belleza, Otro"
4502129,01-11-2025,DEVOLUCION,STARKEN,256457997,LOS LAGOS,PUERTO MONTT,43350,,15980,6842.5,6842.5,03-11-2025,RECHAZADO POR CLIENTE,"Moda, Belleza, Otro"
